/* Autogenerated with /mnt/d/work/projs/al_openocd/src/helper/bin2char.sh */
0x73,0x10,0x40,0x30,0x73,0x70,0x04,0x7d,0x97,0xc2,0x00,0x00,0x93,0x82,0x02,0x44,
0x23,0xb0,0xa2,0x00,0x23,0xb4,0xb2,0x00,0x23,0xb8,0xc2,0x00,0x23,0xbc,0xd2,0x00,
0x23,0xb0,0xe2,0x02,0x23,0xb4,0xf2,0x02,0x23,0xb8,0x02,0x03,0x23,0xbc,0x12,0x03,
0x97,0xd1,0x00,0x00,0x93,0x81,0x01,0xeb,0x17,0xf1,0x03,0x00,0x13,0x01,0x81,0xfc,
0x97,0x02,0x00,0x00,0x93,0x82,0x02,0x0c,0x73,0x90,0x72,0x30,0x85,0x42,0x73,0xa0,
0xa2,0x7c,0xc1,0x62,0x73,0xa0,0xa2,0x7c,0xa1,0x42,0x73,0xb0,0x02,0x7d,0x97,0x62,
0x00,0x00,0x93,0x82,0x22,0xf2,0x73,0x90,0x52,0x30,0xef,0x60,0xc0,0x20,0x17,0x05,
0x00,0x00,0x13,0x05,0xa5,0x4a,0x97,0x05,0x00,0x00,0x93,0x85,0x25,0x4a,0x63,0x00,
0xb5,0x02,0x17,0xc6,0x00,0x00,0x13,0x06,0x66,0x0a,0x63,0xfa,0xc5,0x00,0x83,0x22,
0x05,0x00,0x23,0xa0,0x55,0x00,0x11,0x05,0x91,0x05,0xe3,0xea,0xc5,0xfe,0x17,0xc5,
0x00,0x00,0x13,0x05,0xa5,0x08,0x97,0xc5,0x00,0x00,0x93,0x85,0x25,0x08,0x13,0x86,
0x01,0x8a,0x63,0xfa,0xc5,0x00,0x83,0x22,0x05,0x00,0x23,0xa0,0x55,0x00,0x11,0x05,
0x91,0x05,0xe3,0xea,0xc5,0xfe,0xef,0x50,0x50,0x67,0x17,0x65,0x00,0x00,0x13,0x05,
0x65,0x1f,0xef,0x60,0x80,0x1d,0xef,0x60,0x00,0x22,0xef,0x00,0x70,0x5c,0xef,0x00,
0x40,0x01,0x01,0x45,0x81,0x45,0xef,0x00,0xd0,0x52,0xef,0x00,0x60,0x45,0x02,0x90,
0x01,0xa0,0x01,0x00,0x82,0x80,0x00,0x00,0x00,0x00,0x00,0x00,0x00,0x00,0x00,0x00,
0x74,0x62,0x00,0x61,0x00,0x00,0x00,0x00,0x74,0x62,0x00,0x61,0x00,0x00,0x00,0x00,
0x74,0x62,0x00,0x61,0x00,0x00,0x00,0x00,0x74,0x62,0x00,0x61,0x00,0x00,0x00,0x00,
0x74,0x62,0x00,0x61,0x00,0x00,0x00,0x00,0x74,0x62,0x00,0x61,0x00,0x00,0x00,0x00,
0x74,0x62,0x00,0x61,0x00,0x00,0x00,0x00,0x74,0x62,0x00,0x61,0x00,0x00,0x00,0x00,
0x74,0x62,0x00,0x61,0x00,0x00,0x00,0x00,0x74,0x62,0x00,0x61,0x00,0x00,0x00,0x00,
0x74,0x62,0x00,0x61,0x00,0x00,0x00,0x00,0x74,0x62,0x00,0x61,0x00,0x00,0x00,0x00,
0x74,0x62,0x00,0x61,0x00,0x00,0x00,0x00,0x74,0x62,0x00,0x61,0x00,0x00,0x00,0x00,
0x74,0x62,0x00,0x61,0x00,0x00,0x00,0x00,0x74,0x62,0x00,0x61,0x00,0x00,0x00,0x00,
0x74,0x62,0x00,0x61,0x00,0x00,0x00,0x00,0x74,0x62,0x00,0x61,0x00,0x00,0x00,0x00,
0x74,0x62,0x00,0x61,0x00,0x00,0x00,0x00,0x74,0x62,0x00,0x61,0x00,0x00,0x00,0x00,
0x74,0x62,0x00,0x61,0x00,0x00,0x00,0x00,0x74,0x62,0x00,0x61,0x00,0x00,0x00,0x00,
0x74,0x62,0x00,0x61,0x00,0x00,0x00,0x00,0x74,0x62,0x00,0x61,0x00,0x00,0x00,0x00,
0x74,0x62,0x00,0x61,0x00,0x00,0x00,0x00,0x74,0x62,0x00,0x61,0x00,0x00,0x00,0x00,
0x74,0x62,0x00,0x61,0x00,0x00,0x00,0x00,0x74,0x62,0x00,0x61,0x00,0x00,0x00,0x00,
0x74,0x62,0x00,0x61,0x00,0x00,0x00,0x00,0x74,0x62,0x00,0x61,0x00,0x00,0x00,0x00,
0x74,0x62,0x00,0x61,0x00,0x00,0x00,0x00,0x74,0x62,0x00,0x61,0x00,0x00,0x00,0x00,
0x74,0x62,0x00,0x61,0x00,0x00,0x00,0x00,0x74,0x62,0x00,0x61,0x00,0x00,0x00,0x00,
0x74,0x62,0x00,0x61,0x00,0x00,0x00,0x00,0x74,0x62,0x00,0x61,0x00,0x00,0x00,0x00,
0x74,0x62,0x00,0x61,0x00,0x00,0x00,0x00,0x74,0x62,0x00,0x61,0x00,0x00,0x00,0x00,
0x74,0x62,0x00,0x61,0x00,0x00,0x00,0x00,0x74,0x62,0x00,0x61,0x00,0x00,0x00,0x00,
0x74,0x62,0x00,0x61,0x00,0x00,0x00,0x00,0x74,0x62,0x00,0x61,0x00,0x00,0x00,0x00,
0x74,0x62,0x00,0x61,0x00,0x00,0x00,0x00,0x74,0x62,0x00,0x61,0x00,0x00,0x00,0x00,
0x74,0x62,0x00,0x61,0x00,0x00,0x00,0x00,0x74,0x62,0x00,0x61,0x00,0x00,0x00,0x00,
0x74,0x62,0x00,0x61,0x00,0x00,0x00,0x00,0x74,0x62,0x00,0x61,0x00,0x00,0x00,0x00,
0x74,0x62,0x00,0x61,0x00,0x00,0x00,0x00,0x74,0x62,0x00,0x61,0x00,0x00,0x00,0x00,
0x74,0x62,0x00,0x61,0x00,0x00,0x00,0x00,0x74,0x62,0x00,0x61,0x00,0x00,0x00,0x00,
0x74,0x62,0x00,0x61,0x00,0x00,0x00,0x00,0x74,0x62,0x00,0x61,0x00,0x00,0x00,0x00,
0x74,0x62,0x00,0x61,0x00,0x00,0x00,0x00,0x74,0x62,0x00,0x61,0x00,0x00,0x00,0x00,
0x74,0x62,0x00,0x61,0x00,0x00,0x00,0x00,0x74,0x62,0x00,0x61,0x00,0x00,0x00,0x00,
0x74,0x62,0x00,0x61,0x00,0x00,0x00,0x00,0x74,0x62,0x00,0x61,0x00,0x00,0x00,0x00,
0x74,0x62,0x00,0x61,0x00,0x00,0x00,0x00,0x74,0x62,0x00,0x61,0x00,0x00,0x00,0x00,
0x74,0x62,0x00,0x61,0x00,0x00,0x00,0x00,0x74,0x62,0x00,0x61,0x00,0x00,0x00,0x00,
0x74,0x62,0x00,0x61,0x00,0x00,0x00,0x00,0x74,0x62,0x00,0x61,0x00,0x00,0x00,0x00,
0x74,0x62,0x00,0x61,0x00,0x00,0x00,0x00,0x74,0x62,0x00,0x61,0x00,0x00,0x00,0x00,
0x74,0x62,0x00,0x61,0x00,0x00,0x00,0x00,0x74,0x62,0x00,0x61,0x00,0x00,0x00,0x00,
0x74,0x62,0x00,0x61,0x00,0x00,0x00,0x00,0x74,0x62,0x00,0x61,0x00,0x00,0x00,0x00,
0x74,0x62,0x00,0x61,0x00,0x00,0x00,0x00,0x74,0x62,0x00,0x61,0x00,0x00,0x00,0x00,
0x74,0x62,0x00,0x61,0x00,0x00,0x00,0x00,0x74,0x62,0x00,0x61,0x00,0x00,0x00,0x00,
0x74,0x62,0x00,0x61,0x00,0x00,0x00,0x00,0x74,0x62,0x00,0x61,0x00,0x00,0x00,0x00,
0x74,0x62,0x00,0x61,0x00,0x00,0x00,0x00,0x74,0x62,0x00,0x61,0x00,0x00,0x00,0x00,
0x74,0x62,0x00,0x61,0x00,0x00,0x00,0x00,0x74,0x62,0x00,0x61,0x00,0x00,0x00,0x00,
0x74,0x62,0x00,0x61,0x00,0x00,0x00,0x00,0x74,0x62,0x00,0x61,0x00,0x00,0x00,0x00,
0x74,0x62,0x00,0x61,0x00,0x00,0x00,0x00,0x74,0x62,0x00,0x61,0x00,0x00,0x00,0x00,
0x74,0x62,0x00,0x61,0x00,0x00,0x00,0x00,0x74,0x62,0x00,0x61,0x00,0x00,0x00,0x00,
0x74,0x62,0x00,0x61,0x00,0x00,0x00,0x00,0x74,0x62,0x00,0x61,0x00,0x00,0x00,0x00,
0x74,0x62,0x00,0x61,0x00,0x00,0x00,0x00,0x74,0x62,0x00,0x61,0x00,0x00,0x00,0x00,
0x74,0x62,0x00,0x61,0x00,0x00,0x00,0x00,0x74,0x62,0x00,0x61,0x00,0x00,0x00,0x00,
0x74,0x62,0x00,0x61,0x00,0x00,0x00,0x00,0x74,0x62,0x00,0x61,0x00,0x00,0x00,0x00,
0x74,0x62,0x00,0x61,0x00,0x00,0x00,0x00,0x74,0x62,0x00,0x61,0x00,0x00,0x00,0x00,
0x74,0x62,0x00,0x61,0x00,0x00,0x00,0x00,0x74,0x62,0x00,0x61,0x00,0x00,0x00,0x00,
0x74,0x62,0x00,0x61,0x00,0x00,0x00,0x00,0x74,0x62,0x00,0x61,0x00,0x00,0x00,0x00,
0x74,0x62,0x00,0x61,0x00,0x00,0x00,0x00,0x74,0x62,0x00,0x61,0x00,0x00,0x00,0x00,
0x74,0x62,0x00,0x61,0x00,0x00,0x00,0x00,0x74,0x62,0x00,0x61,0x00,0x00,0x00,0x00,
0x74,0x62,0x00,0x61,0x00,0x00,0x00,0x00,0x74,0x62,0x00,0x61,0x00,0x00,0x00,0x00,
0x74,0x62,0x00,0x61,0x00,0x00,0x00,0x00,0x74,0x62,0x00,0x61,0x00,0x00,0x00,0x00,
0x74,0x62,0x00,0x61,0x00,0x00,0x00,0x00,0x74,0x62,0x00,0x61,0x00,0x00,0x00,0x00,
0x74,0x62,0x00,0x61,0x00,0x00,0x00,0x00,0x74,0x62,0x00,0x61,0x00,0x00,0x00,0x00,
0x74,0x62,0x00,0x61,0x00,0x00,0x00,0x00,0x74,0x62,0x00,0x61,0x00,0x00,0x00,0x00,
0x74,0x62,0x00,0x61,0x00,0x00,0x00,0x00,0x74,0x62,0x00,0x61,0x00,0x00,0x00,0x00,
0x74,0x62,0x00,0x61,0x00,0x00,0x00,0x00,0x74,0x62,0x00,0x61,0x00,0x00,0x00,0x00,
0x74,0x62,0x00,0x61,0x00,0x00,0x00,0x00,0x74,0x62,0x00,0x61,0x00,0x00,0x00,0x00,
0x74,0x62,0x00,0x61,0x00,0x00,0x00,0x00,0x74,0x62,0x00,0x61,0x00,0x00,0x00,0x00,
0x74,0x62,0x00,0x61,0x00,0x00,0x00,0x00,0x74,0x62,0x00,0x61,0x00,0x00,0x00,0x00,
0x74,0x62,0x00,0x61,0x00,0x00,0x00,0x00,0x74,0x62,0x00,0x61,0x00,0x00,0x00,0x00,
0x74,0x62,0x00,0x61,0x00,0x00,0x00,0x00,0x74,0x62,0x00,0x61,0x00,0x00,0x00,0x00,
0x74,0x62,0x00,0x61,0x00,0x00,0x00,0x00,0x00,0x00,0x00,0x00,0x00,0x00,0x00,0x00,
0x00,0x00,0x00,0x00,0x00,0x00,0x00,0x00,0x00,0x00,0x00,0x00,0x00,0x00,0x00,0x00,
0x00,0x00,0x00,0x00,0x00,0x00,0x00,0x00,0x00,0x00,0x00,0x00,0x00,0x00,0x00,0x00,
0x97,0xc7,0x00,0x00,0x93,0x87,0x87,0xf0,0x98,0x63,0x98,0x6b,0x85,0x65,0x1d,0x71,
0x23,0xa2,0xe1,0x8a,0x9c,0x6f,0x93,0x85,0x05,0x40,0x13,0x05,0x00,0x04,0xa2,0xe8,
0x86,0xec,0xa6,0xe4,0xca,0xe0,0x4e,0xfc,0x52,0xf8,0x56,0xf4,0x5a,0xf0,0x5e,0xec,
0x62,0xe8,0x02,0xe4,0x23,0xa0,0xf1,0x8a,0xef,0x50,0xd0,0x5d,0x2a,0x84,0x81,0x46,
0x17,0xc6,0x00,0x00,0x13,0x06,0x06,0xbc,0x85,0x45,0x28,0x00,0xef,0x10,0x00,0x52,
0x11,0xcd,0xe6,0x60,0x46,0x64,0x06,0x69,0xe2,0x79,0x42,0x7a,0xa2,0x7a,0x02,0x7b,
0xe2,0x6b,0x42,0x6c,0x26,0x85,0xa6,0x64,0x25,0x61,0x82,0x80,0x05,0x45,0xef,0x00,
0x60,0x73,0x13,0x89,0x81,0x8e,0x37,0x28,0xc1,0x04,0x93,0x89,0x41,0x8a,0x93,0x8b,
0x01,0x8a,0x4a,0x85,0x13,0x8e,0x81,0xce,0x81,0x48,0x13,0x08,0x78,0xdb,0x37,0x03,
0x00,0x01,0xc6,0x87,0x21,0x47,0x9b,0x96,0x17,0x00,0x1b,0x86,0x07,0x00,0x7d,0x37,
0xb3,0x45,0xd8,0x00,0x9b,0x87,0x06,0x00,0x63,0x46,0x06,0x0c,0x6d,0xf7,0x01,0x00,
0x1c,0xc1,0x11,0x05,0xbb,0x08,0x13,0x01,0xe3,0x1d,0xae,0xfc,0x17,0xcb,0x00,0x00,
0x13,0x0b,0x4b,0x10,0x03,0x27,0x0b,0x00,0x85,0x47,0x63,0xf7,0xe7,0x0c,0x83,0xa7,
0x09,0x00,0x81,0x27,0x63,0x55,0xf0,0x0e,0xfd,0x54,0x13,0x0a,0x00,0x20,0x93,0x0a,
0x14,0x00,0x83,0xa7,0x09,0x00,0x22,0x65,0x81,0x27,0x63,0x49,0xfa,0x08,0x83,0xa7,
0x09,0x00,0x03,0xa6,0x0b,0x00,0x13,0x07,0x40,0x06,0x85,0x46,0x01,0x26,0xa2,0x85,
0x1b,0x8c,0x07,0x00,0xef,0x10,0x80,0x50,0x9b,0x07,0xfc,0xff,0x63,0x07,0x0c,0x02,
0x82,0x17,0x81,0x93,0x22,0x87,0xb3,0x85,0xfa,0x00,0x03,0x46,0x07,0x00,0x9b,0xd7,
0x84,0x01,0x9b,0x96,0x84,0x00,0xb1,0x8f,0x82,0x17,0xf9,0x83,0xca,0x97,0x84,0x43,
0x05,0x07,0xb5,0x8c,0x81,0x24,0xe3,0x92,0xe5,0xfe,0x83,0xa7,0x09,0x00,0xbb,0x87,
0x87,0x41,0x23,0xa0,0xf9,0x00,0x83,0xa7,0x0b,0x00,0x85,0x27,0x23,0xa0,0xfb,0x00,
0x83,0xa7,0x09,0x00,0x81,0x27,0xe3,0x46,0xf0,0xf8,0x03,0x27,0x0b,0x00,0x85,0x47,
0xe3,0xe9,0xe7,0xee,0xa6,0x85,0x17,0x95,0x00,0x00,0x13,0x05,0x25,0x34,0xef,0x50,
0xc0,0x7d,0xc5,0xb5,0x9b,0x87,0x05,0x00,0x19,0xff,0x15,0xbf,0x03,0xa6,0x0b,0x00,
0x13,0x07,0x40,0x06,0x85,0x46,0x01,0x26,0xa2,0x85,0xef,0x10,0x20,0x48,0x13,0x0c,
0x00,0x20,0x93,0x07,0xf0,0x1f,0xad,0xbf,0x83,0xa5,0x09,0x00,0x03,0xa6,0x0b,0x00,
0x17,0x95,0x00,0x00,0x13,0x05,0x85,0x2e,0x81,0x25,0x01,0x26,0xef,0x50,0xe0,0x79,
0x83,0xa7,0x09,0x00,0x81,0x27,0xe3,0x41,0xf0,0xf2,0xfd,0x54,0x79,0xbf,0xfd,0x54,
0x49,0xbd,0x17,0xc5,0x00,0x00,0x03,0x35,0xe5,0xfd,0x95,0x47,0x33,0x55,0xf5,0x02,
0x82,0x80,0xb7,0x07,0x03,0x68,0x88,0x63,0x82,0x80,0x15,0x47,0x97,0xc7,0x00,0x00,
0x83,0xb7,0x47,0xfc,0xb3,0xd7,0xe7,0x02,0x37,0x07,0x03,0x68,0x10,0x63,0xb7,0x06,
0x03,0x68,0x33,0x87,0xa7,0x02,0xb7,0x47,0x0f,0x00,0x93,0x87,0x07,0x24,0x33,0x57,
0xf7,0x02,0x32,0x97,0x9c,0x62,0xe3,0xef,0xe7,0xfe,0x82,0x80,0x15,0x47,0x97,0xc7,
0x00,0x00,0x83,0xb7,0x27,0xf9,0xb3,0xd7,0xe7,0x02,0x37,0x07,0x03,0x68,0x10,0x63,
0xb7,0x06,0x03,0x68,0x33,0x87,0xa7,0x02,0x93,0x07,0x80,0x3e,0x33,0x57,0xf7,0x02,
0x32,0x97,0x9c,0x62,0xe3,0xef,0xe7,0xfe,0x82,0x80,0x39,0x71,0x22,0xf8,0x26,0xf4,
0x06,0xfc,0x4a,0xf0,0x4e,0xec,0x52,0xe8,0x56,0xe4,0x80,0x00,0x97,0x07,0x00,0x00,
0x93,0x87,0xe7,0xfe,0x97,0x04,0x00,0x00,0x93,0x84,0x44,0xd8,0x63,0xc8,0x97,0x00,
0x17,0xc9,0x00,0x00,0x13,0x09,0x89,0x98,0x63,0xcb,0x27,0x01,0xe2,0x70,0x42,0x74,
0xa2,0x74,0x02,0x79,0xe2,0x69,0x42,0x6a,0xa2,0x6a,0x21,0x61,0x82,0x80,0x1c,0x08,
0xa2,0x89,0xe3,0x45,0xf4,0xfe,0x93,0x77,0x74,0x00,0xed,0xf3,0x97,0x9a,0x00,0x00,
0x93,0x8a,0xca,0x22,0x83,0xb6,0x89,0xff,0x03,0xba,0x09,0xff,0xf1,0x16,0xe3,0xc7,
0x96,0xfc,0xe3,0xd5,0x26,0xfd,0xce,0x85,0x52,0x86,0x56,0x85,0xef,0x60,0x30,0x0f,
0xc1,0x09,0x93,0x77,0x7a,0x00,0xe3,0x4b,0x3a,0xfb,0xcd,0xfb,0xd2,0x89,0xd9,0xbf,
0x01,0x11,0x22,0xe8,0x2a,0x84,0x17,0x95,0x00,0x00,0x13,0x05,0xa5,0x21,0x01,0x00,
0x26,0xe4,0x06,0xec,0xae,0x84,0xef,0x60,0x90,0x22,0xa6,0x85,0x22,0x85,0xef,0xf0,
0xdf,0xf5,0x01,0xa0,0x39,0x71,0x26,0xf4,0x85,0x64,0x4a,0xf0,0x4e,0xec,0x52,0xe8,
0x56,0xe4,0x06,0xfc,0x22,0xf8,0x93,0x8a,0xf4,0xff,0x37,0x0a,0x02,0x68,0x93,0x89,
0x04,0xf0,0x17,0xc9,0x00,0x00,0x13,0x09,0x69,0x38,0x73,0x27,0x20,0x34,0x33,0x74,
0x57,0x01,0x93,0x17,0x24,0x00,0xd2,0x97,0xa6,0x97,0x83,0xc6,0x07,0x00,0x93,0xf6,
0xe6,0x0f,0x23,0x80,0xd7,0x00,0x73,0x60,0x04,0x30,0x93,0x17,0x44,0x00,0x33,0x77,
0x37,0x01,0xca,0x97,0x09,0xe7,0x98,0x63,0x19,0xc3,0x88,0x67,0x02,0x97,0x73,0x70,
0x04,0x30,0x61,0xd4,0xe2,0x70,0x42,0x74,0xa2,0x74,0x02,0x79,0xe2,0x69,0x42,0x6a,
0xa2,0x6a,0x21,0x61,0x82,0x80,0x79,0x71,0x22,0xf0,0x2e,0x84,0xaa,0x85,0x17,0x95,
0x00,0x00,0x13,0x05,0x25,0x19,0x01,0x00,0x26,0xec,0x06,0xf4,0xb2,0x84,0xef,0x60,
0x10,0x03,0xf3,0x25,0x90,0x7c,0x17,0x95,0x00,0x00,0x13,0x05,0x25,0x19,0xef,0x60,
0x10,0x02,0xf3,0x25,0x10,0x34,0x17,0x95,0x00,0x00,0x13,0x05,0xa5,0x19,0xef,0x60,
0x10,0x01,0xf3,0x25,0x30,0x34,0x17,0x95,0x00,0x00,0x13,0x05,0x25,0x1a,0xef,0x60,
0x10,0x00,0x4c,0x60,0x83,0x38,0x04,0x07,0x03,0x38,0x84,0x06,0x1c,0x70,0x18,0x6c,
0x14,0x68,0x10,0x64,0x2e,0xe4,0x28,0x7c,0x0c,0x60,0x2a,0xe0,0x17,0x95,0x00,0x00,
0x13,0x05,0x45,0x19,0xef,0x60,0xa0,0x7d,0x28,0x70,0x0c,0x74,0x3c,0x64,0x38,0x60,
0x14,0x7c,0x10,0x78,0x83,0x38,0x84,0x05,0x03,0x38,0x04,0x05,0x2a,0xe0,0x17,0x95,
0x00,0x00,0x13,0x05,0xa5,0x1d,0xef,0x60,0x80,0x7b,0xa6,0x85,0x22,0x85,0xef,0xf0,
0x3f,0xed,0x01,0xa0,0x97,0xd7,0x00,0x00,0x93,0x87,0x47,0x29,0x97,0xd6,0x00,0x00,
0x93,0x86,0x46,0x2f,0x17,0x07,0x00,0x00,0x13,0x07,0x27,0xf5,0x01,0x00,0x98,0xe3,
0xa1,0x07,0xe3,0x9d,0xd7,0xfe,0x82,0x80,0x05,0x67,0x7d,0x17,0xb3,0x77,0xe5,0x00,
0x81,0x27,0xad,0x46,0x63,0xe4,0xf6,0x02,0x13,0x97,0x07,0x02,0x93,0x57,0xd7,0x01,
0x17,0xd7,0x00,0x00,0x13,0x07,0x87,0x25,0xba,0x97,0x94,0x63,0x9d,0xc2,0x41,0x11,
0x06,0xe4,0x82,0x96,0xa2,0x60,0x01,0x45,0x41,0x01,0x82,0x80,0x97,0x06,0x00,0x00,
0x93,0x86,0xa6,0xf0,0xe3,0x95,0xe7,0xfe,0x97,0xd6,0x00,0x00,0x83,0xb6,0x06,0x29,
0xf9,0xfe,0x01,0x45,0x82,0x80,0x37,0x07,0x02,0x68,0xa3,0x05,0x07,0x00,0x5c,0x43,
0x83,0x46,0x07,0x00,0x9b,0xd7,0x47,0x01,0x93,0xf6,0x16,0x0e,0x23,0x00,0xd7,0x00,
0x83,0x46,0x07,0x00,0xf9,0x8b,0x93,0xf6,0xf6,0x0f,0xd5,0x8f,0x23,0x00,0xf7,0x00,
0x82,0x80,0x13,0x08,0x00,0x10,0x63,0x60,0xa8,0x20,0x79,0x71,0x4a,0xe8,0x06,0xf4,
0x3e,0x89,0x22,0xf0,0x26,0xec,0x85,0x47,0x63,0xe5,0xb7,0x1e,0x8d,0x47,0x63,0xe2,
0xc7,0x1e,0x13,0x14,0x05,0x02,0x01,0x90,0x37,0x08,0x02,0x68,0x93,0x14,0x24,0x00,
0xc2,0x94,0x05,0x65,0x26,0x95,0x83,0x47,0x25,0x00,0x1b,0x16,0x16,0x00,0x93,0xf7,
0xe7,0x0f,0x23,0x01,0xf5,0x00,0x83,0x47,0x25,0x00,0x93,0xf7,0xf7,0x0f,0xcd,0x8f,
0x23,0x01,0xf5,0x00,0x83,0x47,0x25,0x00,0x93,0xf7,0x97,0x0f,0x23,0x01,0xf5,0x00,
0x83,0x47,0x25,0x00,0x93,0xf7,0xf7,0x0f,0xd1,0x8f,0x93,0xf7,0xf7,0x0f,0x23,0x01,
0xf5,0x00,0x83,0x47,0x08,0x00,0x03,0x26,0x48,0x00,0x85,0x83,0xbd,0x8b,0x01,0x26,
0xa5,0xc3,0x1b,0x56,0x56,0x01,0x13,0x75,0xf6,0x00,0x13,0x78,0xf5,0x0f,0x13,0xf6,
0xf7,0x0f,0x63,0xe5,0xa7,0x16,0x01,0x00,0x85,0x67,0x13,0x75,0xf8,0x00,0xa6,0x97,
0x05,0x46,0x83,0xc7,0x37,0x00,0x3b,0x16,0xa6,0x00,0x7d,0x36,0x93,0x78,0xf6,0x0f,
0x93,0xf7,0xf7,0x0f,0x63,0xe2,0x16,0x15,0xbb,0x97,0xa7,0x00,0xa1,0x46,0x13,0x76,
0xf6,0x0f,0x3b,0x88,0x06,0x41,0x93,0xf7,0xf7,0x0f,0xbb,0xd7,0xa7,0x40,0x3b,0x16,
0x06,0x01,0x5d,0x8e,0x85,0x67,0x13,0x76,0xf6,0x0f,0xa6,0x97,0xa3,0x81,0xc7,0x00,
0xb7,0x07,0x02,0x68,0x03,0xc6,0x07,0x00,0xd4,0x43,0x05,0x82,0x9b,0xd6,0x56,0x01,
0x13,0x78,0xf6,0x00,0x13,0xf5,0xf6,0x00,0x42,0x86,0xaa,0x87,0x63,0x72,0xa8,0x06,
0x3b,0x05,0x05,0x41,0x85,0x46,0xbb,0x96,0xa6,0x00,0xfd,0x36,0x13,0xf5,0xf6,0x0f,
0x9b,0x88,0x07,0x00,0x63,0x73,0xa7,0x00,0xba,0x86,0x05,0x65,0x26,0x95,0x03,0x47,
0x35,0x00,0x21,0x48,0x3b,0x06,0xc8,0x40,0xbb,0x07,0xf8,0x40,0x93,0xf6,0xf6,0x0f,
0x13,0x77,0xf7,0x0f,0xbb,0x96,0xf6,0x00,0x3b,0x57,0xc7,0x40,0x93,0x07,0xf0,0x0f,
0x13,0x77,0xf7,0x0f,0x93,0xf6,0xf6,0x0f,0xbb,0xd7,0x17,0x41,0x3b,0x16,0xc7,0x00,
0x33,0xe7,0xf6,0x00,0x51,0x8f,0x13,0x77,0xf7,0x0f,0x01,0x00,0xa3,0x01,0xe5,0x00,
0x63,0x05,0x09,0x04,0x93,0x17,0x34,0x00,0xb5,0xc1,0x83,0x36,0x09,0x00,0x73,0x27,
0x70,0x30,0x3a,0xe4,0x22,0x67,0xba,0x97,0x3e,0xe4,0xa2,0x67,0x22,0x65,0xa2,0x65,
0x01,0x00,0x94,0xe3,0xa1,0x05,0xef,0x00,0x80,0x1c,0xef,0x00,0xa0,0x1a,0x0f,0x10,
0x00,0x00,0x03,0x37,0x09,0x00,0x97,0xc7,0x00,0x00,0x93,0x87,0x27,0x06,0x12,0x04,
0x3e,0x94,0x18,0xe0,0x83,0x37,0x89,0x00,0x1c,0xe4,0x85,0x67,0xbe,0x94,0x83,0xc7,
0x14,0x00,0x01,0x45,0x93,0xf7,0xf7,0x0f,0x93,0xe7,0x17,0x00,0xa3,0x80,0xf4,0x00,
0xa2,0x70,0x02,0x74,0xe2,0x64,0x42,0x69,0x45,0x61,0x82,0x80,0x73,0x27,0x70,0x30,
0x3a,0xe0,0x02,0x67,0xba,0x97,0x3e,0xe0,0x82,0x67,0x02,0x65,0x82,0x65,0x17,0x07,
0x00,0x00,0x13,0x07,0x67,0xc7,0x98,0xe3,0xa1,0x05,0xef,0x00,0x40,0x16,0xef,0x00,
0x60,0x14,0x0f,0x10,0x00,0x00,0x71,0xbf,0x36,0x86,0x7d,0xbd,0x13,0x78,0xf6,0x0f,
0x59,0xbd,0x7d,0x55,0x75,0xbf,0x7d,0x55,0x82,0x80,0x01,0x11,0xb7,0x07,0x02,0x68,
0x01,0x00,0x06,0xec,0x32,0xe0,0x36,0xe4,0x03,0xc7,0x07,0x00,0xdc,0x43,0x95,0xcd,
0xd4,0x41,0x0d,0x46,0x63,0x75,0xd6,0x04,0x17,0xc7,0x00,0x00,0x03,0x27,0x87,0xb0,
0x91,0x47,0x63,0xf3,0xe7,0x00,0x01,0xa0,0x97,0x96,0x00,0x00,0x93,0x86,0x86,0xfe,
0x13,0x06,0x50,0x15,0x97,0x95,0x00,0x00,0x93,0x85,0x45,0xf4,0x17,0x95,0x00,0x00,
0x13,0x05,0x45,0xfa,0xef,0x50,0x60,0x26,0xf9,0xbf,0x01,0x47,0x81,0x46,0x81,0x45,
0x01,0x46,0x8a,0x87,0xef,0xf0,0xff,0xd9,0xe2,0x60,0x05,0x61,0x82,0x80,0x13,0x77,
0xf7,0x0f,0x81,0x27,0x9b,0xd7,0x57,0x01,0x05,0x83,0x3d,0x8b,0x93,0xf8,0xf7,0x00,
0x90,0x45,0xc6,0x87,0x13,0x78,0xf7,0x0f,0x63,0xf4,0xe8,0x00,0x13,0xf8,0xf8,0x0f,
0xbb,0x87,0x07,0x41,0x05,0x47,0x3b,0x17,0xf7,0x00,0x13,0x98,0x06,0x02,0x93,0x56,
0xe8,0x01,0x7d,0x37,0x17,0x98,0x00,0x00,0x13,0x08,0xc8,0xf6,0xc2,0x96,0xbb,0x57,
0xf6,0x40,0x71,0x8f,0x83,0xc5,0x05,0x00,0x90,0x42,0x13,0x77,0xf7,0x0f,0x93,0xf6,
0xf7,0x0f,0x45,0xb7,0x8d,0xc9,0x85,0x47,0x63,0x93,0xf5,0x02,0x93,0x17,0x05,0x02,
0x13,0xd5,0xe7,0x01,0xb7,0x17,0x02,0x68,0xaa,0x97,0x03,0xc7,0x17,0x00,0x01,0x45,
0x13,0x77,0xf7,0x0f,0x13,0x67,0x17,0x00,0xa3,0x80,0xe7,0x00,0x82,0x80,0x37,0x05,
0x00,0xa2,0x09,0x05,0x82,0x80,0x93,0x17,0x05,0x02,0x13,0xd5,0xe7,0x01,0xb7,0x17,
0x02,0x68,0xaa,0x97,0x03,0xc7,0x17,0x00,0x01,0x45,0x13,0x77,0xe7,0x0f,0xa3,0x80,
0xe7,0x00,0x82,0x80,0x01,0xcd,0x85,0x47,0x63,0x16,0xf5,0x00,0x73,0x60,0x04,0x30,
0x01,0x45,0x82,0x80,0x37,0x05,0x00,0xa2,0x09,0x05,0x82,0x80,0x73,0x70,0x04,0x30,
0x01,0x45,0x82,0x80,0x41,0x11,0xb5,0x47,0x3e,0xe0,0x82,0x67,0x73,0x90,0xc7,0x7c,
0x85,0x47,0x3e,0xe4,0xa2,0x67,0x73,0x90,0xf7,0x4c,0x41,0x01,0x82,0x80,0x01,0x11,
0x2a,0xe4,0xa2,0x67,0x73,0x90,0xb7,0x7c,0x63,0x7c,0xb5,0x00,0x05,0x47,0x01,0x00,
0x3a,0xe8,0xc2,0x67,0x73,0x90,0xc7,0x7c,0x13,0x05,0x05,0x04,0xe3,0x69,0xb5,0xfe,
0x85,0x47,0x3e,0xec,0xe2,0x67,0x73,0x90,0xf7,0x4c,0x05,0x61,0x82,0x80,0x01,0x11,
0x2a,0xe4,0xa2,0x67,0x73,0x90,0xb7,0x7c,0x63,0x7b,0xb5,0x00,0x01,0x00,0x02,0xe8,
0xc2,0x67,0x73,0x90,0xc7,0x7c,0x13,0x05,0x05,0x04,0xe3,0x69,0xb5,0xfe,0x85,0x47,
0x3e,0xec,0xe2,0x67,0x73,0x90,0xf7,0x4c,0x05,0x61,0x82,0x80,0x79,0x71,0x26,0xec,
0x06,0xf4,0xaa,0x84,0x22,0xf0,0x33,0x85,0xa5,0x40,0x85,0x67,0x63,0x64,0xf5,0x06,
0xfd,0x15,0x33,0xc7,0x95,0x00,0xad,0x47,0x05,0x46,0x85,0x27,0xb3,0x15,0xf6,0x00,
0x33,0x04,0xb0,0x40,0xb3,0x76,0xe4,0x00,0xed,0xfa,0x45,0x8d,0x93,0x87,0xf5,0xff,
0x7d,0x8d,0x01,0xc9,0x17,0xc7,0x00,0x00,0x03,0x27,0xc7,0x94,0x8d,0x47,0x63,0xf1,
0xe7,0x04,0x85,0x47,0x82,0x17,0xf1,0x17,0x33,0x77,0xf4,0x00,0x3a,0xe0,0x02,0x67,
0x73,0x10,0x67,0x7f,0x65,0x8c,0x7d,0x8c,0x13,0x64,0x14,0x00,0x22,0xe4,0xa2,0x67,
0x73,0x90,0x57,0x7f,0x0f,0x00,0xf0,0x0f,0xa2,0x70,0x02,0x74,0xe2,0x64,0x01,0x45,
0x45,0x61,0x82,0x80,0xa2,0x70,0x02,0x74,0xe2,0x64,0x09,0x45,0x45,0x61,0x82,0x80,
0x17,0x95,0x00,0x00,0x13,0x05,0x85,0xe0,0xef,0x50,0x20,0x08,0x5d,0xbf,0x82,0x80,
0x82,0x80,0x01,0x11,0x22,0xe8,0x26,0xe4,0x17,0xb4,0x00,0x00,0x13,0x04,0x04,0x31,
0x97,0xb4,0x00,0x00,0x93,0x84,0x84,0x30,0x01,0x00,0x06,0xec,0xef,0x50,0x20,0x08,
0x63,0x77,0x94,0x00,0x1c,0x60,0x21,0x04,0x82,0x97,0xe3,0x6d,0x94,0xfe,0xb7,0x17,
0xc2,0x07,0x96,0x07,0x05,0x47,0x23,0xa0,0xe7,0x80,0x23,0xa2,0xe7,0x80,0x23,0xa4,
0xe7,0x80,0x23,0xa6,0xe7,0x80,0x17,0xb5,0x00,0x00,0x13,0x05,0xa5,0x2e,0x97,0xb5,
0x00,0x00,0x93,0x85,0x25,0x2e,0x63,0x0d,0xb5,0x00,0x01,0x46,0xef,0xf0,0x1f,0xf1,
0x01,0xc9,0x17,0xc7,0x00,0x00,0x03,0x27,0xe7,0x88,0x91,0x47,0x63,0xf7,0xe7,0x00,
0xe2,0x60,0x42,0x64,0xa2,0x64,0x05,0x61,0x82,0x80,0x42,0x64,0xe2,0x60,0xa2,0x64,
0xaa,0x85,0x17,0x95,0x00,0x00,0x13,0x05,0x65,0xda,0x05,0x61,0x6f,0x40,0xf0,0x7e,
0x41,0x11,0x06,0xe4,0xef,0xf0,0x1f,0xa9,0xa2,0x60,0x41,0x01,0xed,0xbc,0x83,0x67,
0x45,0x00,0x41,0x11,0x3e,0xe4,0xa2,0x67,0x03,0xa5,0x07,0x20,0x05,0x89,0x35,0xed,
0xa2,0x67,0x32,0x87,0x1b,0x95,0x55,0x01,0x83,0xa7,0x07,0x20,0x9b,0x15,0x07,0x01,
0x01,0x00,0x3e,0xc2,0x12,0x46,0xb7,0x07,0x20,0xfc,0xfd,0x17,0x01,0x26,0x7d,0x8e,
0x49,0x8e,0x01,0x26,0x32,0xc2,0x12,0x47,0xb7,0x07,0xe1,0xff,0xfd,0x17,0x01,0x27,
0x7d,0x8f,0x4d,0x8f,0x01,0x27,0x3a,0xc2,0x12,0x47,0xc1,0x75,0x01,0x27,0x4d,0x9b,
0x13,0x67,0x47,0x00,0x3a,0xc2,0x12,0x47,0x01,0x27,0x13,0x67,0x17,0x00,0x3a,0xc2,
0x22,0x66,0x83,0x27,0x46,0x20,0x81,0x27,0xed,0x8f,0xd5,0x8f,0x81,0x27,0x23,0x22,
0xf6,0x20,0xa2,0x67,0x01,0x00,0x23,0xa0,0xe7,0x20,0xa2,0x67,0x83,0xa7,0x07,0x20,
0x85,0x8b,0xe5,0xff,0x01,0x45,0x41,0x01,0x82,0x80,0x37,0x05,0x00,0xbe,0x13,0x05,
0x45,0x10,0xd5,0xbf,0x83,0x67,0x45,0x00,0x41,0x11,0x3e,0xe4,0xa2,0x67,0x83,0xa7,
0x07,0x20,0x85,0x8b,0xa5,0xeb,0xa2,0x67,0x9b,0x95,0x55,0x01,0x1b,0x16,0x06,0x01,
0x83,0xa7,0x07,0x20,0x01,0x00,0x3e,0xc2,0x12,0x47,0xb7,0x07,0x20,0xfc,0xfd,0x17,
0x01,0x27,0x7d,0x8f,0x4d,0x8f,0x01,0x27,0x3a,0xc2,0x92,0x47,0x37,0x07,0xe1,0xff,
0x7d,0x17,0x81,0x27,0xf9,0x8f,0xd1,0x8f,0x81,0x27,0x3e,0xc2,0x92,0x47,0x81,0x27,
0x93,0xe7,0xc7,0x00,0x3e,0xc2,0x92,0x47,0x81,0x27,0x93,0xe7,0x17,0x00,0x3e,0xc2,
0x22,0x67,0x01,0x00,0x23,0x20,0xf7,0x20,0xa2,0x67,0x83,0xa7,0x07,0x20,0x85,0x8b,
0xe5,0xff,0xa2,0x67,0x01,0x45,0x83,0xa7,0x47,0x20,0x01,0x00,0x23,0x90,0xf6,0x00,
0x41,0x01,0x82,0x80,0x37,0x05,0x00,0xbe,0x13,0x05,0x45,0x10,0xd5,0xbf,0x79,0x71,
0x22,0xf0,0x26,0xec,0x4a,0xe8,0xaa,0x87,0x01,0x00,0x06,0xf4,0x08,0x7d,0x2e,0x89,
0x83,0xc5,0x07,0x00,0xb2,0x84,0x93,0x06,0xe1,0x00,0x69,0x46,0xef,0xf0,0x9f,0xf5,
0x2a,0x84,0x31,0xe9,0x03,0x57,0xe1,0x00,0x85,0x46,0x9b,0x57,0x47,0x40,0x8d,0x8b,
0x63,0x84,0xd7,0x02,0x89,0x46,0x63,0x81,0xd7,0x02,0x01,0x00,0x23,0x00,0x09,0x00,
0x21,0x8b,0x05,0xc3,0x85,0x47,0x23,0x80,0xf4,0x00,0xa2,0x70,0x22,0x85,0x02,0x74,
0xe2,0x64,0x42,0x69,0x45,0x61,0x82,0x80,0x01,0x00,0x23,0x00,0xf9,0x00,0x21,0x8b,
0x75,0xf3,0x01,0x00,0x23,0x80,0x04,0x00,0xa2,0x70,0x22,0x85,0x02,0x74,0xe2,0x64,
0x42,0x69,0x45,0x61,0x82,0x80,0x17,0xb7,0x00,0x00,0x03,0x27,0xa7,0x6b,0x91,0x47,
0xe3,0xe5,0xe7,0xfc,0xaa,0x85,0x17,0x95,0x00,0x00,0x13,0x05,0x25,0xc1,0xef,0x40,
0xd0,0x62,0xa2,0x70,0x22,0x85,0x02,0x74,0xe2,0x64,0x42,0x69,0x45,0x61,0x82,0x80,
0x39,0x71,0x4a,0xf0,0x4e,0xec,0x06,0xfc,0x22,0xf8,0x26,0xf4,0x03,0x39,0x85,0x03,
0x83,0x44,0x05,0x00,0xae,0x89,0x29,0xa0,0x83,0x57,0xe1,0x00,0x91,0x8b,0x8d,0xeb,
0x93,0x06,0xe1,0x00,0x69,0x46,0xa6,0x85,0x4a,0x85,0xef,0xf0,0xbf,0xea,0x2a,0x84,
0x65,0xd5,0x17,0xb7,0x00,0x00,0x03,0x27,0xe7,0x65,0x91,0x47,0x63,0xf5,0xe7,0x02,
0xe2,0x70,0x22,0x85,0x42,0x74,0xa2,0x74,0x02,0x79,0xe2,0x69,0x21,0x61,0x82,0x80,
0xe2,0x70,0x22,0x85,0x42,0x74,0x85,0x47,0x23,0xa0,0xf9,0x00,0xa2,0x74,0x02,0x79,
0xe2,0x69,0x21,0x61,0x82,0x80,0xaa,0x85,0x17,0x95,0x00,0x00,0x13,0x05,0x05,0xb9,
0xef,0x40,0xb0,0x5a,0xe2,0x70,0x22,0x85,0x42,0x74,0xa2,0x74,0x02,0x79,0xe2,0x69,
0x21,0x61,0x82,0x80,0x5d,0x71,0x26,0xfc,0x86,0xe4,0xa2,0xe0,0x4a,0xf8,0x4e,0xf4,
0x52,0xf0,0x56,0xec,0x03,0x49,0x05,0x00,0x04,0x7d,0xa1,0x66,0x01,0x46,0xca,0x85,
0x26,0x85,0xef,0xf0,0xdf,0xd9,0x31,0xc1,0x17,0xb7,0x00,0x00,0x03,0x27,0x87,0x5e,
0x91,0x47,0x2a,0x84,0x63,0xf3,0xe7,0x02,0xa6,0x60,0x22,0x85,0x06,0x64,0xe2,0x74,
0x42,0x79,0xa2,0x79,0x02,0x7a,0xe2,0x6a,0x61,0x61,0x82,0x80,0x17,0xb7,0x00,0x00,
0x03,0x27,0x47,0x5c,0x91,0x47,0xe3,0xe1,0xe7,0xfe,0xa2,0x85,0x17,0x95,0x00,0x00,
0x13,0x05,0x45,0xb4,0xef,0x40,0x70,0x53,0xc1,0xbf,0x13,0x05,0x40,0x1f,0xef,0xf0,
0xef,0xde,0x93,0x06,0xe1,0x00,0x01,0x46,0xca,0x85,0x26,0x85,0xef,0xf0,0x9f,0xdd,
0x63,0x1e,0x05,0x16,0x83,0x17,0xe1,0x00,0x63,0xca,0x07,0x16,0x01,0x00,0x85,0x66,
0x93,0x86,0x86,0xd0,0x7d,0x46,0xca,0x85,0x26,0x85,0xef,0xf0,0x5f,0xd2,0x2a,0x84,
0x55,0xf5,0x93,0x06,0xe1,0x00,0x45,0x46,0xca,0x85,0x26,0x85,0xef,0xf0,0x9f,0xda,
0x2a,0x84,0x05,0xc1,0x17,0xb7,0x00,0x00,0x03,0x27,0xc7,0x55,0x91,0x47,0xe3,0xed,
0xe7,0xf6,0xa2,0x85,0x17,0x95,0x00,0x00,0x13,0x05,0x45,0xab,0xef,0x40,0xf0,0x4c,
0xa5,0xb7,0xa5,0x47,0xa5,0x46,0x45,0x46,0xca,0x85,0x26,0x85,0x01,0x00,0x23,0x17,
0xf1,0x00,0xef,0xf0,0xdf,0xcd,0x2a,0x84,0x71,0xf5,0x93,0x06,0xe1,0x00,0x55,0x46,
0xca,0x85,0x26,0x85,0xef,0xf0,0x1f,0xd6,0x2a,0x84,0x4d,0xfd,0x83,0x56,0xe1,0x00,
0x55,0x46,0xca,0x85,0x93,0xe6,0x86,0x00,0x26,0x85,0x01,0x00,0x23,0x17,0xd1,0x00,
0xef,0xf0,0xff,0xca,0x2a,0x84,0x1d,0xf9,0x81,0x46,0x7d,0x46,0xca,0x85,0x26,0x85,
0xef,0xf0,0xff,0xc9,0x2a,0x84,0xe3,0x13,0x05,0xf2,0xfc,0x44,0x11,0x47,0x63,0x82,
0xe7,0x10,0x0d,0x47,0x63,0x87,0xe7,0x0e,0x09,0x47,0x63,0x89,0xe7,0x10,0x95,0x47,
0x23,0x17,0xf1,0x00,0x95,0x46,0x93,0x09,0x00,0x20,0x11,0x46,0xca,0x85,0x26,0x85,
0xef,0xf0,0xff,0xc6,0x2a,0x84,0xe3,0x1b,0x05,0xee,0xce,0x86,0x25,0x46,0xca,0x85,
0x26,0x85,0xef,0xf0,0xdf,0xc5,0x2a,0x84,0xe3,0x12,0x05,0xee,0x93,0x06,0xe1,0x00,
0x01,0x46,0xca,0x85,0x26,0x85,0xef,0xf0,0xff,0xcd,0x2a,0x84,0x05,0xfd,0x83,0x57,
0xe1,0x00,0x85,0x69,0x93,0x86,0x09,0x20,0xdd,0x8e,0x01,0x46,0xca,0x85,0x26,0x85,
0xef,0xf0,0xff,0xc2,0x2a,0x84,0xe3,0x1b,0x05,0xea,0xef,0xf0,0x8f,0xc8,0x2a,0x8a,
0x93,0x0a,0x80,0x3e,0x93,0x89,0x89,0x38,0xef,0xf0,0xaf,0xc7,0x2a,0x84,0xef,0xf0,
0x4f,0xc6,0xb3,0x07,0x44,0x41,0xb3,0x87,0x57,0x03,0x2a,0x87,0x93,0x06,0xe1,0x00,
0x05,0x46,0xca,0x85,0x26,0x85,0xb3,0xd7,0xe7,0x02,0x63,0xe9,0xf9,0x08,0xef,0xf0,
0x7f,0xc8,0x2a,0x84,0x71,0xf9,0x83,0x57,0xe1,0x00,0x93,0xf7,0x07,0x02,0xe9,0xd7,
0x17,0xb7,0x00,0x00,0x03,0x27,0x07,0x43,0x85,0x47,0xe3,0xe7,0xe7,0xe4,0x17,0x95,
0x00,0x00,0x13,0x05,0xa5,0x9f,0xef,0x40,0x50,0x3a,0x3d,0xbd,0x37,0x04,0x00,0xbe,
0x17,0xb7,0x00,0x00,0x03,0x27,0x07,0x41,0x91,0x47,0x13,0x04,0x54,0x10,0xe3,0xe5,
0xe7,0xe2,0xaa,0x85,0x17,0x95,0x00,0x00,0x13,0x05,0x45,0x96,0xef,0x40,0xf0,0x37,
0x21,0xbd,0x93,0x07,0x50,0x18,0x23,0x17,0xf1,0x00,0x93,0x06,0x50,0x18,0x81,0x49,
0x29,0xbf,0x93,0x06,0x10,0x1e,0x11,0x46,0xca,0x85,0x26,0x85,0xef,0xf0,0x3f,0xb8,
0x2a,0x84,0xe3,0x15,0x05,0xe0,0x93,0x06,0x00,0x20,0x09,0xbf,0x93,0x07,0x50,0x06,
0x23,0x17,0xf1,0x00,0x93,0x06,0x50,0x06,0x81,0x49,0xc5,0xbd,0x17,0xb7,0x00,0x00,
0x03,0x27,0x47,0x3b,0x91,0x47,0x63,0xf6,0xe7,0x00,0x37,0x04,0x00,0xbe,0x15,0x04,
0xe1,0xb3,0x17,0x95,0x00,0x00,0x13,0x05,0x65,0x95,0x37,0x04,0x00,0xbe,0xef,0x40,
0xd0,0x31,0x15,0x04,0x55,0xbb,0x79,0x71,0xaa,0x87,0x01,0x00,0x22,0xf0,0x01,0x00,
0x26,0xec,0x06,0xf4,0x08,0x7d,0xae,0x84,0x83,0xc5,0x07,0x00,0x93,0x06,0xe1,0x00,
0x32,0x84,0x45,0x46,0xef,0xf0,0x1f,0xbb,0x83,0x57,0xe1,0x00,0x85,0x46,0x13,0xd7,
0xe7,0x00,0x63,0x03,0xd7,0x02,0x89,0x46,0x63,0x00,0xd7,0x02,0x01,0x00,0x23,0x80,
0x04,0x00,0x9b,0xd7,0xd7,0x00,0x85,0x8b,0x23,0x00,0xf4,0x00,0xa2,0x70,0x02,0x74,
0xe2,0x64,0x01,0x45,0x45,0x61,0x82,0x80,0x01,0x00,0x23,0x80,0xe4,0x00,0xd5,0xb7,
0x01,0x11,0x22,0xe8,0x06,0xec,0xaa,0x87,0x2e,0x84,0x08,0x7d,0x83,0xc5,0x07,0x00,
0x93,0x06,0xe1,0x00,0x45,0x46,0xef,0xf0,0xff,0xb5,0x83,0x57,0xe1,0x00,0xe2,0x60,
0x01,0x45,0x9b,0xd7,0xa7,0x00,0x85,0x8b,0x1c,0xc0,0x42,0x64,0x05,0x61,0x82,0x80,
0x5d,0x71,0x26,0xfc,0x86,0xe4,0xa2,0xe0,0x4a,0xf8,0x4e,0xf4,0x52,0xf0,0x56,0xec,
0x03,0x49,0x05,0x00,0x04,0x7d,0xa1,0x66,0x01,0x46,0xca,0x85,0x26,0x85,0x01,0x00,
0x23,0x16,0x01,0x00,0x23,0x17,0x01,0x00,0xef,0xf0,0x7f,0xa8,0x31,0xc1,0x17,0xb7,
0x00,0x00,0x03,0x27,0x27,0x2d,0x91,0x47,0x2a,0x84,0x63,0xf3,0xe7,0x02,0xa6,0x60,
0x22,0x85,0x06,0x64,0xe2,0x74,0x42,0x79,0xa2,0x79,0x02,0x7a,0xe2,0x6a,0x61,0x61,
0x82,0x80,0x17,0xb7,0x00,0x00,0x03,0x27,0xe7,0x2a,0x91,0x47,0xe3,0xe1,0xe7,0xfe,
0xa2,0x85,0x17,0x95,0x00,0x00,0x13,0x05,0xe5,0x82,0xef,0x40,0x10,0x22,0xc1,0xbf,
0x13,0x05,0x40,0x1f,0xef,0xf0,0x8f,0xad,0x74,0x00,0x01,0x46,0xca,0x85,0x26,0x85,
0xef,0xf0,0x5f,0xac,0x63,0x12,0x05,0x24,0x83,0x17,0xc1,0x00,0x63,0xce,0x07,0x22,
0x03,0xaa,0xc4,0x04,0x91,0x49,0x74,0x00,0x11,0x46,0xca,0x85,0x26,0x85,0x63,0x0b,
0x3a,0x17,0xef,0xf0,0x3f,0xaa,0x2a,0x84,0x19,0xcd,0x97,0xb7,0x00,0x00,0x83,0xa7,
0x67,0x25,0xe3,0xe6,0xf9,0xf8,0xa2,0x85,0x17,0x85,0x00,0x00,0x13,0x05,0x05,0x7b,
0xef,0x40,0xb0,0x1c,0xad,0xbf,0x83,0x57,0xc1,0x00,0x05,0x67,0x13,0x07,0x07,0xc0,
0xd9,0x8f,0x93,0x06,0xe1,0x00,0x25,0x46,0xca,0x85,0x26,0x85,0x01,0x00,0x23,0x16,
0xf1,0x00,0xef,0xf0,0x3f,0xa6,0x2a,0x84,0x69,0xf1,0xf8,0x44,0x0d,0x46,0x83,0x56,
0xc1,0x00,0x83,0x57,0xe1,0x00,0x63,0x06,0xc7,0x1a,0x09,0x46,0x63,0x08,0xc7,0x18,
0x93,0xf6,0xf6,0xe1,0xc2,0x16,0xc1,0x92,0x93,0xe7,0x07,0x30,0x23,0x16,0xd1,0x00,
0x23,0x17,0xf1,0x00,0x11,0x46,0xca,0x85,0x26,0x85,0xef,0xf0,0x5f,0x99,0x2a,0x84,
0x0d,0xf9,0x83,0x56,0xe1,0x00,0x25,0x46,0xca,0x85,0x26,0x85,0xef,0xf0,0x3f,0x98,
0x2a,0x84,0x05,0xf1,0x74,0x00,0x01,0x46,0xca,0x85,0x26,0x85,0xef,0xf0,0x9f,0xa0,
0x2a,0x84,0x63,0x1b,0x05,0x16,0x83,0x57,0xc1,0x00,0x85,0x66,0x93,0x86,0x06,0x20,
0xdd,0x8e,0x01,0x46,0xca,0x85,0x26,0x85,0x01,0x00,0x23,0x16,0xd1,0x00,0xef,0xf0,
0x1f,0x95,0x2a,0x84,0xe3,0x17,0x05,0xee,0x74,0x00,0x01,0x46,0xca,0x85,0x26,0x85,
0xef,0xf0,0x5f,0x9d,0x2a,0x84,0x63,0x11,0x05,0x14,0x83,0x56,0xc1,0x00,0xe1,0x77,
0x01,0x46,0xdd,0x8e,0xc2,0x16,0xc1,0x92,0xca,0x85,0x26,0x85,0x01,0x00,0x23,0x16,
0xd1,0x00,0xef,0xf0,0xdf,0x91,0x2a,0x84,0xe3,0x1d,0x05,0xea,0x74,0x00,0x01,0x46,
0xca,0x85,0x26,0x85,0xef,0xf0,0x1f,0x9a,0x75,0xf9,0x83,0x17,0xc1,0x00,0xe3,0xc7,
0x07,0xfe,0xef,0xf0,0x0f,0x96,0x85,0x69,0x2a,0x8a,0x93,0x0a,0x80,0x3e,0x93,0x89,
0x89,0x38,0xef,0xf0,0x0f,0x95,0x2a,0x84,0xef,0xf0,0xaf,0x93,0xb3,0x07,0x44,0x41,
0xb3,0x87,0x57,0x03,0x2a,0x87,0x74,0x00,0x05,0x46,0xca,0x85,0x26,0x85,0xb3,0xd7,
0xe7,0x02,0x63,0xe6,0xf9,0x10,0xef,0xf0,0xff,0x95,0x2a,0x84,0x79,0xf9,0x83,0x57,
0xc1,0x00,0x93,0xf7,0x07,0x02,0xf1,0xd7,0x17,0xb7,0x00,0x00,0x03,0x27,0x87,0x10,
0x85,0x47,0xe3,0xee,0xe7,0xe2,0x17,0x85,0x00,0x00,0x13,0x05,0x25,0x6d,0xef,0x40,
0xd0,0x07,0x35,0xb5,0xef,0xf0,0x1f,0x93,0x2a,0x84,0x15,0xe9,0x83,0x56,0xc1,0x00,
0x85,0x67,0x93,0x87,0x07,0xde,0xdd,0x8e,0xc2,0x16,0xc1,0x92,0x11,0x46,0xca,0x85,
0x26,0x85,0x01,0x00,0x23,0x16,0xd1,0x00,0xef,0xf0,0x7f,0x87,0x2a,0x84,0x19,0xcd,
0x97,0xb7,0x00,0x00,0x83,0xa7,0x07,0x0c,0xe3,0x6b,0xfa,0xde,0x11,0xbd,0x97,0xb7,
0x00,0x00,0x83,0xa7,0x27,0x0b,0xe3,0x64,0xfa,0xde,0xb1,0xbd,0x74,0x00,0x25,0x46,
0xca,0x85,0x26,0x85,0xef,0xf0,0x1f,0x8e,0x2a,0x84,0x75,0xf1,0x83,0x56,0xc1,0x00,
0x25,0x46,0xca,0x85,0x93,0xe6,0x06,0x30,0x26,0x85,0x01,0x00,0x23,0x16,0xd1,0x00,
0xef,0xf0,0xff,0x82,0x2a,0x84,0xe3,0x07,0x05,0xea,0x5d,0xbf,0x93,0xf6,0xf6,0xe7,
0x93,0xe6,0x06,0x06,0x93,0xf7,0xf7,0xcf,0x23,0x16,0xd1,0x00,0x23,0x17,0xf1,0x00,
0x95,0xbd,0x93,0xf6,0xf6,0xf9,0x93,0xe6,0x06,0x18,0x93,0xf7,0xf7,0xcf,0x23,0x16,
0xd1,0x00,0x23,0x17,0xf1,0x00,0xb9,0xbd,0x17,0xb7,0x00,0x00,0x03,0x27,0x87,0x04,
0x91,0x47,0xe3,0xee,0xe7,0xd6,0xc5,0xbb,0x37,0x04,0x00,0xbe,0x17,0xb7,0x00,0x00,
0x03,0x27,0x47,0x03,0x91,0x47,0x13,0x04,0x54,0x10,0xe3,0xe2,0xe7,0xd6,0xaa,0x85,
0x17,0x85,0x00,0x00,0x13,0x05,0x85,0x58,0xef,0x40,0x20,0x7a,0x89,0xbb,0x37,0x04,
0x00,0xbe,0x17,0xb7,0x00,0x00,0x03,0x27,0xe7,0x00,0x91,0x47,0x15,0x04,0xe3,0xe0,
0xe7,0xd4,0x17,0x85,0x00,0x00,0x13,0x05,0x65,0x5b,0xef,0x40,0x00,0x78,0x05,0xbb,
0x79,0x71,0xaa,0x87,0x01,0x00,0x22,0xf0,0x01,0x00,0x26,0xec,0x06,0xf4,0x08,0x7d,
0xae,0x84,0x83,0xc5,0x07,0x00,0x93,0x06,0xe1,0x00,0x32,0x84,0x45,0x46,0xef,0xf0,
0x7f,0x81,0x83,0x57,0xe1,0x00,0x85,0x46,0x13,0xd7,0xe7,0x00,0x63,0x03,0xd7,0x02,
0x89,0x46,0x63,0x00,0xd7,0x02,0x01,0x00,0x23,0x80,0x04,0x00,0x9b,0xd7,0xd7,0x00,
0x85,0x8b,0x23,0x00,0xf4,0x00,0xa2,0x70,0x02,0x74,0xe2,0x64,0x01,0x45,0x45,0x61,
0x82,0x80,0x01,0x00,0x23,0x80,0xe4,0x00,0xd5,0xb7,0x01,0x11,0x22,0xe8,0x06,0xec,
0xaa,0x87,0x2e,0x84,0x08,0x7d,0x83,0xc5,0x07,0x00,0x93,0x06,0xe1,0x00,0x45,0x46,
0xef,0xf0,0x4f,0xfc,0x83,0x57,0xe1,0x00,0xe2,0x60,0x01,0x45,0x9b,0xd7,0xa7,0x00,
0x85,0x8b,0x1c,0xc0,0x42,0x64,0x05,0x61,0x82,0x80,0x5d,0x71,0x26,0xfc,0x86,0xe4,
0xa2,0xe0,0x4a,0xf8,0x4e,0xf4,0x52,0xf0,0x56,0xec,0x03,0x49,0x05,0x00,0x04,0x7d,
0xa1,0x66,0x01,0x46,0xca,0x85,0x26,0x85,0x01,0x00,0x23,0x16,0x01,0x00,0x23,0x17,
0x01,0x00,0xef,0xf0,0xcf,0xee,0x31,0xc1,0x17,0xb7,0x00,0x00,0x03,0x27,0x87,0xf3,
0x91,0x47,0x2a,0x84,0x63,0xf3,0xe7,0x02,0xa6,0x60,0x22,0x85,0x06,0x64,0xe2,0x74,
0x42,0x79,0xa2,0x79,0x02,0x7a,0xe2,0x6a,0x61,0x61,0x82,0x80,0x17,0xb7,0x00,0x00,
0x03,0x27,0x47,0xf1,0x91,0x47,0xe3,0xe1,0xe7,0xfe,0xa2,0x85,0x17,0x85,0x00,0x00,
0x13,0x05,0x45,0x49,0xef,0x40,0x60,0x68,0xc1,0xbf,0x13,0x05,0x40,0x1f,0xef,0xe0,
0xff,0xf3,0x74,0x00,0x01,0x46,0xca,0x85,0x26,0x85,0xef,0xf0,0xaf,0xf2,0x63,0x12,
0x05,0x24,0x83,0x17,0xc1,0x00,0x63,0xce,0x07,0x22,0x03,0xaa,0xc4,0x04,0x91,0x49,
0x74,0x00,0x11,0x46,0xca,0x85,0x26,0x85,0x63,0x0b,0x3a,0x17,0xef,0xf0,0x8f,0xf0,
0x2a,0x84,0x19,0xcd,0x97,0xb7,0x00,0x00,0x83,0xa7,0xc7,0xeb,0xe3,0xe6,0xf9,0xf8,
0xa2,0x85,0x17,0x85,0x00,0x00,0x13,0x05,0x65,0x41,0xef,0x40,0x00,0x63,0xad,0xbf,
0x83,0x57,0xc1,0x00,0x05,0x67,0x13,0x07,0x07,0xc0,0xd9,0x8f,0x93,0x06,0xe1,0x00,
0x25,0x46,0xca,0x85,0x26,0x85,0x01,0x00,0x23,0x16,0xf1,0x00,0xef,0xf0,0x8f,0xec,
0x2a,0x84,0x69,0xf1,0xf8,0x44,0x0d,0x46,0x83,0x56,0xc1,0x00,0x83,0x57,0xe1,0x00,
0x63,0x06,0xc7,0x1a,0x09,0x46,0x63,0x08,0xc7,0x18,0x93,0xf6,0xf6,0xe1,0xc2,0x16,
0xc1,0x92,0x93,0xe7,0x07,0x30,0x23,0x16,0xd1,0x00,0x23,0x17,0xf1,0x00,0x11,0x46,
0xca,0x85,0x26,0x85,0xef,0xf0,0xaf,0xdf,0x2a,0x84,0x0d,0xf9,0x83,0x56,0xe1,0x00,
0x25,0x46,0xca,0x85,0x26,0x85,0xef,0xf0,0x8f,0xde,0x2a,0x84,0x05,0xf1,0x74,0x00,
0x01,0x46,0xca,0x85,0x26,0x85,0xef,0xf0,0xef,0xe6,0x2a,0x84,0x63,0x1b,0x05,0x16,
0x83,0x57,0xc1,0x00,0x85,0x66,0x93,0x86,0x06,0x20,0xdd,0x8e,0x01,0x46,0xca,0x85,
0x26,0x85,0x01,0x00,0x23,0x16,0xd1,0x00,0xef,0xf0,0x6f,0xdb,0x2a,0x84,0xe3,0x17,
0x05,0xee,0x74,0x00,0x01,0x46,0xca,0x85,0x26,0x85,0xef,0xf0,0xaf,0xe3,0x2a,0x84,
0x63,0x11,0x05,0x14,0x83,0x56,0xc1,0x00,0xe1,0x77,0x01,0x46,0xdd,0x8e,0xc2,0x16,
0xc1,0x92,0xca,0x85,0x26,0x85,0x01,0x00,0x23,0x16,0xd1,0x00,0xef,0xf0,0x2f,0xd8,
0x2a,0x84,0xe3,0x1d,0x05,0xea,0x74,0x00,0x01,0x46,0xca,0x85,0x26,0x85,0xef,0xf0,
0x6f,0xe0,0x75,0xf9,0x83,0x17,0xc1,0x00,0xe3,0xc7,0x07,0xfe,0xef,0xe0,0x7f,0xdc,
0x85,0x69,0x2a,0x8a,0x93,0x0a,0x80,0x3e,0x93,0x89,0x89,0x38,0xef,0xe0,0x7f,0xdb,
0x2a,0x84,0xef,0xe0,0x1f,0xda,0xb3,0x07,0x44,0x41,0xb3,0x87,0x57,0x03,0x2a,0x87,
0x74,0x00,0x05,0x46,0xca,0x85,0x26,0x85,0xb3,0xd7,0xe7,0x02,0x63,0xe6,0xf9,0x10,
0xef,0xf0,0x4f,0xdc,0x2a,0x84,0x79,0xf9,0x83,0x57,0xc1,0x00,0x93,0xf7,0x07,0x02,
0xf1,0xd7,0x17,0xb7,0x00,0x00,0x03,0x27,0xe7,0xd6,0x85,0x47,0xe3,0xee,0xe7,0xe2,
0x17,0x85,0x00,0x00,0x13,0x05,0x85,0x33,0xef,0x40,0x20,0x4e,0x35,0xb5,0xef,0xf0,
0x6f,0xd9,0x2a,0x84,0x15,0xe9,0x83,0x56,0xc1,0x00,0x85,0x67,0x93,0x87,0x07,0xde,
0xdd,0x8e,0xc2,0x16,0xc1,0x92,0x11,0x46,0xca,0x85,0x26,0x85,0x01,0x00,0x23,0x16,
0xd1,0x00,0xef,0xf0,0xcf,0xcd,0x2a,0x84,0x19,0xcd,0x97,0xb7,0x00,0x00,0x83,0xa7,
0x67,0xd2,0xe3,0x6b,0xfa,0xde,0x11,0xbd,0x97,0xb7,0x00,0x00,0x83,0xa7,0x87,0xd1,
0xe3,0x64,0xfa,0xde,0xb1,0xbd,0x74,0x00,0x25,0x46,0xca,0x85,0x26,0x85,0xef,0xf0,
0x6f,0xd4,0x2a,0x84,0x75,0xf1,0x83,0x56,0xc1,0x00,0x25,0x46,0xca,0x85,0x93,0xe6,
0x06,0x30,0x26,0x85,0x01,0x00,0x23,0x16,0xd1,0x00,0xef,0xf0,0x4f,0xc9,0x2a,0x84,
0xe3,0x07,0x05,0xea,0x5d,0xbf,0x93,0xf6,0xf6,0xe7,0x93,0xe6,0x06,0x06,0x93,0xf7,
0xf7,0xcf,0x23,0x16,0xd1,0x00,0x23,0x17,0xf1,0x00,0x95,0xbd,0x93,0xf6,0xf6,0xf9,
0x93,0xe6,0x06,0x18,0x93,0xf7,0xf7,0xcf,0x23,0x16,0xd1,0x00,0x23,0x17,0xf1,0x00,
0xb9,0xbd,0x17,0xb7,0x00,0x00,0x03,0x27,0xe7,0xca,0x91,0x47,0xe3,0xee,0xe7,0xd6,
0xc5,0xbb,0x37,0x04,0x00,0xbe,0x17,0xb7,0x00,0x00,0x03,0x27,0xa7,0xc9,0x91,0x47,
0x13,0x04,0x54,0x10,0xe3,0xe2,0xe7,0xd6,0xaa,0x85,0x17,0x85,0x00,0x00,0x13,0x05,
0xe5,0x1e,0xef,0x40,0x80,0x40,0x89,0xbb,0x37,0x04,0x00,0xbe,0x17,0xb7,0x00,0x00,
0x03,0x27,0x47,0xc7,0x91,0x47,0x15,0x04,0xe3,0xe0,0xe7,0xd4,0x17,0x85,0x00,0x00,
0x13,0x05,0xc5,0x21,0xef,0x40,0x60,0x3e,0x05,0xbb,0x82,0x80,0x79,0x71,0x06,0xf4,
0x22,0xf0,0x26,0xec,0x4a,0xe8,0x4e,0xe4,0x52,0xe0,0x41,0xc1,0xaa,0x84,0x2e,0x85,
0x2e,0x84,0xb2,0x89,0x36,0x8a,0xef,0x20,0x00,0x5e,0x2a,0x89,0x3d,0xc9,0x02,0x14,
0x01,0x90,0x93,0x17,0x24,0x00,0x3e,0x94,0x93,0x17,0x64,0x00,0x17,0xc4,0x00,0x00,
0x13,0x04,0x44,0x16,0x3e,0x94,0x4e,0x86,0xaa,0x85,0x80,0xe0,0x22,0x85,0xef,0x20,
0x30,0x7b,0xaa,0x89,0x15,0xe1,0x90,0x60,0x63,0x09,0x0a,0x02,0xd2,0x85,0x22,0x85,
0xef,0x20,0x80,0x54,0x03,0x25,0x89,0x00,0xa2,0x86,0x17,0x36,0x00,0x00,0x13,0x06,
0xe6,0x67,0x81,0x45,0xef,0xf0,0x6f,0x8c,0xa2,0x70,0x02,0x74,0xe2,0x64,0x42,0x69,
0x02,0x6a,0x4e,0x85,0xa2,0x69,0x45,0x61,0x82,0x80,0x97,0x05,0x00,0x00,0x93,0x85,
0x05,0xf8,0x22,0x85,0xef,0x20,0x40,0x51,0xf1,0xb7,0xb7,0x09,0x00,0xa6,0x85,0x09,
0xe1,0xbf,0xb7,0x09,0x00,0xa6,0x93,0x89,0x09,0x10,0xf9,0xb7,0x49,0xc9,0x5d,0x71,
0xa2,0xe0,0x26,0xfc,0x4a,0xf8,0x52,0xf0,0x86,0xe4,0x4e,0xf4,0x56,0xec,0x5a,0xe8,
0x5e,0xe4,0x41,0x67,0x83,0x27,0x45,0x0c,0x2a,0x8a,0xae,0x84,0x32,0x89,0x36,0x84,
0x63,0xe7,0xe6,0x04,0x9b,0x9a,0x07,0x01,0x41,0x6b,0xbb,0x8a,0xfa,0x40,0x93,0x0b,
0xfb,0xff,0x82,0x1a,0x93,0xda,0x0a,0x02,0xde,0x89,0x31,0xa0,0xd6,0x94,0x3b,0x89,
0x29,0x01,0x63,0x66,0x64,0x03,0x4a,0x86,0xa6,0x85,0xde,0x86,0x52,0x85,0xef,0x20,
0x60,0x66,0x3b,0x04,0x34,0x41,0x7d,0xd1,0xa6,0x60,0x06,0x64,0xe2,0x74,0x42,0x79,
0xa2,0x79,0x02,0x7a,0xe2,0x6a,0x42,0x6b,0xa2,0x6b,0x61,0x61,0x82,0x80,0xa2,0x86,
0x06,0x64,0xa6,0x60,0xa2,0x79,0xe2,0x6a,0x42,0x6b,0xa2,0x6b,0x4a,0x86,0xa6,0x85,
0x42,0x79,0xe2,0x74,0x52,0x85,0x02,0x7a,0x61,0x61,0x6f,0x20,0xa0,0x62,0x37,0x05,
0x00,0xa6,0x05,0x05,0x82,0x80,0x63,0x0e,0x05,0x2e,0x01,0x11,0x4a,0xe0,0x17,0xb9,
0x00,0x00,0x13,0x09,0x29,0xb1,0x83,0x27,0x09,0x00,0x01,0x00,0x22,0xe8,0x06,0xec,
0x26,0xe4,0x2e,0x84,0xc9,0xcb,0x01,0x00,0xc1,0x67,0xe1,0x8f,0x63,0x94,0x07,0x2e,
0xb7,0x07,0x02,0x00,0xe1,0x8f,0x63,0x94,0x07,0x2e,0xb7,0x07,0x04,0x00,0xe1,0x8f,
0x63,0x94,0x07,0x2e,0xb7,0x07,0x08,0x00,0xe1,0x8f,0x63,0x94,0x07,0x2e,0xb7,0x07,
0x10,0x00,0xe1,0x8f,0x63,0x94,0x07,0x2e,0xb7,0x07,0x20,0x00,0xe1,0x8f,0x63,0x94,
0x07,0x2e,0xb7,0x07,0x40,0x00,0xe1,0x8f,0x63,0x94,0x07,0x2e,0xb7,0x07,0x80,0x00,
0xe1,0x8f,0x63,0x94,0x07,0x2e,0xb7,0x07,0x00,0x01,0xe1,0x8f,0x63,0x94,0x07,0x2e,
0xb7,0x07,0x00,0x02,0xe1,0x8f,0x63,0x94,0x07,0x2e,0xb7,0x07,0x00,0x04,0xe1,0x8f,
0x63,0x94,0x07,0x2e,0xb7,0x07,0x00,0x08,0xe1,0x8f,0x63,0x94,0x07,0x2e,0xb7,0x05,
0x00,0x10,0x6d,0x8c,0x63,0x13,0x04,0x26,0x01,0x45,0xe2,0x60,0x42,0x64,0xa2,0x64,
0x02,0x69,0x05,0x61,0x82,0x80,0xaa,0x84,0x17,0x85,0x00,0x00,0x13,0x05,0x85,0x09,
0xef,0x40,0xa0,0x1e,0x83,0x27,0x09,0x00,0xb9,0xff,0x83,0xe7,0x44,0x00,0x17,0x85,
0x00,0x00,0x13,0x05,0xa5,0x0b,0x8c,0x43,0x81,0x25,0xef,0x40,0x00,0x1d,0x83,0x27,
0x09,0x00,0xb1,0xf3,0x83,0xe7,0x44,0x00,0x17,0x85,0x00,0x00,0x13,0x05,0x05,0x0c,
0xcc,0x43,0x81,0x25,0xef,0x40,0x60,0x1b,0x83,0x27,0x09,0x00,0x8d,0xf7,0x83,0xe7,
0x44,0x00,0x17,0x85,0x00,0x00,0x13,0x05,0x65,0x0c,0x8c,0x47,0x81,0x25,0xef,0x40,
0xc0,0x19,0x83,0x27,0x09,0x00,0x81,0xfb,0x83,0xe7,0x44,0x00,0x17,0x85,0x00,0x00,
0x13,0x05,0x45,0x0c,0xcc,0x47,0x81,0x25,0xef,0x40,0x20,0x18,0x83,0x27,0x09,0x00,
0xe3,0x9b,0x07,0xee,0x83,0xe7,0x44,0x00,0x17,0x85,0x00,0x00,0x13,0x05,0x85,0x0c,
0x8c,0x4b,0x81,0x25,0xef,0x40,0x60,0x16,0x83,0x27,0x09,0x00,0xe3,0x9d,0x07,0xec,
0x83,0xe7,0x44,0x00,0x17,0x85,0x00,0x00,0x13,0x05,0x45,0x0c,0xcc,0x4b,0x81,0x25,
0xef,0x40,0xa0,0x14,0x83,0x27,0x09,0x00,0xe3,0x9f,0x07,0xea,0x83,0xe7,0x44,0x00,
0x17,0x85,0x00,0x00,0x13,0x05,0x05,0x0c,0x8c,0x4f,0x81,0x25,0xef,0x40,0xe0,0x12,
0x83,0x27,0x09,0x00,0xe3,0x91,0x07,0xea,0x83,0xe7,0x44,0x00,0x17,0x85,0x00,0x00,
0x13,0x05,0xc5,0x0b,0xcc,0x4f,0x81,0x25,0xef,0x40,0x20,0x11,0x83,0x27,0x09,0x00,
0xe3,0x93,0x07,0xe8,0x83,0xe7,0x44,0x00,0x17,0x85,0x00,0x00,0x13,0x05,0x85,0x0b,
0x8c,0x53,0x81,0x25,0xef,0x40,0x60,0x0f,0x83,0x27,0x09,0x00,0xe3,0x95,0x07,0xe6,
0x83,0xe7,0x44,0x00,0x17,0x85,0x00,0x00,0x13,0x05,0x45,0x0b,0xcc,0x53,0x81,0x25,
0xef,0x40,0xa0,0x0d,0x83,0x27,0x09,0x00,0xe3,0x97,0x07,0xe4,0x83,0xe7,0x44,0x00,
0x17,0x85,0x00,0x00,0x13,0x05,0x05,0x0b,0x8c,0x57,0x81,0x25,0xef,0x40,0xe0,0x0b,
0x83,0x27,0x09,0x00,0xe3,0x99,0x07,0xe2,0x83,0xe7,0x44,0x00,0x17,0x85,0x00,0x00,
0x13,0x05,0xc5,0x0b,0xcc,0x57,0x81,0x25,0xef,0x40,0x20,0x0a,0x83,0x27,0x09,0x00,
0xe3,0x9b,0x07,0xe0,0x83,0xe7,0x44,0x00,0x17,0x85,0x00,0x00,0x13,0x05,0x05,0x0c,
0x8c,0x5b,0x81,0x25,0xef,0x40,0x60,0x08,0x83,0x27,0x09,0x00,0xe3,0x9d,0x07,0xde,
0x83,0xe7,0x44,0x00,0x17,0x85,0x00,0x00,0x13,0x05,0xc5,0x0b,0xcc,0x5b,0x81,0x25,
0xef,0x40,0xa0,0x06,0x83,0x27,0x09,0x00,0xe3,0x9f,0x07,0xdc,0x83,0xe7,0x44,0x00,
0x17,0x85,0x00,0x00,0x13,0x05,0x85,0x0b,0x8c,0x5f,0x81,0x25,0xef,0x40,0xe0,0x04,
0x83,0x27,0x09,0x00,0xe3,0x91,0x07,0xdc,0x83,0xe7,0x44,0x00,0x17,0x85,0x00,0x00,
0x13,0x05,0x45,0x0b,0xcc,0x5f,0x81,0x25,0xef,0x40,0x20,0x03,0x83,0x27,0x09,0x00,
0xe3,0x93,0x07,0xda,0x83,0xe7,0x44,0x00,0x17,0x85,0x00,0x00,0x13,0x05,0x05,0x0c,
0xec,0x4b,0x81,0x25,0xef,0x40,0x60,0x01,0x83,0x27,0x09,0x00,0xe3,0x95,0x07,0xd8,
0x83,0xe7,0x44,0x00,0x17,0x85,0x00,0x00,0x13,0x05,0xc5,0x0b,0xac,0x4f,0x81,0x25,
0xef,0x30,0xb0,0x7f,0x83,0x27,0x09,0x00,0xe3,0x97,0x07,0xd6,0x83,0xe7,0x44,0x00,
0x17,0x85,0x00,0x00,0x13,0x05,0x05,0x0c,0xac,0x43,0x81,0x25,0xef,0x30,0xf0,0x7d,
0x83,0x27,0x09,0x00,0xe3,0x99,0x07,0xd4,0x83,0xe7,0x44,0x00,0x17,0x85,0x00,0x00,
0x13,0x05,0xc5,0x0b,0xec,0x43,0x81,0x25,0xef,0x30,0x30,0x7c,0x83,0x27,0x09,0x00,
0xe3,0x9b,0x07,0xd2,0x17,0x85,0x00,0x00,0x13,0x05,0xc5,0x0b,0xef,0x30,0xf0,0x7a,
0x1d,0xb3,0x37,0x05,0x00,0xa6,0x05,0x05,0x82,0x80,0x37,0x05,0x00,0xa6,0x13,0x05,
0xf5,0x10,0x61,0xbb,0x37,0x05,0x00,0xa6,0x13,0x05,0x35,0x10,0x79,0xb3,0x37,0x05,
0x00,0xa6,0x13,0x05,0x45,0x10,0x51,0xb3,0x37,0x05,0x00,0xa6,0x13,0x05,0x55,0x10,
0xad,0xbb,0x37,0x05,0x00,0xa6,0x13,0x05,0x65,0x10,0x85,0xbb,0x37,0x05,0x00,0xa6,
0x13,0x05,0x75,0x10,0x9d,0xb3,0x37,0x05,0x00,0xa6,0x13,0x05,0x85,0x10,0xb1,0xbb,
0x37,0x05,0x00,0xa6,0x13,0x05,0x95,0x10,0x89,0xbb,0x37,0x05,0x00,0xa6,0x13,0x05,
0xa5,0x10,0xa1,0xb3,0x37,0x05,0x00,0xa6,0x13,0x05,0xb5,0x10,0x3d,0xbb,0x37,0x05,
0x00,0xa6,0x13,0x05,0xc5,0x10,0x15,0xbb,0x37,0x05,0x00,0xa6,0x13,0x05,0xd5,0x10,
0x2d,0xb3,0x37,0x05,0x00,0xa6,0x13,0x05,0xe5,0x10,0x05,0xb3,0x41,0x11,0x06,0xe4,
0x22,0xe0,0x25,0xcd,0x83,0x27,0x05,0x08,0x99,0xcf,0x91,0x47,0x23,0x22,0xf5,0x08,
0x97,0xa7,0x00,0x00,0x83,0xa7,0x07,0x78,0x01,0x44,0x85,0xcb,0xa2,0x60,0x22,0x85,
0x02,0x64,0x41,0x01,0x82,0x80,0x83,0x27,0x85,0x0b,0x13,0xf7,0x07,0x40,0x71,0xff,
0x13,0xd7,0xf7,0x00,0x05,0x8b,0x1d,0xc7,0x8d,0x47,0x23,0x22,0xf5,0x08,0x97,0xa7,
0x00,0x00,0x83,0xa7,0x27,0x75,0x01,0x44,0xf1,0xfb,0x83,0x25,0x45,0x08,0x17,0x85,
0x00,0x00,0x13,0x05,0xa5,0x00,0xef,0x30,0x50,0x6c,0xa2,0x60,0x22,0x85,0x02,0x64,
0x41,0x01,0x82,0x80,0x37,0x07,0x00,0x0f,0xf9,0x8f,0x37,0x07,0x00,0x02,0xe3,0x91,
0xe7,0xfa,0x89,0x47,0x23,0x22,0xf5,0x08,0x61,0xbf,0x37,0x04,0x00,0xa6,0x05,0x04,
0xa2,0x60,0x22,0x85,0x02,0x64,0x41,0x01,0x82,0x80,0x19,0x71,0x86,0xfc,0xa2,0xf8,
0xa6,0xf4,0xca,0xf0,0xce,0xec,0xd2,0xe8,0xd6,0xe4,0xda,0xe0,0x5e,0xfc,0x62,0xf8,
0x66,0xf4,0x63,0x03,0x05,0x3a,0x78,0x4d,0x85,0x47,0x2a,0x84,0x2e,0x89,0xb2,0x84,
0x63,0x07,0xf7,0x00,0x83,0x27,0x85,0x0e,0x91,0x8b,0x63,0x96,0x07,0x14,0x37,0x1b,
0x03,0x00,0x93,0x0c,0x0b,0xd4,0x02,0xc4,0x02,0xc8,0x81,0x49,0x01,0x4a,0x97,0xaa,
0x00,0x00,0x93,0x8a,0x2a,0x6c,0x17,0x8c,0x00,0x00,0x13,0x0c,0xac,0xf9,0x13,0x0b,
0xfb,0xd3,0xe6,0x8b,0x83,0x67,0x44,0x00,0x9c,0x5b,0x81,0x27,0x01,0x00,0x3e,0xc4,
0xa2,0x47,0x81,0x27,0x89,0xc7,0x83,0xa7,0x0a,0x00,0x63,0x8d,0x07,0x24,0xa2,0x67,
0xbd,0x83,0x85,0x8b,0x63,0x92,0x07,0x26,0x63,0x19,0x0a,0x08,0xa2,0x67,0x95,0x83,
0x85,0x8b,0x89,0xe7,0xa2,0x67,0x91,0x83,0x85,0x8b,0xc1,0xc3,0x03,0x67,0x44,0x00,
0x5c,0x53,0x81,0x27,0x01,0x00,0x3e,0xc8,0xc2,0x67,0xad,0x83,0x85,0x8b,0x89,0xe7,
0xc2,0x67,0xa9,0x83,0x85,0x8b,0xad,0xc7,0x01,0x00,0x02,0xc4,0xa2,0x47,0x93,0xe7,
0x07,0x02,0x3e,0xc4,0xa2,0x47,0x93,0xe7,0x07,0x01,0x3e,0xc4,0xa2,0x47,0x81,0x27,
0x01,0x00,0x1c,0xdb,0x83,0x27,0x44,0x0c,0x74,0x5c,0x1b,0xd7,0x27,0x00,0x9b,0xd7,
0x27,0x00,0x63,0x8a,0x06,0x1c,0x91,0xcf,0x02,0x17,0x79,0x83,0x4a,0x97,0xca,0x87,
0x83,0x66,0x44,0x00,0x91,0x07,0x94,0x52,0x01,0x00,0x23,0xae,0xd7,0xfe,0xe3,0x19,
0xf7,0xfe,0x83,0x27,0x84,0x0e,0x93,0xf7,0x07,0x08,0x81,0xe7,0x83,0x67,0x44,0x0c,
0x3e,0x99,0x85,0x29,0x63,0xf1,0x99,0x20,0xde,0x8c,0x29,0x45,0xef,0xe0,0xef,0xe0,
0xa2,0x67,0x85,0x83,0x85,0x8b,0xb1,0xeb,0xfd,0x3c,0xe3,0x9d,0x0c,0xf2,0x17,0xaa,
0x00,0x00,0x13,0x0a,0x2a,0x5e,0x83,0x27,0x0a,0x00,0x99,0xeb,0x4a,0x86,0xce,0x85,
0x17,0x85,0x00,0x00,0x13,0x05,0x85,0xec,0xef,0x30,0x30,0x55,0x83,0x27,0x0a,0x00,
0x37,0x09,0x00,0xa6,0x11,0x47,0x13,0x09,0x89,0x11,0x63,0x7b,0xf7,0x26,0xe6,0x70,
0x46,0x74,0xa6,0x74,0xe6,0x69,0x46,0x6a,0xa6,0x6a,0x06,0x6b,0xe2,0x7b,0x42,0x7c,
0xa2,0x7c,0x4a,0x85,0x06,0x79,0x09,0x61,0x82,0x80,0x97,0xa7,0x00,0x00,0x83,0xa7,
0x67,0x59,0x63,0x83,0x07,0x26,0x37,0x1c,0x03,0x00,0x1b,0x0c,0x0c,0xd4,0x3b,0x0c,
0x9c,0x02,0xb7,0x09,0x00,0x08,0x01,0x00,0x02,0xcc,0x17,0xa9,0x00,0x00,0x13,0x09,
0x69,0x57,0x17,0x8a,0x00,0x00,0x13,0x0a,0xea,0xec,0xfd,0x19,0x17,0x8b,0x00,0x00,
0x13,0x0b,0xcb,0xf0,0xb7,0x0a,0x00,0x08,0x97,0x8b,0x00,0x00,0x93,0x8b,0x8b,0xee,
0x83,0x67,0x44,0x00,0x9c,0x5b,0x81,0x27,0x01,0x00,0x3e,0xcc,0xe2,0x47,0x81,0x27,
0x81,0xc7,0x83,0x27,0x09,0x00,0xcd,0xc3,0xe2,0x67,0xbd,0x83,0x85,0x8b,0xd5,0xe7,
0x83,0x27,0x84,0x0e,0x91,0x8b,0xb1,0xcb,0x7c,0x4c,0xa1,0xeb,0xe2,0x67,0x8d,0x83,
0x85,0x8b,0xa1,0xc7,0xe2,0x67,0x85,0x83,0x85,0x8b,0xa1,0xe3,0x03,0x67,0x44,0x00,
0x3c,0x4f,0x81,0x27,0x01,0x00,0x3e,0xce,0x02,0xcc,0xe2,0x47,0x93,0xe7,0x87,0x00,
0x3e,0xcc,0xe2,0x47,0x81,0x27,0x01,0x00,0x1c,0xdb,0xf2,0x47,0x81,0x27,0xb3,0xf7,
0x37,0x01,0x63,0x8d,0x07,0x12,0x83,0x27,0x09,0x00,0x63,0x82,0x07,0x14,0xf2,0x47,
0x03,0x67,0x44,0x00,0x81,0x27,0x01,0x00,0x3c,0xcf,0x29,0x45,0xef,0xe0,0xef,0xce,
0xe2,0x67,0x7d,0x3c,0x85,0x83,0x85,0x8b,0xf9,0xef,0xe3,0x1b,0x0c,0xf6,0x37,0x09,
0x00,0xa6,0x13,0x09,0x89,0x11,0x17,0xaa,0x00,0x00,0x13,0x0a,0xaa,0x4b,0x03,0x27,
0x0a,0x00,0x91,0x47,0xe3,0xed,0xe7,0xee,0xa6,0x85,0x17,0x85,0x00,0x00,0x13,0x05,
0x65,0xea,0xef,0x30,0x90,0x42,0xe5,0xb5,0xe2,0x45,0x52,0x85,0x81,0x25,0xef,0x30,
0xd0,0x41,0xe2,0x67,0xbd,0x83,0x85,0x8b,0xa1,0xdf,0xe2,0x67,0xe5,0x83,0x85,0x8b,
0x81,0xcb,0x7c,0x4c,0x63,0x89,0x07,0x0e,0xf9,0x37,0x05,0x47,0x63,0x75,0xf7,0x0e,
0xe2,0x45,0x22,0x85,0x17,0xaa,0x00,0x00,0x13,0x0a,0xca,0x46,0xef,0xf0,0xbf,0x94,
0x2a,0x89,0x55,0xf5,0x6d,0xb5,0xe3,0x86,0x07,0xe4,0x02,0x17,0x79,0x83,0x4a,0x97,
0xca,0x87,0x90,0x43,0x83,0x66,0x44,0x00,0x91,0x07,0x01,0x00,0x90,0xd2,0xe3,0x9a,
0xe7,0xfe,0x05,0xbd,0xa2,0x45,0x62,0x85,0x81,0x25,0xef,0x30,0x10,0x3c,0xa2,0x67,
0xbd,0x83,0x85,0x8b,0xe3,0x82,0x07,0xda,0xa2,0x45,0x22,0x85,0x17,0xaa,0x00,0x00,
0x13,0x0a,0x4a,0x42,0xef,0xf0,0x3f,0x90,0x2a,0x89,0xe3,0x06,0x05,0xe8,0x03,0x27,
0x0a,0x00,0x91,0x47,0xe3,0xed,0xe7,0xe4,0x17,0x85,0x00,0x00,0x13,0x05,0x85,0xd4,
0xef,0x30,0xb0,0x38,0xa9,0xb5,0xa2,0x67,0x85,0x83,0x85,0x8b,0xe3,0x9f,0x07,0xe4,
0x05,0x4a,0xda,0x8c,0x81,0xb3,0x17,0xaa,0x00,0x00,0x13,0x0a,0xaa,0x3e,0x83,0x27,
0x0a,0x00,0x63,0x06,0x0c,0x0a,0xb5,0xc7,0x01,0x00,0x02,0xcc,0xe2,0x47,0x03,0x67,
0x44,0x00,0x01,0x49,0x93,0xe7,0x27,0x00,0x3e,0xcc,0xe2,0x47,0x93,0xe7,0x87,0x00,
0x3e,0xcc,0xe2,0x47,0x81,0x27,0x01,0x00,0x1c,0xdb,0x11,0xb5,0x83,0x27,0x09,0x00,
0x89,0xcf,0x72,0x47,0x3b,0x07,0x57,0x01,0x3a,0xce,0xe3,0x92,0x07,0xec,0xf2,0x45,
0x5a,0x85,0x81,0x25,0xef,0x30,0x70,0x32,0x5d,0xbd,0x5e,0x85,0xef,0x30,0xf0,0x31,
0x83,0x27,0x09,0x00,0xf9,0xbf,0x17,0xa7,0x00,0x00,0x03,0x27,0xa7,0x38,0x91,0x47,
0xe3,0xe8,0xe7,0xf0,0x17,0x85,0x00,0x00,0x13,0x05,0xc5,0xcf,0xef,0x30,0xf0,0x2f,
0x01,0xb7,0xe2,0x85,0x17,0x85,0x00,0x00,0x13,0x05,0x45,0xd3,0xef,0x30,0xf0,0x2e,
0x83,0x27,0x0a,0x00,0xd1,0xf3,0xe2,0x45,0x17,0x85,0x00,0x00,0x13,0x05,0x85,0xd3,
0x81,0x25,0xef,0x30,0x90,0x2d,0x8d,0xbf,0x37,0x09,0x00,0xa6,0x05,0x09,0x41,0xbb,
0x17,0x85,0x00,0x00,0x13,0x05,0x05,0xc6,0xef,0x30,0x30,0x2c,0x0d,0xb7,0x37,0x09,
0x00,0xa6,0x13,0x09,0x89,0x11,0xa5,0xbd,0x4a,0x86,0xce,0x85,0x17,0x85,0x00,0x00,
0x13,0x05,0xc5,0xc1,0xef,0x30,0x70,0x2a,0x79,0xb3,0x63,0x02,0x05,0x14,0x78,0x4d,
0x19,0x71,0x5e,0xfc,0x86,0xfc,0xa2,0xf8,0xa6,0xf4,0xca,0xf0,0xce,0xec,0xd2,0xe8,
0xd6,0xe4,0xda,0xe0,0x62,0xf8,0x66,0xf4,0x6a,0xf0,0x6e,0xec,0x89,0x46,0xaa,0x8b,
0x63,0x06,0xd7,0x02,0x8d,0x46,0x63,0x05,0xd7,0x04,0x01,0x45,0x0d,0xcb,0xe6,0x70,
0x46,0x74,0xa6,0x74,0x06,0x79,0xe6,0x69,0x46,0x6a,0xa6,0x6a,0x06,0x6b,0xe2,0x7b,
0x42,0x7c,0xa2,0x7c,0x02,0x7d,0xe2,0x6d,0x09,0x61,0x82,0x80,0x38,0x55,0x81,0x25,
0x1d,0xe7,0x83,0x67,0x45,0x00,0x01,0x45,0x01,0x00,0xac,0xcf,0xc9,0xbf,0x03,0xa7,
0x8b,0x07,0x83,0xe7,0x4b,0x00,0x81,0x25,0x65,0xfb,0x01,0x00,0x8c,0xc3,0xc1,0xb7,
0x83,0x67,0x45,0x00,0x81,0x25,0x01,0x45,0x01,0x00,0xac,0xdf,0x4d,0xbf,0x83,0x2e,
0x45,0x0c,0x34,0x5d,0x93,0x07,0x05,0x10,0x3b,0x04,0xd6,0x03,0x05,0x47,0x3e,0xe4,
0x3b,0x06,0xb4,0x00,0x63,0x89,0xe6,0x0a,0x01,0x00,0x41,0x6e,0x7d,0x1e,0x3b,0x09,
0xde,0x41,0x1b,0x0a,0x19,0x00,0x41,0x7f,0x52,0x89,0x81,0x49,0xb7,0x04,0x00,0x08,
0x13,0x0f,0xff,0x03,0xb7,0x03,0x00,0x08,0xb7,0x02,0x00,0xf8,0xbb,0x0f,0xd0,0x41,
0x93,0x96,0x09,0x02,0x81,0x92,0x13,0x85,0x06,0x02,0x93,0x98,0x36,0x00,0x0e,0x05,
0xde,0x98,0x5e,0x95,0x23,0xa2,0xb8,0x10,0x03,0x48,0x05,0x00,0xbb,0x8a,0xb3,0x00,
0x3b,0x87,0xbe,0x40,0xb3,0xfa,0x5a,0x00,0x13,0x78,0x68,0xfc,0x13,0x68,0x18,0x02,
0x3b,0x07,0x57,0x01,0x33,0x77,0xf7,0x01,0x23,0x00,0x05,0x01,0x33,0x48,0xb6,0x00,
0x13,0x83,0x06,0x02,0x01,0x27,0x63,0x64,0x98,0x04,0x63,0x73,0xee,0x00,0x52,0x87,
0x14,0x61,0x33,0x78,0xee,0x00,0x13,0x58,0x08,0x01,0xf5,0x9a,0x14,0xe1,0x23,0x91,
0xe8,0x10,0x14,0x61,0x1a,0x08,0x19,0x9c,0xb3,0xf6,0xe6,0x01,0xb3,0xe6,0x06,0x01,
0x14,0xe1,0xb9,0x9d,0x9b,0x8a,0x19,0x00,0x31,0xcc,0xd6,0x89,0x51,0xb7,0x37,0x05,
0x00,0xa6,0x05,0x05,0x82,0x80,0x37,0x0e,0x00,0x04,0x7d,0x1e,0x89,0xbf,0x63,0x7f,
0x8e,0x02,0x52,0x88,0x3b,0x04,0x24,0x41,0x81,0x4a,0x13,0x87,0x06,0x02,0x0e,0x07,
0x5e,0x97,0x14,0x63,0x86,0x0a,0x33,0x75,0x0e,0x01,0xf5,0x9a,0xb3,0xe6,0x56,0x01,
0x14,0xe3,0x01,0x00,0x23,0x91,0x08,0x11,0x14,0x63,0x41,0x81,0x1a,0x05,0xb3,0xf6,
0xe6,0x01,0xc9,0x8e,0x14,0xe3,0xbb,0x85,0x05,0x01,0x6d,0xb7,0x22,0x88,0x85,0x4a,
0x01,0x44,0xe1,0xb7,0x13,0x15,0x33,0x00,0x5e,0x95,0x93,0x05,0x05,0x10,0xef,0xe0,
0x0f,0xf9,0x17,0xa9,0x00,0x00,0x13,0x09,0xe9,0x16,0xa2,0x64,0x63,0x8e,0x0a,0x10,
0x97,0x8d,0x00,0x00,0x93,0x8d,0x8d,0xb8,0x17,0x8d,0x00,0x00,0x13,0x0d,0x8d,0xb9,
0x97,0x8c,0x00,0x00,0x93,0x8c,0x8c,0xba,0x17,0x8c,0x00,0x00,0x13,0x0c,0x8c,0xbb,
0x17,0x8b,0x00,0x00,0x13,0x0b,0x0b,0xbe,0x97,0x8a,0x00,0x00,0x93,0x8a,0x0a,0xbf,
0x17,0x8a,0x00,0x00,0x13,0x0a,0x8a,0xbf,0x39,0xa0,0x1b,0x07,0x14,0x00,0xa1,0x04,
0x63,0x8c,0x89,0x0c,0x3a,0x84,0x03,0x27,0x09,0x00,0x65,0xfb,0xa2,0x85,0x6e,0x85,
0xef,0x30,0xb0,0x09,0x03,0x27,0x09,0x00,0x6d,0xf3,0x8c,0x40,0x6a,0x85,0xef,0x30,
0xd0,0x08,0x03,0x27,0x09,0x00,0x71,0xfb,0xcc,0x40,0x66,0x85,0xef,0x30,0xf0,0x07,
0x03,0x27,0x09,0x00,0x79,0xf3,0xcc,0x40,0x62,0x85,0xef,0x30,0x10,0x07,0x03,0x27,
0x09,0x00,0x45,0xff,0x83,0xd5,0x24,0x00,0x17,0x85,0x00,0x00,0x13,0x05,0x05,0xb6,
0xef,0x30,0xb0,0x05,0x03,0x27,0x09,0x00,0x4d,0xf3,0x8c,0x40,0x5a,0x85,0x9b,0xd5,
0x65,0x00,0x93,0xf5,0xf5,0x3f,0xef,0x30,0x50,0x04,0x03,0x27,0x09,0x00,0x51,0xf7,
0x8c,0x40,0x56,0x85,0x9b,0xd5,0x35,0x00,0x9d,0x89,0xef,0x30,0x10,0x03,0x03,0x27,
0x09,0x00,0x25,0xff,0x8c,0x40,0x52,0x85,0x9b,0xd5,0x25,0x00,0x85,0x89,0xef,0x30,
0xd0,0x01,0x03,0x27,0x09,0x00,0x35,0xf3,0x8c,0x40,0x17,0x85,0x00,0x00,0x13,0x05,
0xe5,0xb5,0x9b,0xd5,0x15,0x00,0x85,0x89,0xef,0x30,0x30,0x00,0x03,0x27,0x09,0x00,
0x29,0xf7,0x8c,0x40,0x17,0x85,0x00,0x00,0x13,0x05,0x45,0xb5,0x85,0x89,0xef,0x30,
0xc0,0x7e,0x03,0x27,0x09,0x00,0x15,0xfb,0xa2,0x85,0x17,0x85,0x00,0x00,0x13,0x05,
0x65,0xb5,0xef,0x30,0x80,0x7d,0x15,0xb7,0x83,0xe7,0x4b,0x00,0x22,0x47,0x01,0x45,
0x01,0x00,0xb8,0xcf,0xa9,0xbb,0x79,0x71,0x26,0xec,0xb7,0x44,0x0f,0x00,0x4a,0xe8,
0x4e,0xe4,0x06,0xf4,0x22,0xf0,0xaa,0x89,0x2e,0x89,0x93,0x84,0x04,0x24,0x11,0xa0,
0x8d,0xc4,0x83,0xe7,0x49,0x00,0x29,0x45,0xfd,0x34,0xc0,0x53,0xef,0xe0,0xef,0x82,
0x01,0x24,0xb3,0x77,0x24,0x01,0xed,0xf7,0x89,0xc8,0xa2,0x70,0x02,0x74,0xe2,0x64,
0x42,0x69,0xa2,0x69,0x01,0x45,0x45,0x61,0x82,0x80,0x17,0xa7,0x00,0x00,0x03,0x27,
0x67,0xff,0x91,0x47,0x63,0xfd,0xe7,0x00,0xa2,0x70,0x02,0x74,0x37,0x05,0x00,0xa6,
0xe2,0x64,0x42,0x69,0xa2,0x69,0x13,0x05,0x25,0x10,0x45,0x61,0x82,0x80,0xa2,0x85,
0x17,0x85,0x00,0x00,0x13,0x05,0x05,0xaf,0xef,0x30,0x20,0x75,0xf1,0xbf,0x5d,0x71,
0x86,0xe4,0xa2,0xe0,0x26,0xfc,0x4a,0xf8,0x4e,0xf4,0x52,0xf0,0x56,0xec,0x55,0xcd,
0x17,0xaa,0x00,0x00,0x13,0x0a,0x0a,0xfb,0x83,0x27,0x0a,0x00,0x2a,0x84,0xae,0x84,
0xb2,0x8a,0xb6,0x89,0x95,0xe7,0x93,0xf7,0x05,0x10,0x97,0x85,0x00,0x00,0x93,0x85,
0x65,0xae,0x89,0xe7,0x97,0x85,0x00,0x00,0x93,0x85,0x45,0xae,0x4e,0x87,0xd6,0x86,
0x13,0xf6,0xf4,0x0f,0x17,0x85,0x00,0x00,0x13,0x05,0xc5,0xad,0xef,0x30,0xe0,0x6f,
0x9d,0x45,0x22,0x85,0xef,0xf0,0x3f,0xf3,0x2a,0x89,0x19,0xc9,0xa6,0x60,0x06,0x64,
0xe2,0x74,0xa2,0x79,0x02,0x7a,0xe2,0x6a,0x4a,0x85,0x42,0x79,0x61,0x61,0x82,0x80,
0x03,0x67,0x44,0x00,0xfd,0x56,0x85,0x47,0x01,0x00,0x14,0xdb,0x03,0x67,0x44,0x00,
0x01,0x00,0x23,0x24,0x57,0x01,0x63,0xf6,0x37,0x01,0x74,0x4c,0x09,0x47,0x63,0x70,
0xd7,0x02,0x93,0x07,0x30,0x13,0x63,0xee,0x97,0x02,0x97,0x86,0x00,0x00,0x93,0x86,
0xa6,0xb8,0x13,0x97,0x24,0x00,0x36,0x97,0x1c,0x43,0xb6,0x97,0x82,0x87,0x38,0x5c,
0x83,0x66,0x44,0x00,0x63,0x0b,0xf7,0x20,0xd8,0x42,0x9b,0x97,0x09,0x01,0x42,0x17,
0x41,0x93,0xd9,0x8f,0x81,0x27,0xdc,0xc2,0xe9,0xb7,0x37,0x09,0x00,0xa6,0x05,0x09,
0x71,0xb7,0x03,0x27,0x0a,0x00,0x91,0x47,0x63,0xf6,0xe7,0x28,0x03,0x66,0x44,0x00,
0x81,0x47,0x03,0x27,0x84,0x0e,0x11,0x8b,0x09,0xcb,0x63,0x82,0x09,0x02,0x74,0x4c,
0x05,0x47,0x63,0x84,0xe6,0x00,0x93,0xe7,0x17,0x00,0x05,0x47,0x63,0x79,0x37,0x01,
0x13,0xe7,0x27,0x02,0x13,0x77,0xf7,0x0f,0x93,0xf7,0x07,0xf0,0xd9,0x8f,0x1b,0x87,
0xa4,0xff,0x75,0x9b,0x01,0x27,0x63,0x09,0x07,0x16,0x1b,0x87,0xf4,0xfe,0x85,0x46,
0x63,0xf4,0xe6,0x16,0x13,0x07,0x30,0x13,0x63,0x89,0xe4,0x22,0xbd,0x9b,0x01,0x00,
0x23,0x2e,0x04,0x06,0x65,0x47,0x63,0x80,0xe4,0x16,0xb7,0x06,0x00,0x3f,0x1b,0x97,
0x84,0x01,0x75,0x8f,0xb7,0x06,0x40,0xc0,0x93,0x86,0xf6,0xe7,0xf5,0x8f,0xd9,0x8f,
0x81,0x27,0x01,0x00,0x5c,0xc6,0xb7,0x49,0x0f,0x00,0x02,0xc4,0x93,0x89,0x09,0x24,
0x19,0xa8,0x29,0x45,0xef,0xd0,0x7f,0xe7,0xa2,0x67,0xfd,0x39,0x85,0x8b,0x63,0x9c,
0x07,0x12,0x63,0x81,0x09,0x20,0x03,0x67,0x44,0x00,0x1c,0x5b,0x81,0x27,0x01,0x00,
0x3e,0xc4,0xa2,0x67,0xbd,0x83,0x85,0x8b,0xe9,0xdf,0x83,0x27,0x0a,0x00,0x11,0x49,
0x63,0x77,0xf9,0x14,0x22,0x85,0x06,0x64,0xa2,0x45,0xa6,0x60,0xe2,0x74,0x42,0x79,
0xa2,0x79,0x02,0x7a,0xe2,0x6a,0x61,0x61,0x6f,0xf0,0xef,0xaf,0x03,0x66,0x44,0x00,
0xb7,0x07,0x1a,0x00,0x3d,0xb7,0x03,0x66,0x44,0x00,0xb7,0x07,0x3a,0x00,0x15,0xb7,
0x03,0x66,0x44,0x00,0xb7,0x07,0x1b,0x00,0x29,0xbf,0x03,0x66,0x44,0x00,0xb7,0x07,
0x09,0x00,0x01,0xbf,0x03,0x66,0x44,0x00,0xb7,0x07,0x02,0x00,0x19,0xb7,0x03,0x66,
0x44,0x00,0x83,0x25,0x04,0x08,0x85,0x46,0x58,0x46,0x8d,0x47,0x01,0x27,0x63,0x96,
0xd5,0x00,0x41,0x8b,0x93,0x37,0x17,0x00,0x89,0x07,0x93,0xe7,0x87,0x01,0xed,0x8b,
0x9b,0x97,0x07,0x01,0xf9,0xbd,0x83,0x27,0x04,0x08,0x03,0x66,0x44,0x00,0xfd,0x17,
0x93,0xb7,0x17,0x00,0x9b,0x97,0x57,0x00,0x93,0xe7,0xa7,0x01,0x9b,0x97,0x07,0x01,
0xc9,0xb5,0x03,0x66,0x44,0x00,0x89,0x67,0x93,0x87,0x07,0xe0,0x58,0x52,0x01,0x27,
0xf9,0x8f,0x9b,0x87,0x07,0xa0,0x93,0xf7,0xf7,0xdf,0x81,0x27,0xb3,0x37,0xf0,0x00,
0x89,0x07,0x93,0xe7,0x87,0x01,0xed,0x8b,0x23,0x26,0xe4,0x0e,0x9b,0x97,0x07,0x01,
0x49,0xbd,0x03,0x27,0x04,0x08,0xb7,0x07,0x03,0x00,0x19,0xe3,0xb7,0x07,0x22,0x00,
0x37,0x07,0x18,0x00,0xd9,0x8f,0x03,0x66,0x44,0x00,0x81,0x27,0x9d,0xbd,0x83,0x27,
0x04,0x08,0x03,0x66,0x44,0x00,0xb3,0x37,0xf0,0x00,0x89,0x07,0x93,0xe7,0x87,0x01,
0xed,0x8b,0x9b,0x97,0x07,0x01,0xb1,0xbd,0x05,0x47,0x78,0xdc,0x49,0x47,0x93,0xe7,
0x07,0x01,0xe3,0x91,0xe4,0xea,0x34,0x5c,0x05,0x47,0xe3,0x90,0xe6,0xea,0xcd,0x9b,
0x93,0xe7,0x87,0x00,0x59,0xbd,0x83,0x27,0x0a,0x00,0x63,0x85,0x09,0x0c,0xb5,0xcb,
0x01,0x00,0x02,0xc4,0xa2,0x47,0x03,0x67,0x44,0x00,0x93,0xe7,0x17,0x00,0x3e,0xc4,
0xa2,0x47,0x81,0x27,0x01,0x00,0x1c,0xdb,0x51,0xbb,0xdc,0x42,0xc2,0x17,0xc1,0x93,
0xdc,0xc2,0x83,0x67,0x44,0x00,0x01,0x00,0x23,0xa0,0x37,0x01,0x5d,0xbb,0x0c,0x4b,
0x17,0x85,0x00,0x00,0x13,0x05,0x05,0x89,0x81,0x25,0xef,0x30,0x00,0x46,0x83,0x27,
0x0a,0x00,0xe3,0x61,0xf9,0xea,0x93,0xf7,0x04,0x10,0x97,0x85,0x00,0x00,0x93,0x85,
0x65,0x81,0x89,0xe7,0x97,0x85,0x00,0x00,0x93,0x85,0x45,0x81,0xa2,0x46,0x13,0xf6,
0xf4,0x0f,0x17,0x85,0x00,0x00,0x13,0x05,0x65,0x87,0x81,0x26,0xef,0x30,0xe0,0x42,
0x95,0xbd,0xa2,0x45,0x17,0x85,0x00,0x00,0x13,0x05,0xc5,0x89,0x81,0x25,0xef,0x30,
0xc0,0x41,0x83,0x27,0x0a,0x00,0xad,0xff,0x83,0x67,0x44,0x00,0x17,0x85,0x00,0x00,
0x13,0x05,0x45,0x8a,0x8c,0x4b,0xd0,0x4b,0x94,0x4f,0xd8,0x4f,0x01,0x26,0x81,0x26,
0x01,0x27,0x81,0x25,0xef,0x30,0x60,0x3f,0xa1,0xbf,0x93,0xe7,0x07,0x01,0x01,0x00,
0x74,0xdc,0xc9,0xbb,0xa6,0x85,0x17,0x75,0x00,0x00,0x13,0x05,0xa5,0x7e,0xef,0x30,
0xc0,0x3d,0xad,0xb3,0x03,0x27,0x0a,0x00,0x91,0x47,0x63,0xea,0xe7,0x02,0x93,0xf7,
0x04,0x10,0x97,0x75,0x00,0x00,0x93,0x85,0xe5,0x78,0x89,0xe7,0x97,0x75,0x00,0x00,
0x93,0x85,0xc5,0x78,0x13,0xf6,0xf4,0x0f,0x17,0x85,0x00,0x00,0x13,0x05,0x05,0x81,
0x37,0x09,0x00,0xa6,0xef,0x30,0x60,0x3a,0x13,0x09,0x79,0x11,0x45,0xb9,0x37,0x09,
0x00,0xa6,0x13,0x09,0x79,0x11,0x5d,0xb1,0x7d,0xc5,0x03,0x27,0x05,0x08,0x79,0x71,
0x26,0xec,0x06,0xf4,0x22,0xf0,0x4a,0xe8,0x4e,0xe4,0xaa,0x84,0x4d,0xeb,0x34,0x59,
0x81,0x47,0x13,0xd6,0x86,0x01,0x05,0x8a,0x19,0xc2,0xb7,0x07,0x30,0x00,0xe5,0x82,
0x85,0x8a,0x91,0xce,0x9b,0xd6,0x07,0x01,0x93,0xf6,0x96,0x0f,0x37,0x06,0x01,0xff,
0x93,0xe6,0x66,0x00,0x7d,0x16,0x9b,0x96,0x06,0x01,0xf1,0x8f,0xd5,0x8f,0x03,0xa9,
0x44,0x07,0x9b,0xd6,0x87,0x01,0x93,0xf6,0xe6,0xfb,0x1b,0x59,0xc9,0x41,0x13,0x79,
0x19,0x00,0x13,0x69,0x09,0x04,0xb3,0xe6,0x26,0x01,0x13,0x99,0x87,0x02,0x13,0x59,
0x89,0x02,0x9b,0x97,0x86,0x01,0x33,0x69,0xf9,0x00,0x01,0x29,0x21,0xa8,0x83,0xe7,
0x44,0x00,0x29,0x45,0x80,0x4b,0x01,0x24,0xef,0xd0,0x3f,0xba,0x63,0x46,0x04,0x04,
0x03,0xa7,0x04,0x08,0x81,0x46,0x4a,0x86,0x85,0x45,0x26,0x85,0x09,0xef,0x01,0x46,
0x93,0x05,0x70,0x03,0xef,0xf0,0xbf,0xba,0xaa,0x87,0x81,0x46,0x4a,0x86,0x93,0x05,
0x90,0x12,0x26,0x85,0x89,0xe7,0xef,0xf0,0x9f,0xb9,0xaa,0x87,0x69,0xd1,0xa2,0x70,
0x02,0x74,0xe2,0x64,0x42,0x69,0xa2,0x69,0x3e,0x85,0x45,0x61,0x82,0x80,0x37,0x89,
0xff,0x40,0x1b,0x09,0x09,0x08,0x55,0xb7,0xa2,0x70,0x9b,0x59,0xe4,0x01,0x02,0x74,
0x93,0xf9,0x19,0x00,0x23,0xa8,0x34,0x09,0x81,0x47,0xe2,0x64,0x42,0x69,0xa2,0x69,
0x3e,0x85,0x45,0x61,0x82,0x80,0xb7,0x07,0x00,0xa6,0x85,0x07,0x3e,0x85,0x82,0x80,
0x79,0x71,0x06,0xf4,0x22,0xf0,0x26,0xec,0x4a,0xe8,0x4e,0xe4,0x52,0xe0,0x63,0x05,
0x05,0x10,0x83,0x27,0x85,0x0e,0x2a,0x84,0x13,0xf7,0x47,0x00,0x63,0x08,0x07,0x10,
0x13,0xf7,0x07,0x06,0x63,0x1f,0x07,0x0e,0x32,0x8a,0x03,0x26,0x45,0x0c,0x93,0xe7,
0x07,0x02,0xae,0x89,0x36,0x89,0x23,0x24,0xf5,0x0e,0x81,0x46,0xc1,0x45,0xef,0xf0,
0x1f,0xb1,0xaa,0x84,0x11,0xc9,0xa2,0x70,0x02,0x74,0x42,0x69,0xa2,0x69,0x02,0x6a,
0x26,0x85,0xe2,0x64,0x45,0x61,0x82,0x80,0x4a,0x86,0xce,0x85,0x22,0x85,0xef,0xf0,
0xcf,0xf9,0xaa,0x84,0x6d,0xf1,0x3c,0x54,0x89,0xe7,0x78,0x4c,0x89,0x47,0x63,0x01,
0xf7,0x02,0x83,0x25,0x44,0x0c,0x4e,0x85,0xbb,0x85,0x25,0x03,0x82,0x15,0x81,0x91,
0xce,0x95,0xef,0xe0,0xcf,0x8a,0x97,0xa7,0x00,0x00,0x83,0xa7,0xa7,0xa8,0xb9,0xcf,
0x83,0x27,0x04,0x09,0x91,0xe7,0x83,0x27,0x04,0x08,0x99,0xe3,0x1b,0x1a,0x9a,0x00,
0x85,0x47,0xca,0x86,0x52,0x86,0x63,0xfd,0x27,0x03,0xe5,0x45,0x22,0x85,0xef,0xf0,
0x1f,0xaa,0xaa,0x84,0xc9,0xf8,0x4a,0x86,0xce,0x85,0x22,0x85,0xef,0xf0,0xef,0xb4,
0xaa,0x84,0x51,0xf1,0x3c,0x5c,0xb1,0xe3,0x85,0x47,0x63,0xf0,0x27,0x05,0x81,0x46,
0x01,0x46,0xb1,0x45,0x22,0x85,0xef,0xf0,0x9f,0xa7,0x05,0xc9,0xaa,0x84,0xa5,0xb7,
0xe1,0x45,0x22,0x85,0xef,0xf0,0xbf,0xa6,0xaa,0x84,0xe9,0xb7,0x03,0x26,0x44,0x0c,
0xce,0x85,0x17,0x85,0x00,0x00,0x13,0x05,0x65,0xb5,0x3b,0x06,0x26,0x03,0x02,0x16,
0x01,0x92,0x4e,0x96,0xef,0x30,0x60,0x19,0x61,0xb7,0x83,0x27,0x84,0x0e,0x93,0xf7,
0xf7,0xfd,0x23,0x24,0xf4,0x0e,0x05,0xbf,0x37,0x05,0x00,0xa6,0x93,0x04,0x15,0x00,
0x1d,0xb7,0x37,0x05,0x00,0xa6,0x93,0x04,0x35,0x11,0x31,0xbf,0xb7,0x04,0x00,0xa6,
0x93,0x84,0x24,0x11,0x09,0xbf,0x2d,0xcd,0x41,0x11,0x81,0x46,0x01,0x46,0x89,0x45,
0x22,0xe0,0x06,0xe4,0x2a,0x84,0xef,0xf0,0x9f,0xa0,0x39,0xed,0x03,0x66,0x44,0x00,
0x1c,0x4a,0x81,0x27,0x01,0x00,0x23,0x2a,0xf4,0x08,0x58,0x4a,0x9b,0xd5,0x87,0x01,
0x9b,0x97,0x87,0x00,0x01,0x27,0x01,0x00,0x23,0x2c,0xe4,0x08,0x14,0x4e,0x1b,0x58,
0x87,0x01,0x1b,0x17,0x87,0x00,0x81,0x26,0x01,0x00,0x23,0x2e,0xd4,0x08,0x83,0x28,
0xc6,0x01,0x1b,0xd6,0x86,0x01,0x9b,0x96,0x86,0x00,0x9b,0x98,0x88,0x00,0x33,0x66,
0x16,0x01,0xb3,0x66,0xd8,0x00,0x4d,0x8f,0x23,0x20,0xc4,0x0a,0x23,0x2e,0xd4,0x08,
0x23,0x2c,0xe4,0x08,0x23,0x2a,0xf4,0x08,0xa2,0x60,0x02,0x64,0x41,0x01,0x82,0x80,
0x37,0x05,0x00,0xa6,0x05,0x05,0x82,0x80,0x01,0x11,0x06,0xec,0x22,0xe8,0x26,0xe4,
0x4a,0xe0,0x2d,0xc1,0x83,0x27,0x05,0x08,0x2a,0x84,0xa1,0xe3,0x01,0x00,0x41,0x79,
0x29,0xa8,0x83,0x67,0x44,0x00,0x9c,0x4b,0xb3,0xf7,0x27,0x01,0x23,0x2e,0xf4,0x0a,
0xef,0xd0,0xbf,0x94,0x83,0x27,0xc4,0x0b,0x91,0xeb,0x81,0x46,0x01,0x46,0x8d,0x45,
0x22,0x85,0xef,0xf0,0xdf,0x95,0xaa,0x84,0x29,0x45,0xe1,0xdc,0xe2,0x60,0x42,0x64,
0x02,0x69,0x26,0x85,0xa2,0x64,0x05,0x61,0x82,0x80,0x42,0x64,0xe2,0x60,0xa2,0x64,
0x02,0x69,0xc1,0x67,0x23,0x2e,0xf5,0x0a,0x81,0x46,0x41,0x66,0x8d,0x45,0x05,0x61,
0x6f,0xf0,0xff,0x92,0xe2,0x60,0x42,0x64,0xb7,0x04,0x00,0xa6,0x85,0x04,0x02,0x69,
0x26,0x85,0xa2,0x64,0x05,0x61,0x82,0x80,0x79,0x71,0x06,0xf4,0x22,0xf0,0x26,0xec,
0x4a,0xe8,0x63,0x08,0x05,0x58,0x03,0x26,0xc5,0x0b,0x81,0x46,0xa5,0x45,0x2a,0x84,
0xef,0xf0,0xff,0x8f,0x2a,0x89,0x61,0xed,0x03,0x66,0x44,0x00,0x97,0xa4,0x00,0x00,
0x93,0x84,0x44,0x8b,0x83,0xa8,0x04,0x00,0x1c,0x4a,0x81,0x27,0x01,0x00,0x23,0x22,
0xf4,0x0a,0x58,0x4a,0x01,0x27,0x01,0x00,0x23,0x24,0xe4,0x0a,0x14,0x4e,0x81,0x26,
0x01,0x00,0x23,0x26,0xd4,0x0a,0x50,0x4e,0x01,0x26,0x01,0x00,0x23,0x28,0xc4,0x0a,
0x63,0x85,0x08,0x4e,0x1b,0xd8,0x86,0x01,0x1b,0x55,0x87,0x01,0x9b,0xd5,0x87,0x01,
0x1b,0x16,0x86,0x00,0x9b,0x96,0x86,0x00,0x1b,0x17,0x87,0x00,0x33,0x66,0xc8,0x00,
0xc9,0x8e,0x4d,0x8f,0x9b,0x97,0x87,0x00,0x23,0x28,0xc4,0x0a,0x23,0x26,0xd4,0x0a,
0x23,0x24,0xe4,0x0a,0x23,0x22,0xf4,0x0a,0x63,0x8a,0x08,0x06,0x83,0x27,0x04,0x08,
0x63,0x8a,0x07,0x42,0x50,0x74,0x85,0x66,0xfd,0x16,0x13,0x57,0x06,0x02,0x13,0x77,
0xf7,0x3f,0x1b,0x17,0x27,0x00,0x9b,0x57,0xe6,0x01,0xb9,0x9f,0x8c,0x40,0x63,0x89,
0xd7,0x4c,0x93,0x56,0xf6,0x00,0x9d,0x8a,0x41,0x92,0x09,0x45,0x89,0x26,0x3d,0x8a,
0xbb,0x16,0xd5,0x00,0x3b,0x16,0xc5,0x00,0xbb,0x86,0xc6,0x02,0x1b,0x87,0x17,0x00,
0x23,0x24,0xf4,0x0c,0x93,0x07,0x00,0x20,0x01,0x00,0x23,0x22,0xf4,0x0c,0x3b,0x87,
0xe6,0x02,0x1b,0x57,0xa7,0x00,0x23,0x20,0xe4,0x0c,0x63,0x87,0x05,0x42,0xa2,0x70,
0x02,0x74,0xe2,0x64,0x4a,0x85,0x42,0x69,0x45,0x61,0x82,0x80,0x17,0x85,0x00,0x00,
0x13,0x05,0xc5,0x97,0xef,0x20,0x70,0x75,0x9c,0x40,0xc9,0xf3,0x03,0x27,0x44,0x0a,
0x83,0x26,0x84,0x0a,0x03,0x26,0xc4,0x0a,0x83,0x25,0x04,0x0b,0x17,0x85,0x00,0x00,
0x13,0x05,0x45,0x92,0xef,0x20,0x70,0x73,0x9c,0x40,0xad,0xf3,0x17,0x85,0x00,0x00,
0x13,0x05,0xc5,0x95,0xef,0x20,0x70,0x72,0x9c,0x40,0xa9,0xfb,0x83,0x65,0x44,0x0a,
0x17,0x85,0x00,0x00,0x13,0x05,0x05,0x96,0x85,0x89,0xef,0x20,0x10,0x71,0x9c,0x40,
0x95,0xff,0x4c,0x70,0x17,0x85,0x00,0x00,0x13,0x05,0xc5,0x95,0x85,0x91,0x93,0xf5,
0xf5,0x07,0xef,0x20,0x90,0x6f,0x9c,0x40,0x95,0xf3,0x4c,0x70,0x17,0x85,0x00,0x00,
0x13,0x05,0x45,0x95,0xa1,0x91,0x8d,0x89,0xef,0x20,0x30,0x6e,0x9c,0x40,0xe3,0x97,
0x07,0xf0,0x4c,0x70,0x17,0x85,0x00,0x00,0x13,0x05,0x45,0x95,0xa9,0x91,0x8d,0x89,
0xef,0x20,0xb0,0x6c,0x9c,0x40,0xe3,0x9b,0x07,0xee,0x4c,0x70,0x17,0x85,0x00,0x00,
0x13,0x05,0x45,0x95,0xb1,0x91,0x85,0x89,0xef,0x20,0x30,0x6b,0x9c,0x40,0xe3,0x9f,
0x07,0xec,0x4c,0x70,0x17,0x85,0x00,0x00,0x13,0x05,0x45,0x95,0xb5,0x91,0x85,0x89,
0xef,0x20,0xb0,0x69,0x9c,0x40,0xe3,0x93,0x07,0xec,0x4c,0x70,0x17,0x85,0x00,0x00,
0x13,0x05,0x45,0x95,0xb9,0x91,0x85,0x89,0xef,0x20,0x30,0x68,0x9c,0x40,0xe3,0x97,
0x07,0xea,0x4c,0x70,0x17,0x85,0x00,0x00,0x13,0x05,0x45,0x95,0xbd,0x91,0x85,0x89,
0xef,0x20,0xb0,0x66,0x9c,0x40,0xe3,0x9b,0x07,0xe8,0x83,0x55,0x64,0x0a,0x17,0x85,
0x00,0x00,0x13,0x05,0x25,0x95,0xfd,0x89,0xef,0x20,0x30,0x65,0x9c,0x40,0xe3,0x9f,
0x07,0xe6,0x4c,0x70,0x17,0x85,0x00,0x00,0x13,0x05,0x45,0x95,0xd5,0x91,0x85,0x89,
0xef,0x20,0xb0,0x63,0x9c,0x40,0xe3,0x93,0x07,0xe6,0x4c,0x70,0x17,0x85,0x00,0x00,
0x13,0x05,0x45,0x95,0xd9,0x91,0xbd,0x89,0xef,0x20,0x30,0x62,0x9c,0x40,0xe3,0x97,
0x07,0xe4,0x4c,0x70,0x17,0x85,0x00,0x00,0x13,0x05,0x45,0x95,0xe9,0x91,0x9d,0x89,
0xef,0x20,0xb0,0x60,0x9c,0x40,0xe3,0x9b,0x07,0xe2,0x4c,0x70,0x17,0x85,0x00,0x00,
0x13,0x05,0x45,0x95,0xf5,0x91,0x8d,0x89,0xef,0x20,0x30,0x5f,0x9c,0x40,0xe3,0x9f,
0x07,0xe0,0x4c,0x70,0x17,0x85,0x00,0x00,0x13,0x05,0x45,0x95,0x93,0xa5,0x05,0x00,
0xef,0x20,0xb0,0x5d,0x9c,0x40,0xe3,0x93,0x07,0xe0,0x4c,0x74,0x17,0x85,0x00,0x00,
0x13,0x05,0x45,0x95,0x93,0xf5,0xf5,0x07,0xef,0x20,0x30,0x5c,0x9c,0x40,0xe3,0x97,
0x07,0xde,0x4c,0x74,0x17,0x85,0x00,0x00,0x13,0x05,0x45,0x95,0x9d,0x81,0x93,0xf5,
0xf5,0x07,0xef,0x20,0x90,0x5a,0x9c,0x40,0xe3,0x9a,0x07,0xdc,0x4c,0x74,0x17,0x85,
0x00,0x00,0x13,0x05,0xa5,0x95,0xb9,0x81,0x85,0x89,0xef,0x20,0x10,0x59,0x9c,0x40,
0xe3,0x9e,0x07,0xda,0x4c,0x74,0x17,0x85,0x00,0x00,0x13,0x05,0xa5,0x95,0xbd,0x81,
0x9d,0x89,0xef,0x20,0x90,0x57,0x9c,0x40,0xe3,0x92,0x07,0xda,0x4c,0x74,0x17,0x85,
0x00,0x00,0x13,0x05,0xa5,0x95,0xc9,0x81,0x9d,0x89,0xef,0x20,0x10,0x56,0x9c,0x40,
0xe3,0x96,0x07,0xd8,0x4c,0x74,0x17,0x85,0x00,0x00,0x13,0x05,0xa5,0x95,0xd5,0x81,
0x9d,0x89,0xef,0x20,0x90,0x54,0x9c,0x40,0xe3,0x9a,0x07,0xd6,0x83,0x45,0xb4,0x0a,
0x17,0x85,0x00,0x00,0x13,0x05,0x85,0x95,0x9d,0x89,0xef,0x20,0x10,0x53,0x9c,0x40,
0xe3,0x9e,0x07,0xd4,0x4c,0x74,0x17,0x85,0x00,0x00,0x13,0x05,0xa5,0x95,0xed,0x81,
0x9d,0x89,0xef,0x20,0x90,0x51,0x9c,0x40,0xe3,0x92,0x07,0xd4,0x4c,0x74,0x17,0x85,
0x00,0x00,0x13,0x05,0xa5,0x95,0x9b,0xd5,0xe5,0x01,0xef,0x20,0x10,0x50,0x9c,0x40,
0xe3,0x96,0x07,0xd2,0x83,0x65,0xc4,0x0a,0x17,0x85,0x00,0x00,0x13,0x05,0x85,0x95,
0x93,0xf5,0xf5,0x3f,0xef,0x20,0x70,0x4e,0x9c,0x40,0xe3,0x99,0x07,0xd0,0x4c,0x74,
0x17,0x85,0x00,0x00,0x13,0x05,0x85,0x95,0xa9,0x91,0x8d,0x89,0xef,0x20,0xf0,0x4c,
0x9c,0x40,0xe3,0x9d,0x07,0xce,0x4c,0x74,0x17,0x85,0x00,0x00,0x13,0x05,0x85,0x95,
0xb1,0x91,0x85,0x89,0xef,0x20,0x70,0x4b,0x9c,0x40,0xe3,0x91,0x07,0xce,0x4c,0x74,
0x17,0x85,0x00,0x00,0x13,0x05,0x85,0x95,0xb5,0x91,0x85,0x89,0xef,0x20,0xf0,0x49,
0x9c,0x40,0xe3,0x95,0x07,0xcc,0x4c,0x74,0x17,0x85,0x00,0x00,0x13,0x05,0x85,0x95,
0xb9,0x91,0x85,0x89,0xef,0x20,0x70,0x48,0x9c,0x40,0xe3,0x99,0x07,0xca,0x4c,0x74,
0x17,0x85,0x00,0x00,0x13,0x05,0x85,0x95,0xbd,0x91,0x85,0x89,0xef,0x20,0xf0,0x46,
0x9c,0x40,0xe3,0x9d,0x07,0xc8,0x83,0x55,0xe4,0x0a,0x17,0x85,0x00,0x00,0x13,0x05,
0x65,0x95,0xbd,0x89,0xef,0x20,0x70,0x45,0x9c,0x40,0xe3,0x91,0x07,0xc8,0x4c,0x74,
0x17,0x85,0x00,0x00,0x13,0x05,0x85,0x95,0xd1,0x91,0xef,0x20,0x10,0x44,0x9c,0x40,
0xe3,0x96,0x07,0xc6,0x83,0x45,0x04,0x0b,0x17,0x85,0x00,0x00,0x13,0x05,0x85,0x95,
0xef,0x20,0xb0,0x42,0x9c,0x40,0xe3,0x9b,0x07,0xc4,0x83,0x45,0x14,0x0b,0x17,0x85,
0x00,0x00,0x13,0x05,0xa5,0x95,0xef,0x20,0x50,0x41,0x9c,0x40,0xe3,0x90,0x07,0xc4,
0x83,0x45,0x24,0x0b,0x17,0x85,0x00,0x00,0x13,0x05,0x45,0x95,0xef,0x20,0xf0,0x3f,
0x9c,0x40,0xe3,0x95,0x07,0xc2,0x83,0x45,0x34,0x0b,0x17,0x85,0x00,0x00,0x13,0x05,
0xe5,0x94,0x93,0xf5,0xf5,0x03,0xef,0x20,0x50,0x3e,0x9c,0x40,0xe3,0x98,0x07,0xc0,
0x4c,0x78,0x17,0x85,0x00,0x00,0x13,0x05,0xe5,0x94,0x9b,0xd5,0xe5,0x01,0xef,0x20,
0xd0,0x3c,0x9c,0x40,0xe3,0x9c,0x07,0xbe,0x17,0x75,0x00,0x00,0x13,0x05,0x05,0x5f,
0xef,0x20,0xb0,0x3b,0x83,0x27,0x04,0x08,0xe3,0x96,0x07,0xbe,0x9c,0x40,0x99,0xeb,
0x4c,0x78,0x17,0x85,0x00,0x00,0x13,0x05,0x65,0x93,0x9b,0xd5,0xe5,0x01,0x85,0x25,
0xef,0x20,0xb0,0x39,0x83,0x27,0x04,0x0b,0x37,0x07,0x00,0xc0,0xf9,0x8f,0x81,0x27,
0xf9,0xeb,0x54,0x74,0x8c,0x40,0x93,0xd7,0x06,0x02,0x13,0xd7,0xf6,0x00,0x13,0xd6,
0x06,0x03,0x93,0xf7,0xf7,0x3f,0x9b,0xd6,0xe6,0x01,0x9b,0x97,0x27,0x00,0x1d,0x8b,
0x3d,0x8a,0xb5,0x9f,0x31,0x9f,0x9b,0x86,0x17,0x00,0x61,0x37,0x3b,0x97,0xe6,0x00,
0x01,0x00,0x23,0x20,0xe4,0x0c,0x23,0x24,0xf4,0x0c,0x93,0x07,0x00,0x20,0x01,0x00,
0x23,0x22,0xf4,0x0c,0xe3,0x9d,0x05,0xbc,0x83,0x25,0x04,0x0c,0x17,0x85,0x00,0x00,
0x13,0x05,0x45,0x91,0x13,0x06,0x00,0x20,0xef,0x20,0x30,0x33,0xa2,0x70,0x02,0x74,
0xe2,0x64,0x4a,0x85,0x42,0x69,0x45,0x61,0x82,0x80,0x17,0x75,0x00,0x00,0x13,0x05,
0x65,0x4f,0xef,0x20,0x90,0x31,0x83,0xa8,0x04,0x00,0x63,0x9a,0x08,0x08,0x03,0x27,
0x44,0x0a,0x83,0x26,0x84,0x0a,0x03,0x26,0xc4,0x0a,0x83,0x25,0x04,0x0b,0x17,0x75,
0x00,0x00,0x13,0x05,0x25,0x4e,0xef,0x20,0x50,0x2f,0x83,0x26,0xc4,0x0a,0x03,0x26,
0x04,0x0b,0x03,0x27,0x84,0x0a,0x83,0x27,0x44,0x0a,0x83,0xa8,0x04,0x00,0xd9,0xbc,
0xa9,0xc5,0x01,0x00,0x23,0x24,0xf4,0x0c,0x93,0x07,0x00,0x20,0x23,0x22,0xf4,0x0c,
0xb9,0xbe,0xa2,0x70,0x02,0x74,0x37,0x09,0x00,0xa6,0x05,0x09,0xe2,0x64,0x4a,0x85,
0x42,0x69,0x45,0x61,0x82,0x80,0x83,0x67,0xc4,0x0a,0x03,0x57,0xa4,0x0a,0x8c,0x40,
0x93,0xf7,0xf7,0x03,0x9b,0x97,0x07,0x01,0xb9,0x9f,0x1b,0x87,0x17,0x00,0x1b,0x17,
0x97,0x00,0x01,0x00,0x23,0x20,0xe4,0x0c,0x3d,0xbf,0x17,0x85,0x00,0x00,0x13,0x05,
0xe5,0x83,0x3e,0xe4,0xef,0x20,0x70,0x28,0x8c,0x40,0xa2,0x67,0x2d,0xb7,0x83,0x26,
0xc4,0x0a,0x03,0x26,0x04,0x0b,0x03,0x27,0x84,0x0a,0x83,0x27,0x44,0x0a,0x9d,0xb4,
0x01,0x11,0x06,0xec,0x22,0xe8,0x26,0xe4,0x4a,0xe0,0x59,0xc9,0x2e,0x89,0x93,0x05,
0x30,0x30,0xaa,0x84,0xef,0xf0,0x2f,0xa9,0x2a,0x84,0x19,0xcd,0x17,0x97,0x00,0x00,
0x03,0x27,0x47,0x2c,0x91,0x47,0x63,0xf2,0xe7,0x04,0xe2,0x60,0x22,0x85,0x42,0x64,
0xa2,0x64,0x02,0x69,0x05,0x61,0x82,0x80,0x81,0x46,0x4a,0x86,0xc1,0x45,0x26,0x85,
0xef,0xf0,0xef,0xad,0x2a,0x84,0x1d,0xed,0x83,0xe7,0x44,0x00,0x7d,0x77,0xe2,0x60,
0xcc,0x43,0x22,0x85,0x42,0x64,0x81,0x25,0xf9,0x8d,0xb3,0xe5,0x25,0x01,0x81,0x25,
0xcc,0xc3,0xa2,0x64,0x02,0x69,0x05,0x61,0x82,0x80,0x17,0x85,0x00,0x00,0x13,0x05,
0x65,0x80,0xef,0x20,0x90,0x1f,0xe2,0x60,0x22,0x85,0x42,0x64,0xa2,0x64,0x02,0x69,
0x05,0x61,0x82,0x80,0x17,0x97,0x00,0x00,0x03,0x27,0xc7,0x25,0x91,0x47,0xe3,0xee,
0xe7,0xf8,0x17,0x85,0x00,0x00,0x13,0x05,0x65,0x80,0xef,0x20,0x10,0x1d,0x71,0xb7,
0x37,0x04,0x00,0xa6,0x05,0x04,0xe2,0x60,0x22,0x85,0x42,0x64,0xa2,0x64,0x02,0x69,
0x05,0x61,0x82,0x80,0x01,0x11,0x06,0xec,0x22,0xe8,0x26,0xe4,0x4a,0xe0,0x55,0xc1,
0x2e,0x89,0x83,0x25,0x45,0x0c,0xaa,0x84,0xef,0xf0,0x9f,0xf3,0x2a,0x84,0x01,0xc9,
0xe2,0x60,0x22,0x85,0x42,0x64,0xa2,0x64,0x02,0x69,0x05,0x61,0x82,0x80,0x85,0x46,
0x01,0x46,0xa1,0x45,0x26,0x85,0xef,0xf0,0x8f,0xa3,0x2a,0x84,0x75,0xf1,0x05,0x46,
0xca,0x85,0x26,0x85,0xef,0xe0,0x7f,0xae,0x2a,0x84,0x79,0xf9,0x97,0x94,0x00,0x00,
0x93,0x84,0x44,0x1e,0x9c,0x40,0xe9,0xf7,0x17,0x75,0x00,0x00,0x13,0x05,0x05,0x7b,
0xef,0x20,0xb0,0x15,0x9c,0x40,0xcd,0xff,0x83,0x45,0x99,0x0b,0x17,0x75,0x00,0x00,
0x13,0x05,0x45,0x7b,0xef,0x20,0x70,0x14,0x9c,0x40,0xdd,0xf3,0x83,0x45,0x49,0x0c,
0x17,0x75,0x00,0x00,0x13,0x05,0x85,0x7b,0xef,0x20,0x30,0x13,0x9c,0x40,0xc9,0xfb,
0x83,0x45,0x59,0x0c,0x17,0x75,0x00,0x00,0x13,0x05,0xc5,0x7b,0xef,0x20,0xf0,0x11,
0x9c,0x40,0xbd,0xff,0x17,0x75,0x00,0x00,0x13,0x05,0x45,0x76,0xef,0x20,0xf0,0x10,
0x85,0xbf,0x37,0x04,0x00,0xa6,0x05,0x04,0xe2,0x60,0x22,0x85,0x42,0x64,0xa2,0x64,
0x02,0x69,0x05,0x61,0x82,0x80,0x13,0x01,0x01,0xde,0x23,0x3c,0x11,0x20,0x23,0x38,
0x81,0x20,0x23,0x34,0x91,0x20,0x23,0x30,0x21,0x21,0x51,0xc5,0x8a,0x85,0xaa,0x84,
0xef,0xf0,0x5f,0xf2,0x2a,0x84,0x09,0xcd,0x83,0x30,0x81,0x21,0x22,0x85,0x03,0x34,
0x01,0x21,0x83,0x34,0x81,0x20,0x03,0x39,0x01,0x20,0x13,0x01,0x01,0x22,0x82,0x80,
0xde,0x45,0x17,0x99,0x00,0x00,0x13,0x09,0xe9,0x12,0x83,0x27,0x09,0x00,0x1b,0xd7,
0x15,0x00,0x23,0xa0,0xe4,0x0c,0xe9,0xfb,0x83,0x47,0x71,0x0d,0x03,0x47,0x61,0x0d,
0x83,0x46,0x51,0x0d,0x03,0x46,0x41,0x0d,0x17,0x75,0x00,0x00,0x13,0x05,0x85,0x74,
0xef,0x20,0xb0,0x08,0x83,0x27,0x09,0x00,0xc5,0xfb,0x03,0xa6,0x44,0x0c,0x83,0xa5,
0x04,0x0c,0x17,0x75,0x00,0x00,0x13,0x05,0xe5,0x77,0xef,0x20,0x10,0x07,0x83,0x30,
0x81,0x21,0x22,0x85,0x03,0x34,0x01,0x21,0x83,0x34,0x81,0x20,0x03,0x39,0x01,0x20,
0x13,0x01,0x01,0x22,0x82,0x80,0x37,0x04,0x00,0xa6,0x05,0x04,0x83,0x30,0x81,0x21,
0x22,0x85,0x03,0x34,0x01,0x21,0x83,0x34,0x81,0x20,0x03,0x39,0x01,0x20,0x13,0x01,
0x01,0x22,0x82,0x80,0x21,0xcd,0x3c,0x59,0x37,0x07,0x00,0x40,0xf9,0x8f,0x85,0xeb,
0xb7,0x87,0x0f,0x00,0x03,0x67,0x45,0x00,0x93,0x87,0x97,0x04,0xb2,0x07,0x63,0x09,
0xf7,0x02,0x93,0x07,0x10,0x1f,0xde,0x07,0x93,0x87,0x47,0x15,0x9c,0x43,0x93,0xf6,
0x07,0x04,0x81,0x27,0x99,0xe6,0x5c,0x53,0xc1,0x83,0x85,0x8b,0x89,0xc7,0x01,0x45,
0x82,0x80,0xc1,0x8b,0xed,0xdf,0x37,0x05,0x00,0xa6,0x13,0x05,0x15,0x11,0x82,0x80,
0x93,0x07,0x10,0x1f,0xde,0x07,0x93,0x87,0x07,0x15,0xc9,0xbf,0x37,0x05,0x00,0xa6,
0x05,0x05,0x82,0x80,0x01,0x11,0x06,0xec,0x22,0xe8,0x26,0xe4,0x61,0xc1,0xaa,0x84,
0xef,0xf0,0x5f,0xf9,0x2a,0x84,0x19,0xc5,0xe2,0x60,0x22,0x85,0x42,0x64,0xa2,0x64,
0x05,0x61,0x82,0x80,0x81,0x46,0x01,0x46,0x81,0x45,0x26,0x85,0xef,0xf0,0x2f,0x86,
0x2a,0x84,0x05,0xc1,0x17,0x97,0x00,0x00,0x03,0x27,0xc7,0x01,0x91,0x47,0xe3,0xed,
0xe7,0xfc,0xaa,0x85,0x17,0x75,0x00,0x00,0x13,0x05,0xc5,0x6c,0xef,0x20,0xe0,0x78,
0xe1,0xb7,0x26,0x85,0xef,0xf0,0x4f,0xbf,0x2a,0x84,0x5d,0xfd,0x26,0x85,0xef,0xf0,
0x8f,0xe1,0x2a,0x84,0x55,0xf9,0x26,0x85,0xef,0xf0,0x0f,0xe9,0x2a,0x84,0x4d,0xf5,
0x26,0x85,0xef,0xf0,0x6f,0xf0,0x2a,0x84,0x45,0xf1,0x03,0xa6,0xc4,0x0b,0x81,0x46,
0x9d,0x45,0x26,0x85,0xef,0xf0,0xaf,0x80,0x2a,0x84,0x59,0xf5,0x03,0xa7,0x84,0x0c,
0x85,0x67,0xfd,0x17,0x63,0x06,0xf7,0x04,0x26,0x85,0xef,0xe0,0x3f,0x82,0x2a,0x84,
0x25,0xfd,0x93,0x07,0x10,0x1f,0xde,0x07,0x83,0xa7,0x07,0x20,0x09,0x47,0x81,0x27,
0xe3,0x84,0xe7,0xf6,0x1d,0x47,0xe3,0x81,0xe7,0xf6,0x83,0xa7,0x04,0x0c,0x9b,0x97,
0x17,0x00,0x9b,0x87,0x07,0xf8,0x23,0xa8,0xf4,0x0c,0xb9,0xb7,0x37,0x05,0x00,0xa6,
0x13,0x04,0x15,0x00,0xe2,0x60,0x22,0x85,0x42,0x64,0xa2,0x64,0x05,0x61,0x82,0x80,
0x26,0x85,0xef,0xf0,0x5f,0xe0,0x2a,0x84,0x45,0xd9,0x3d,0xb7,0x79,0x71,0x06,0xf4,
0x22,0xf0,0x26,0xec,0x4a,0xe8,0x4e,0xe4,0x25,0xc5,0xb7,0x07,0x00,0xf9,0xfd,0x17,
0xed,0x8f,0xae,0x89,0xad,0xeb,0x03,0x67,0x45,0x00,0x2a,0x89,0x93,0x04,0x40,0x06,
0x5c,0x57,0x81,0x27,0xcd,0x8f,0x01,0x00,0x5c,0xd7,0x11,0xa0,0x95,0xc4,0x83,0x67,
0x49,0x00,0x29,0x45,0xfd,0x34,0xc0,0x57,0xef,0xc0,0x3f,0xf4,0x01,0x24,0x33,0xf4,
0x89,0x00,0x6d,0xf4,0x91,0xc8,0x01,0x44,0xa2,0x70,0x22,0x85,0x02,0x74,0xe2,0x64,
0x42,0x69,0xa2,0x69,0x45,0x61,0x82,0x80,0x37,0x04,0x00,0xa6,0x13,0x04,0x04,0x11,
0xa2,0x70,0x22,0x85,0x02,0x74,0xe2,0x64,0x42,0x69,0xa2,0x69,0x45,0x61,0x82,0x80,
0x37,0x04,0x00,0xa6,0x05,0x04,0xa2,0x70,0x22,0x85,0x02,0x74,0xe2,0x64,0x42,0x69,
0xa2,0x69,0x45,0x61,0x82,0x80,0x37,0x04,0x00,0xa6,0x17,0x97,0x00,0x00,0x03,0x27,
0x67,0xed,0x91,0x47,0x13,0x04,0x44,0x11,0xe3,0xe8,0xe7,0xfa,0x17,0x75,0x00,0x00,
0x13,0x05,0x45,0x5a,0xef,0x20,0x60,0x64,0x45,0xb7,0x39,0x71,0x06,0xfc,0x22,0xf8,
0x26,0xf4,0x4a,0xf0,0x4e,0xec,0x52,0xe8,0x56,0xe4,0x63,0x0a,0x05,0x1a,0xaa,0x84,
0xef,0xf0,0x5f,0xdf,0x2a,0x84,0x19,0xc9,0xe2,0x70,0x22,0x85,0x42,0x74,0xa2,0x74,
0x02,0x79,0xe2,0x69,0x42,0x6a,0xa2,0x6a,0x21,0x61,0x82,0x80,0x81,0x46,0x01,0x46,
0x81,0x45,0x26,0x85,0xef,0xe0,0xbf,0xeb,0x2a,0x84,0x29,0xe5,0x81,0x46,0x13,0x06,
0xa0,0x1a,0xa1,0x45,0x26,0x85,0xef,0xe0,0x9f,0xea,0x2a,0x84,0x39,0xc9,0xb7,0x07,
0x00,0xa6,0x93,0x87,0x37,0x10,0x63,0x17,0xf4,0x02,0xb7,0x05,0x00,0x02,0x26,0x85,
0xef,0xf0,0xdf,0xee,0x2a,0x84,0x15,0xcd,0x17,0x97,0x00,0x00,0x03,0x27,0x87,0xe4,
0x91,0x47,0xe3,0xe3,0xe7,0xfa,0x17,0x75,0x00,0x00,0x13,0x05,0xa5,0x53,0xef,0x20,
0xc0,0x5b,0x59,0xbf,0x17,0x97,0x00,0x00,0x03,0x27,0xc7,0xe2,0x91,0x47,0xe3,0xe5,
0xe7,0xf8,0xa2,0x85,0x17,0x75,0x00,0x00,0x13,0x05,0xc5,0x4d,0xef,0x20,0xe0,0x59,
0xa5,0xbf,0x83,0xe7,0x44,0x00,0x26,0x85,0x9c,0x4b,0x81,0x27,0x93,0x87,0x67,0xe5,
0x93,0xb7,0x17,0x00,0x01,0x00,0x23,0xa2,0xf4,0x08,0xef,0xf0,0xef,0x9e,0x2a,0x84,
0x21,0xfd,0x26,0x85,0xef,0xf0,0x2f,0xc1,0x2a,0x84,0x39,0xf5,0x26,0x85,0xef,0xf0,
0xaf,0xc8,0x2a,0x84,0x31,0xf1,0x26,0x85,0xef,0xf0,0x0f,0xd0,0x2a,0x84,0x0d,0xfd,
0x03,0xa6,0xc4,0x0b,0x81,0x46,0x9d,0x45,0x26,0x85,0xef,0xe0,0x5f,0xe0,0x2a,0x84,
0x05,0xf5,0xa1,0x45,0x26,0x85,0x83,0xa9,0x44,0x0c,0xef,0xf0,0x7f,0xad,0x03,0xa6,
0xc4,0x0b,0xa1,0x47,0x23,0xa2,0xf4,0x0c,0x81,0x46,0x93,0x05,0x70,0x03,0x26,0x85,
0xef,0xe0,0xff,0xdd,0x2a,0x84,0xe3,0x11,0x05,0xf0,0x85,0x46,0x01,0x46,0x93,0x05,
0x30,0x13,0x26,0x85,0xef,0xe0,0xbf,0xdc,0x2a,0x84,0xe3,0x17,0x05,0xee,0x13,0x89,
0x44,0x0b,0x05,0x46,0xca,0x85,0x26,0x85,0xef,0xe0,0x2f,0xe7,0x2a,0x84,0xe3,0x1d,
0x05,0xec,0x17,0x94,0x00,0x00,0x13,0x04,0xe4,0xd6,0x1c,0x40,0x01,0x00,0x23,0xa2,
0x34,0x0d,0x81,0x4a,0x17,0x7a,0x00,0x00,0x13,0x0a,0xca,0x47,0xa1,0x49,0xad,0xc7,
0x85,0x2a,0x05,0x09,0xe3,0x9d,0x3a,0xff,0x63,0x8c,0x07,0x18,0x83,0xa7,0x44,0x0b,
0x83,0xa5,0x84,0x0b,0x9b,0x96,0x87,0x01,0x1b,0xd6,0x87,0x01,0x1b,0x97,0x87,0x00,
0x55,0x8e,0xb7,0x06,0xff,0x00,0x75,0x8f,0x59,0x8e,0x41,0x67,0x9b,0xd7,0x87,0x00,
0x13,0x07,0x07,0xf0,0xf9,0x8f,0x5d,0x8e,0x1c,0x40,0x01,0x26,0x23,0xaa,0xb4,0x0a,
0x01,0x00,0x23,0xac,0xc4,0x0a,0x8d,0xcb,0x42,0x74,0xe2,0x70,0x02,0x79,0xe2,0x69,
0x42,0x6a,0xa2,0x6a,0x26,0x85,0xa2,0x74,0x21,0x61,0x6f,0xe0,0x2f,0xd6,0x37,0x05,
0x00,0xa6,0x13,0x04,0x15,0x00,0x89,0xbd,0x03,0x46,0x09,0x00,0xd6,0x85,0x52,0x85,
0xef,0x20,0xa0,0x46,0x1c,0x40,0x69,0xb7,0x17,0x75,0x00,0x00,0x13,0x05,0x85,0x40,
0xef,0x20,0xa0,0x45,0x1c,0x40,0xe9,0xf3,0x17,0x75,0x00,0x00,0x13,0x05,0x85,0x41,
0xef,0x20,0xa0,0x44,0x1c,0x40,0xcd,0xfb,0x83,0xa5,0x44,0x0b,0x17,0x75,0x00,0x00,
0x13,0x05,0xc5,0x41,0xef,0x20,0x60,0x43,0x1c,0x40,0xd9,0xff,0xcc,0x7c,0x17,0x75,
0x00,0x00,0x13,0x05,0x25,0x42,0xbd,0x89,0xef,0x20,0x20,0x42,0x1c,0x40,0xc9,0xf7,
0xcc,0x7c,0x17,0x75,0x00,0x00,0x13,0x05,0x65,0x42,0x91,0x81,0x93,0xf5,0xf5,0x03,
0xef,0x20,0xa0,0x40,0x1c,0x40,0xad,0xfb,0xcc,0x7c,0x17,0x75,0x00,0x00,0x13,0x05,
0x65,0x42,0xa9,0x81,0x85,0x89,0xef,0x20,0x40,0x3f,0x1c,0x40,0xb1,0xff,0xcc,0x7c,
0x17,0x75,0x00,0x00,0x13,0x05,0x85,0x42,0xad,0x81,0xbd,0x89,0xef,0x20,0xe0,0x3d,
0x1c,0x40,0xb9,0xf3,0xcc,0x7c,0x17,0x75,0x00,0x00,0x13,0x05,0xa5,0x42,0xbd,0x81,
0x85,0x89,0xef,0x20,0x80,0x3c,0x1c,0x40,0x85,0xfb,0x83,0xd5,0xa4,0x0b,0x17,0x75,
0x00,0x00,0x13,0x05,0xa5,0x42,0xbd,0x89,0xef,0x20,0x20,0x3b,0x1c,0x40,0xe3,0x9d,
0x07,0xf0,0xcc,0x7c,0x17,0x75,0x00,0x00,0x13,0x05,0xc5,0x42,0xd1,0x81,0x9d,0x89,
0xef,0x20,0xa0,0x39,0x1c,0x40,0xe3,0x91,0x07,0xf0,0xcc,0x7c,0x17,0x75,0x00,0x00,
0x13,0x05,0xc5,0x42,0xdd,0x81,0x85,0x89,0xef,0x20,0x20,0x38,0x1c,0x40,0xe3,0x95,
0x07,0xee,0x83,0xc5,0xb4,0x0b,0x17,0x75,0x00,0x00,0x13,0x05,0x25,0x43,0xbd,0x89,
0xef,0x20,0xa0,0x36,0x1c,0x40,0xe3,0x99,0x07,0xec,0xcc,0x7c,0x17,0x75,0x00,0x00,
0x13,0x05,0x45,0x43,0x9b,0xd5,0xc5,0x01,0xef,0x20,0x20,0x35,0x1c,0x40,0xe3,0x9d,
0x07,0xea,0x17,0x75,0x00,0x00,0x13,0x05,0xe5,0x30,0xef,0x20,0x00,0x34,0x6d,0xb5,
0x17,0x75,0x00,0x00,0x13,0x05,0x05,0x0e,0xef,0x20,0x20,0x33,0x85,0xb5,0x1d,0x71,
0x86,0xec,0xa2,0xe8,0xa6,0xe4,0xca,0xe0,0x4e,0xfc,0x52,0xf8,0x56,0xf4,0x5a,0xf0,
0x5e,0xec,0x62,0xe8,0x66,0xe4,0x63,0x01,0x05,0x36,0x03,0x29,0x05,0x01,0x93,0x07,
0x80,0x3e,0x97,0x99,0x00,0x00,0x93,0x89,0xe9,0xb7,0x1b,0x59,0x29,0x00,0x3b,0x5c,
0xf9,0x02,0x83,0xa7,0x09,0x00,0xaa,0x84,0x2e,0x8a,0xbb,0x5a,0xbc,0x02,0x62,0x89,
0xbb,0x7c,0xbc,0x02,0xd6,0x8b,0x63,0x81,0x07,0x22,0x03,0xe7,0x44,0x00,0x5c,0x57,
0x13,0xfb,0x07,0x02,0x1b,0x84,0x07,0x00,0x63,0x02,0x0b,0x12,0x93,0x07,0x00,0x19,
0x63,0x19,0xfa,0x30,0x81,0x4a,0x93,0x77,0xb4,0xff,0x01,0x00,0x5c,0xd7,0x83,0xe6,
0x44,0x00,0xb7,0x87,0x0f,0x00,0x93,0x87,0x97,0x04,0xb2,0x07,0x6d,0x98,0x63,0x8d,
0xf6,0x14,0x93,0x07,0x10,0x1f,0xde,0x07,0x93,0x87,0x47,0x15,0x9c,0x43,0x37,0x87,
0x0f,0x00,0x13,0x07,0x97,0x04,0x81,0x27,0x32,0x07,0xdd,0x9b,0x63,0x8d,0xe6,0x14,
0x13,0x07,0x10,0x1f,0x5e,0x07,0x93,0xe7,0x87,0x00,0x13,0x07,0x47,0x15,0x1c,0xc3,
0x13,0x05,0x40,0x06,0xef,0xc0,0x7f,0xb0,0x93,0x07,0x00,0x19,0x63,0x0d,0xfa,0x14,
0x9b,0x87,0x1a,0x00,0x03,0xe7,0x44,0x00,0x13,0x64,0x04,0x02,0x13,0xf6,0xfa,0x0f,
0x1b,0x16,0x86,0x00,0x3b,0x59,0xf9,0x02,0xc1,0x77,0x93,0x87,0xf7,0x0f,0x7d,0x8c,
0x51,0x8c,0xb7,0x87,0x0f,0x00,0x93,0x87,0x97,0x04,0xb2,0x07,0x01,0x00,0x23,0xa4,
0x24,0x09,0x40,0xd7,0x83,0xe6,0x44,0x00,0x63,0x83,0xf6,0x14,0x93,0x07,0x10,0x1f,
0xde,0x07,0x93,0x87,0x47,0x15,0x98,0x43,0xb7,0x87,0x0f,0x00,0x93,0x87,0x97,0x04,
0x01,0x27,0xb2,0x07,0x5d,0x9b,0x63,0x83,0xf6,0x14,0x93,0x07,0x10,0x1f,0xde,0x07,
0x93,0x87,0x47,0x15,0x01,0x00,0x98,0xc3,0x13,0x05,0x40,0x06,0xef,0xc0,0xff,0xa8,
0x83,0xe7,0x44,0x00,0x13,0x64,0x44,0x00,0x1b,0x07,0x04,0x00,0x01,0x00,0xd8,0xd7,
0xb7,0x05,0x00,0x06,0x26,0x85,0xef,0xf0,0x7f,0xaf,0x2a,0x89,0x63,0x1e,0x05,0x14,
0x83,0xa7,0x09,0x00,0x63,0x86,0x07,0x16,0x83,0xe7,0x44,0x00,0xdc,0x57,0x01,0x49,
0xe6,0x60,0x46,0x64,0xa6,0x64,0xe2,0x79,0x42,0x7a,0xa2,0x7a,0x02,0x7b,0xe2,0x6b,
0x42,0x6c,0xa2,0x6c,0x4a,0x85,0x06,0x69,0x25,0x61,0x82,0x80,0x93,0x06,0x00,0x19,
0x83,0xa7,0x09,0x00,0x63,0x01,0xda,0x1c,0x63,0x79,0x4c,0x0f,0x81,0x4a,0x63,0x88,
0x07,0x1c,0x63,0x04,0x0b,0x02,0x93,0x57,0x84,0x00,0x93,0xf7,0xf7,0x0f,0x63,0x9e,
0x57,0x01,0x83,0xa7,0x09,0x00,0xc5,0xff,0xd2,0x85,0x17,0x75,0x00,0x00,0x13,0x05,
0x65,0x3c,0xef,0x20,0x80,0x17,0x01,0x49,0x65,0xb7,0x03,0xe7,0x44,0x00,0x93,0x77,
0xb4,0xff,0x6d,0x98,0x5c,0xd7,0x83,0xe6,0x44,0x00,0xb7,0x87,0x0f,0x00,0x93,0x87,
0x97,0x04,0xb2,0x07,0xe3,0x97,0xf6,0xea,0x93,0x07,0x10,0x1f,0xde,0x07,0x93,0x87,
0x07,0x15,0x9c,0x43,0x37,0x87,0x0f,0x00,0x13,0x07,0x97,0x04,0x81,0x27,0x32,0x07,
0xdd,0x9b,0xe3,0x97,0xe6,0xea,0x13,0x07,0x10,0x1f,0x5e,0x07,0x93,0xe7,0x87,0x00,
0x13,0x07,0x07,0x15,0x1c,0xc3,0x13,0x05,0x40,0x06,0xef,0xc0,0x1f,0x9b,0x93,0x07,
0x00,0x19,0xe3,0x17,0xfa,0xea,0x01,0x00,0xc1,0x77,0x03,0xe7,0x44,0x00,0x93,0x76,
0xb4,0x0d,0x7d,0x8c,0x55,0x8c,0x23,0xa4,0x44,0x09,0x40,0xd7,0xb7,0x87,0x0f,0x00,
0x83,0xe6,0x44,0x00,0x93,0x87,0x97,0x04,0xb2,0x07,0xe3,0x91,0xf6,0xec,0x93,0x07,
0x10,0x1f,0xde,0x07,0x93,0x87,0x07,0x15,0x98,0x43,0xb7,0x87,0x0f,0x00,0x93,0x87,
0x97,0x04,0x01,0x27,0xb2,0x07,0x5d,0x9b,0xe3,0x91,0xf6,0xec,0x93,0x07,0x10,0x1f,
0xde,0x07,0x93,0x87,0x07,0x15,0x7d,0xbd,0xe6,0x86,0x56,0x86,0x17,0x75,0x00,0x00,
0x13,0x05,0xc5,0x1b,0xef,0x20,0x60,0x0b,0xc9,0xbb,0x63,0x89,0x0c,0x08,0x93,0x56,
0x84,0x00,0x93,0xf6,0xf6,0x0f,0x63,0x8d,0x56,0x0f,0xe3,0x9e,0x07,0xdc,0x9b,0x85,
0x1b,0x00,0xbb,0x55,0xb9,0x02,0x17,0x75,0x00,0x00,0x13,0x05,0xa5,0x26,0xef,0x20,
0xc0,0x08,0x03,0xe7,0x44,0x00,0xc1,0xb3,0x03,0xa7,0x09,0x00,0x91,0x47,0xe3,0xe9,
0xe7,0xea,0x17,0x75,0x00,0x00,0x13,0x05,0xe5,0xfe,0xef,0x20,0x00,0x07,0x4d,0xb5,
0x03,0xa6,0x84,0x08,0x1b,0x54,0x84,0x00,0x93,0x76,0xf4,0x0f,0xd2,0x85,0x17,0x75,
0x00,0x00,0x13,0x05,0x25,0x2d,0xef,0x20,0x40,0x05,0x03,0xe7,0x44,0x00,0x83,0xa7,
0x09,0x00,0x50,0x57,0x01,0x26,0xe3,0x9c,0x07,0xe6,0x93,0x77,0x06,0x02,0x97,0x75,
0x00,0x00,0x93,0x85,0xa5,0x12,0x95,0xcb,0x21,0x82,0x13,0x76,0xf6,0x0f,0x17,0x75,
0x00,0x00,0x13,0x05,0x25,0x2d,0xef,0x20,0x40,0x02,0x99,0xbd,0x9b,0x8a,0xfb,0xff,
0xe3,0x91,0x07,0xe8,0x56,0x86,0xd2,0x85,0x17,0x75,0x00,0x00,0x13,0x05,0x05,0x23,
0xef,0x20,0xa0,0x00,0xe3,0x19,0x0b,0xe6,0x49,0xbd,0x21,0x82,0x97,0x75,0x00,0x00,
0x93,0x85,0x45,0x0f,0x13,0x76,0xf6,0x0f,0x17,0x75,0x00,0x00,0x13,0x05,0x85,0x29,
0xef,0x10,0xb0,0x7e,0x31,0xbd,0x01,0x00,0x23,0xa4,0x44,0x09,0xe3,0x99,0x07,0xe0,
0x17,0x75,0x00,0x00,0x13,0x05,0x05,0x10,0xef,0x10,0x30,0x7d,0x09,0xb5,0xe2,0x85,
0x17,0x75,0x00,0x00,0x13,0x05,0x05,0x11,0xef,0x10,0x30,0x7c,0xe3,0x15,0x0b,0xe2,
0xa9,0xb5,0x83,0xa7,0x09,0x00,0x09,0xbd,0x37,0x09,0x00,0xa6,0x05,0x09,0xcd,0xb3,
0xe3,0x9f,0x07,0xdc,0x9b,0x85,0x1b,0x00,0xbb,0x55,0xb9,0x02,0x17,0x75,0x00,0x00,
0x13,0x05,0x45,0x12,0x01,0x49,0xef,0x10,0x50,0x79,0xd9,0xb3,0xb7,0x87,0x0f,0x00,
0x83,0x66,0x45,0x00,0x41,0x11,0x93,0x87,0x97,0x04,0x01,0x00,0x22,0xe0,0x06,0xe4,
0xb2,0x07,0x2a,0x84,0x63,0x8b,0xf6,0x10,0x93,0x07,0x10,0x1f,0xde,0x07,0x93,0x87,
0x47,0x15,0x9c,0x43,0x37,0x87,0x0f,0x00,0x13,0x07,0x97,0x04,0x81,0x27,0x32,0x07,
0xdd,0x9b,0x63,0x86,0xe6,0x0e,0x13,0x07,0x10,0x1f,0x5e,0x07,0x13,0x07,0x47,0x15,
0x93,0xe7,0x87,0x00,0x1c,0xc3,0x83,0x66,0x44,0x00,0xb7,0x87,0x0f,0x00,0x93,0x87,
0x97,0x04,0xb2,0x07,0x63,0x8f,0xf6,0x0a,0x93,0x07,0x10,0x1f,0xde,0x07,0x93,0x87,
0x47,0x15,0x9c,0x43,0x37,0x87,0x0f,0x00,0x13,0x07,0x97,0x04,0x81,0x27,0x32,0x07,
0xe1,0x9b,0x63,0x8a,0xe6,0x08,0x13,0x07,0x10,0x1f,0x5e,0x07,0x13,0x07,0x47,0x15,
0xdd,0x8d,0x01,0x00,0x0c,0xc3,0xb7,0x87,0x0f,0x00,0x83,0x66,0x44,0x00,0x93,0x87,
0x97,0x04,0xb2,0x07,0x63,0x83,0xf6,0x06,0x93,0x07,0x10,0x1f,0xde,0x07,0x93,0x87,
0x47,0x15,0x98,0x43,0xb7,0x87,0x0f,0x00,0x93,0x87,0x97,0x04,0x01,0x27,0xb2,0x07,
0x5d,0x9b,0x63,0x8e,0xf6,0x02,0x93,0x07,0x10,0x1f,0xde,0x07,0x93,0x87,0x47,0x15,
0x13,0x05,0x40,0x06,0x01,0x00,0x98,0xc3,0xef,0xc0,0x2f,0xf5,0xb7,0x05,0x00,0x06,
0x22,0x85,0xef,0xf0,0xaf,0xfc,0x01,0xc9,0x17,0x87,0x00,0x00,0x03,0x27,0x87,0x72,
0x91,0x47,0x63,0xfa,0xe7,0x04,0xa2,0x60,0x02,0x64,0x41,0x01,0x82,0x80,0x93,0x07,
0x10,0x1f,0xde,0x07,0x93,0x87,0x07,0x15,0xe1,0xb7,0x93,0x07,0x10,0x1f,0xde,0x07,
0x93,0x87,0x07,0x15,0x79,0xbf,0x13,0x07,0x10,0x1f,0x5e,0x07,0x13,0x07,0x07,0x15,
0x85,0xbf,0x93,0x07,0x10,0x1f,0xde,0x07,0x93,0x87,0x07,0x15,0x99,0xb7,0x13,0x07,
0x10,0x1f,0x5e,0x07,0x13,0x07,0x07,0x15,0x21,0xbf,0x93,0x07,0x10,0x1f,0xde,0x07,
0x93,0x87,0x07,0x15,0xfd,0xb5,0x02,0x64,0xa2,0x60,0x17,0x75,0x00,0x00,0x13,0x05,
0xe5,0x11,0x41,0x01,0x6f,0x10,0x70,0x64,0x39,0xc5,0x01,0x11,0x26,0xe4,0x06,0xec,
0x22,0xe8,0x4a,0xe0,0xae,0x84,0xa1,0xc5,0x32,0x89,0x70,0x6d,0x2a,0x84,0x01,0xca,
0x17,0x87,0x00,0x00,0x03,0x27,0x07,0x6a,0x8d,0x47,0x63,0xfd,0xe7,0x00,0x01,0x00,
0x64,0xec,0x23,0x30,0x24,0x0f,0x01,0x45,0xe2,0x60,0x42,0x64,0xa2,0x64,0x02,0x69,
0x05,0x61,0x82,0x80,0xae,0x86,0xaa,0x85,0x17,0x75,0x00,0x00,0x13,0x05,0x85,0x0f,
0xef,0x10,0xb0,0x5f,0xe9,0xbf,0x37,0x05,0x00,0xa6,0x05,0x05,0x82,0x80,0x37,0x05,
0x00,0xa6,0x05,0x05,0xd1,0xbf,0x97,0x87,0x00,0x00,0x93,0x87,0xa7,0x2d,0x94,0x43,
0x2a,0x87,0x63,0x8c,0xa6,0x00,0xbc,0x4b,0x01,0x45,0x63,0x83,0xe7,0x00,0x82,0x80,
0x17,0x85,0x00,0x00,0x13,0x05,0x05,0x31,0x82,0x80,0x3e,0x85,0x82,0x80,0x79,0x71,
0x06,0xf4,0x22,0xf0,0x26,0xec,0x4a,0xe8,0x4e,0xe4,0x52,0xe0,0x63,0x05,0x05,0x10,
0x83,0x27,0x85,0x0e,0x2a,0x84,0x13,0xf7,0x47,0x00,0x63,0x08,0x07,0x10,0x13,0xf7,
0x07,0x06,0x63,0x1f,0x07,0x0e,0x32,0x8a,0x03,0x26,0x45,0x0c,0x93,0xe7,0x07,0x04,
0xae,0x89,0x36,0x89,0x23,0x24,0xf5,0x0e,0x81,0x46,0xc1,0x45,0xef,0xe0,0x2f,0xe3,
0xaa,0x84,0x11,0xc9,0xa2,0x70,0x02,0x74,0x42,0x69,0xa2,0x69,0x02,0x6a,0x26,0x85,
0xe2,0x64,0x45,0x61,0x82,0x80,0x4a,0x86,0xce,0x85,0x22,0x85,0xef,0xe0,0xef,0xab,
0xaa,0x84,0x6d,0xf1,0x3c,0x54,0x89,0xe7,0x78,0x4c,0x89,0x47,0x63,0x01,0xf7,0x02,
0x83,0x25,0x44,0x0c,0x4e,0x85,0xbb,0x85,0x25,0x03,0x82,0x15,0x81,0x91,0xce,0x95,
0xef,0xc0,0xff,0xbf,0x97,0x87,0x00,0x00,0x83,0xa7,0xc7,0x5a,0xb9,0xcf,0x83,0x27,
0x04,0x09,0x91,0xe7,0x83,0x27,0x04,0x08,0x99,0xe3,0x1b,0x1a,0x9a,0x00,0x85,0x47,
0xca,0x86,0x52,0x86,0x63,0xfd,0x27,0x03,0xc9,0x45,0x22,0x85,0xef,0xe0,0x2f,0xdc,
0xaa,0x84,0xc9,0xf8,0x4a,0x86,0xce,0x85,0x22,0x85,0xef,0xd0,0x1f,0xe7,0xaa,0x84,
0x51,0xf1,0x3c,0x5c,0xb1,0xe3,0x85,0x47,0x63,0xf0,0x27,0x05,0x81,0x46,0x01,0x46,
0xb1,0x45,0x22,0x85,0xef,0xe0,0xaf,0xd9,0x05,0xc9,0xaa,0x84,0xa5,0xb7,0xc5,0x45,
0x22,0x85,0xef,0xe0,0xcf,0xd8,0xaa,0x84,0xe9,0xb7,0x03,0x26,0x44,0x0c,0xce,0x85,
0x17,0x75,0x00,0x00,0x13,0x05,0x85,0x05,0x3b,0x06,0x26,0x03,0x02,0x16,0x01,0x92,
0x4e,0x96,0xef,0x10,0x90,0x4b,0x61,0xb7,0x83,0x27,0x84,0x0e,0x93,0xf7,0xf7,0xfb,
0x23,0x24,0xf4,0x0e,0x05,0xbf,0x37,0x05,0x00,0xa6,0x93,0x04,0x15,0x00,0x1d,0xb7,
0x37,0x05,0x00,0xa6,0x93,0x04,0x35,0x11,0x31,0xbf,0xb7,0x04,0x00,0xa6,0x93,0x84,
0x24,0x11,0x09,0xbf,0x25,0xc9,0x79,0x71,0x22,0xf0,0x06,0xf4,0x26,0xec,0x4a,0xe8,
0x93,0xf7,0xf5,0x03,0x2e,0x84,0xbd,0xe3,0x17,0x89,0x00,0x00,0x13,0x09,0x89,0x4e,
0x83,0x27,0x09,0x00,0xaa,0x84,0x95,0xc5,0x89,0xcb,0xa2,0x85,0x02,0x74,0xa2,0x70,
0x42,0x69,0x26,0x85,0xe2,0x64,0x45,0x61,0x59,0xbd,0xa2,0x85,0x17,0x75,0x00,0x00,
0x13,0x05,0x45,0x02,0x36,0xe4,0x32,0xe0,0xef,0x10,0x30,0x44,0xa2,0x66,0x02,0x66,
0xe9,0xbf,0x0d,0x47,0xe3,0x6b,0xf7,0xfc,0x17,0x75,0x00,0x00,0x13,0x05,0x85,0xfe,
0x36,0xe4,0x32,0xe0,0xef,0x10,0x70,0x42,0x83,0x27,0x09,0x00,0xa2,0x66,0x02,0x66,
0xcd,0xff,0xe1,0xb7,0x37,0x05,0x00,0xa6,0x05,0x05,0x82,0x80,0xa2,0x70,0x02,0x74,
0x37,0x05,0x00,0xa6,0xe2,0x64,0x42,0x69,0x13,0x05,0x95,0x11,0x45,0x61,0x82,0x80,
0x13,0x01,0x01,0xb8,0x23,0x3c,0x11,0x46,0x23,0x38,0x81,0x46,0x23,0x34,0x91,0x46,
0x23,0x30,0x21,0x47,0x23,0x3c,0x31,0x45,0x23,0x38,0x41,0x45,0x23,0x34,0x51,0x45,
0x23,0x30,0x61,0x45,0x63,0x04,0x05,0x38,0x13,0x09,0xf1,0x24,0x13,0x79,0x09,0xfc,
0x2a,0x84,0x13,0x06,0x80,0x1f,0x81,0x45,0x13,0x05,0x89,0x00,0x01,0x00,0x23,0x30,
0x09,0x00,0xef,0x20,0x20,0x19,0x83,0x27,0x04,0x08,0xa5,0xe7,0x50,0x7c,0x17,0x87,
0x00,0x00,0x03,0x27,0x27,0x42,0x41,0x82,0x93,0x77,0x46,0x00,0x3d,0x8a,0x63,0x8f,
0x07,0x24,0x2c,0x50,0x91,0x47,0x63,0xfc,0xb7,0x28,0x85,0x47,0x63,0xf8,0xe7,0x48,
0x03,0x26,0xc4,0x0b,0x91,0x47,0x3c,0xd0,0x81,0x46,0x93,0x05,0x70,0x03,0x22,0x85,
0xef,0xe0,0xef,0xc2,0xaa,0x84,0x63,0x0b,0x05,0x24,0x83,0x30,0x81,0x47,0x03,0x34,
0x01,0x47,0x03,0x39,0x01,0x46,0x83,0x39,0x81,0x45,0x03,0x3a,0x01,0x45,0x83,0x3a,
0x81,0x44,0x03,0x3b,0x01,0x44,0x26,0x85,0x83,0x34,0x81,0x46,0x13,0x01,0x01,0x48,
0x82,0x80,0x3c,0x58,0x37,0x07,0x04,0x00,0xf9,0x8f,0x89,0xe7,0x38,0x50,0xa1,0x47,
0x63,0x01,0xf7,0x26,0x34,0x50,0x37,0x07,0xb7,0x00,0x85,0x45,0x9b,0xd7,0x26,0x00,
0x93,0xf7,0xf7,0x0f,0x1b,0x96,0x87,0x00,0x51,0x8f,0x3a,0x86,0x63,0x86,0xb6,0x00,
0x2c,0x4c,0x91,0x46,0x63,0x8a,0xd5,0x38,0xb7,0x07,0x00,0x03,0x5d,0x8e,0x01,0x26,
0x81,0x46,0x99,0x45,0x22,0x85,0xef,0xe0,0x8f,0xbb,0xaa,0x84,0x63,0x1e,0x05,0x26,
0x13,0x05,0x80,0x3e,0xef,0xc0,0x6f,0xb8,0x34,0x50,0x85,0x47,0x63,0x86,0xf6,0x02,
0x03,0x66,0x44,0x00,0xa1,0x45,0x05,0x47,0x1c,0x56,0x81,0x27,0x93,0xe7,0x27,0x00,
0x63,0x85,0xb6,0x00,0x1b,0xd7,0x57,0x00,0x05,0x8b,0x93,0xf7,0xf7,0xfd,0x16,0x07,
0xd9,0x8f,0x01,0x00,0x1c,0xd6,0x34,0x50,0x3c,0x4c,0x01,0x00,0x23,0x26,0xd4,0x08,
0x63,0x8c,0x07,0x16,0x58,0x60,0x63,0x17,0x07,0x0e,0x17,0x87,0x00,0x00,0x03,0x27,
0x67,0x32,0x63,0x00,0x07,0x1c,0x6c,0x48,0x19,0x67,0x13,0x07,0x87,0x1a,0x63,0x6c,
0xb7,0x18,0x01,0x00,0x23,0x26,0xf4,0x0c,0x22,0x85,0xef,0xf0,0x4f,0xf6,0xaa,0x84,
0x09,0xfd,0x03,0x66,0x44,0x00,0x83,0x27,0xc4,0x0c,0xb7,0x06,0xf9,0xff,0x58,0x5e,
0xfd,0x16,0x9d,0x8b,0x01,0x27,0x75,0x8f,0xc2,0x07,0xd9,0x8f,0x01,0x00,0x5c,0xde,
0x83,0x25,0x44,0x0c,0x22,0x85,0xef,0xe0,0xbf,0xff,0xaa,0x84,0xe3,0x17,0x05,0xee,
0x38,0x50,0x85,0x47,0x63,0x15,0xf7,0x00,0x83,0x27,0xc4,0x0c,0xad,0xcf,0x83,0x27,
0x84,0x0e,0x97,0x8a,0x00,0x00,0x93,0x8a,0xea,0x2b,0x03,0xa7,0x0a,0x00,0x93,0xe7,
0x47,0x08,0x23,0x24,0xf4,0x0e,0x03,0x26,0x04,0x0d,0x63,0x09,0x07,0x30,0x93,0x06,
0x00,0x08,0x97,0x85,0x00,0x00,0x93,0x85,0xe5,0xd1,0x22,0x85,0xef,0xe0,0x4f,0xf8,
0x63,0x1b,0x05,0x1c,0x03,0x26,0x04,0x0d,0x93,0x06,0x00,0x08,0xca,0x85,0x22,0x85,
0xef,0xf0,0x5f,0xd8,0x63,0x18,0x05,0x2a,0x13,0x06,0x00,0x20,0xca,0x85,0x17,0x85,
0x00,0x00,0x13,0x05,0x25,0xcf,0xef,0x10,0xd0,0x6c,0x11,0xcd,0x03,0xa7,0x0a,0x00,
0x91,0x47,0xaa,0x84,0x63,0xe9,0xe7,0x00,0xaa,0x85,0x17,0x75,0x00,0x00,0x13,0x05,
0x65,0xfd,0xef,0x10,0x90,0x1d,0x83,0x27,0x84,0x0e,0x93,0xf7,0xb7,0xf7,0x23,0x24,
0xf4,0x0e,0xa1,0xbd,0x03,0x27,0x04,0x08,0x63,0x0d,0x07,0x18,0x0d,0x47,0x63,0x9c,
0xe7,0x14,0x37,0x06,0xb9,0x03,0x13,0x06,0x06,0x20,0x81,0x46,0x99,0x45,0x22,0x85,
0xef,0xe0,0xef,0xa5,0xaa,0x84,0xe3,0x1a,0x05,0xe2,0x03,0x26,0xc4,0x0b,0x81,0x46,
0xb5,0x45,0x22,0x85,0xef,0xe0,0xaf,0xa4,0xaa,0x84,0xe3,0x10,0x05,0xe2,0x13,0x06,
0x00,0x20,0x81,0x45,0x08,0x08,0xef,0x10,0xf0,0x75,0x0c,0x08,0x22,0x85,0xef,0xe0,
0x7f,0xfc,0xaa,0x84,0xe3,0x13,0x05,0xe0,0x2c,0x4c,0x85,0x47,0x63,0x84,0xf5,0x2a,
0x8d,0x47,0x63,0x88,0xf5,0x2c,0x13,0x05,0x80,0x3e,0xef,0xc0,0x0f,0x9f,0x03,0x67,
0x44,0x00,0x13,0x05,0x80,0x3e,0x1c,0x57,0x81,0x27,0x93,0xe7,0x47,0x00,0x01,0x00,
0x1c,0xd7,0xef,0xc0,0x8f,0x9d,0x3c,0x4c,0x6c,0x48,0x65,0xb5,0x85,0x47,0x63,0xfd,
0xe7,0x06,0x85,0x47,0x3c,0xd0,0x03,0x26,0xc4,0x0b,0x81,0x46,0x93,0x05,0x70,0x03,
0x22,0x85,0xef,0xe0,0xcf,0x9d,0xaa,0x84,0xe3,0x19,0x05,0xda,0x30,0x50,0x81,0x46,
0x93,0x05,0x60,0x10,0x1b,0x56,0x16,0x00,0x22,0x85,0xef,0xe0,0x4f,0x9c,0xaa,0x84,
0xe3,0x08,0x05,0xe0,0x59,0xbb,0x01,0x00,0x78,0xc8,0xba,0x85,0x9d,0xb5,0x85,0x47,
0xe3,0xe3,0xe7,0xfc,0x17,0x75,0x00,0x00,0x13,0x05,0xc5,0xd3,0xef,0x10,0xf0,0x0e,
0x5d,0xbf,0x17,0x75,0x00,0x00,0x13,0x05,0x65,0xdf,0xef,0x10,0x10,0x0e,0x3c,0x4c,
0x1d,0xbd,0x97,0x84,0x00,0x00,0x93,0x84,0xe4,0x14,0x98,0x40,0x85,0x47,0x63,0xfd,
0xe7,0x00,0x91,0x47,0x3c,0xd0,0x79,0xb3,0x85,0x45,0x17,0x75,0x00,0x00,0x13,0x05,
0xe5,0xd2,0xef,0x10,0x90,0x0b,0xb5,0xbf,0x17,0x75,0x00,0x00,0x13,0x05,0x85,0xd5,
0xef,0x10,0xb0,0x0a,0x03,0x26,0x04,0x08,0x91,0x47,0x3c,0xd0,0xe3,0x14,0x06,0xd6,
0x9c,0x40,0xe3,0x97,0x07,0xd8,0x17,0x75,0x00,0x00,0x13,0x05,0xa5,0xd6,0x32,0xe4,
0xef,0x10,0xb0,0x08,0x22,0x66,0xad,0xbb,0x17,0x87,0x00,0x00,0x03,0x27,0x87,0x0f,
0x91,0x47,0xe3,0xe4,0xe7,0xd0,0x2c,0x50,0x17,0x75,0x00,0x00,0x13,0x05,0x85,0xd6,
0xef,0x10,0xb0,0x06,0xdd,0xb9,0x11,0x47,0x63,0x84,0xe7,0x12,0x05,0x47,0x63,0x81,
0xe7,0x12,0xb7,0x04,0x00,0xa6,0x93,0x84,0xc4,0x11,0xc5,0xb1,0x37,0x05,0x00,0xa6,
0x93,0x04,0x15,0x00,0xd9,0xb9,0x03,0xa7,0x0a,0x00,0x91,0x47,0xaa,0x84,0xe3,0xe4,
0xe7,0xe6,0xaa,0x85,0x17,0x75,0x00,0x00,0x13,0x05,0xc5,0xdc,0xef,0x10,0xf0,0x02,
0x99,0xbd,0x93,0x05,0x00,0x04,0x22,0x85,0x03,0x2a,0x44,0x0c,0x01,0x00,0x02,0xe8,
0x02,0xec,0x02,0xf0,0x02,0xf4,0x02,0xf8,0x02,0xfc,0x82,0xe0,0x82,0xe4,0xef,0xe0,
0x3f,0xda,0x83,0x29,0x04,0x08,0x93,0x07,0x00,0x04,0x23,0x22,0xf4,0x0c,0x63,0x99,
0x09,0x08,0x3c,0x4c,0x63,0x84,0x07,0x10,0x05,0x47,0xe3,0x9c,0xe7,0xf8,0x37,0x06,
0x00,0x81,0x45,0x16,0x85,0x46,0x99,0x45,0x22,0x85,0xef,0xe0,0x4f,0x89,0xaa,0x84,
0xe3,0x15,0x05,0xc6,0x05,0x46,0x0c,0x08,0x22,0x85,0xef,0xd0,0x1f,0x94,0xaa,0x84,
0xe3,0x1d,0x05,0xc4,0x83,0x47,0x01,0x02,0x23,0x22,0x44,0x0d,0x85,0x8b,0x63,0x86,
0x07,0x0e,0x97,0x8a,0x00,0x00,0x93,0x8a,0xea,0x02,0x83,0xa7,0x0a,0x00,0x04,0x08,
0x17,0x6b,0x00,0x00,0x13,0x0b,0x0b,0x74,0x13,0x0a,0x00,0x04,0xbd,0xc7,0x85,0x29,
0x85,0x04,0xe3,0x9d,0x49,0xff,0xe3,0x98,0x07,0xe2,0x17,0x65,0x00,0x00,0x13,0x05,
0x65,0x53,0xef,0x10,0x80,0x78,0x05,0xb5,0x1b,0x86,0x47,0x00,0xc1,0x77,0x13,0x76,
0xf6,0x0f,0x93,0x87,0xf7,0x0f,0x1b,0x16,0x86,0x00,0x7d,0x8f,0x59,0x8e,0xa9,0xb9,
0x97,0x87,0x00,0x00,0x83,0xa7,0x07,0xfe,0xb5,0xcf,0x37,0x05,0x00,0xa6,0x93,0x04,
0xd5,0x11,0xe5,0xb6,0x03,0xa7,0x0a,0x00,0x91,0x47,0xaa,0x84,0xe3,0xed,0xe7,0xd6,
0xaa,0x85,0x17,0x75,0x00,0x00,0x13,0x05,0xe5,0xd0,0xef,0x10,0x00,0x74,0xa5,0xb3,
0x37,0x06,0xb9,0x03,0x13,0x06,0x06,0x10,0x49,0xb3,0x03,0xc6,0x04,0x00,0xce,0x85,
0x5a,0x85,0xef,0x10,0x80,0x72,0x83,0xa7,0x0a,0x00,0x51,0xb7,0x93,0x06,0x00,0x08,
0x97,0x85,0x00,0x00,0x93,0x85,0x05,0xa1,0x17,0x75,0x00,0x00,0x13,0x05,0x05,0xa7,
0x01,0x00,0x32,0xe4,0xef,0x10,0x60,0x70,0x22,0x66,0xd1,0xb9,0x11,0x46,0x17,0x75,
0x00,0x00,0x13,0x05,0x25,0xb0,0xef,0x10,0x40,0x6f,0x9d,0xb6,0x37,0x06,0x00,0x81,
0x41,0x16,0x09,0xb7,0x17,0x75,0x00,0x00,0x13,0x05,0x45,0xc2,0xb7,0x04,0x00,0xa6,
0xef,0x10,0xa0,0x6d,0x93,0x84,0xd4,0x11,0x8d,0xb6,0xb7,0x04,0x00,0xa6,0x93,0x84,
0xa4,0x11,0xa1,0xbe,0x83,0x47,0x91,0x0c,0xe3,0x8f,0xb7,0xd4,0xb7,0x04,0x00,0xa6,
0x97,0x87,0x00,0x00,0x83,0xa7,0x07,0xf3,0x93,0x84,0xa4,0x11,0xe3,0x9f,0x07,0xb2,
0x03,0x46,0x91,0x0c,0x17,0x75,0x00,0x00,0x13,0x05,0x45,0xc0,0xef,0x10,0xe0,0x69,
0x2d,0xb6,0x03,0x47,0x91,0x0c,0x89,0x47,0xe3,0x07,0xf7,0xd2,0xc1,0xbf,0x63,0x0f,
0x05,0x26,0x35,0x71,0xd2,0xf8,0xde,0xec,0xe2,0xe8,0xb7,0x0b,0x00,0x5a,0x13,0x0a,
0x01,0x01,0x37,0x0c,0x00,0xa6,0x22,0xe9,0x26,0xe5,0x4a,0xe1,0xce,0xfc,0xd6,0xf4,
0xda,0xf0,0xe6,0xe4,0xea,0xe0,0x6e,0xfc,0x9b,0x8c,0x9b,0xef,0x06,0xed,0xaa,0x84,
0x02,0xe8,0x02,0xec,0x02,0xf0,0x02,0xf4,0x93,0x09,0x05,0x03,0x52,0x89,0x01,0x44,
0x97,0x8a,0x00,0x00,0x93,0x8a,0x0a,0xec,0x05,0x4b,0x97,0x7d,0x00,0x00,0x93,0x8d,
0x6d,0xc9,0x11,0x4d,0x13,0x0c,0x9c,0x10,0x9b,0x8b,0xdb,0xef,0x19,0xa8,0x83,0xa7,
0x09,0x00,0x23,0x20,0xf9,0x00,0x05,0x24,0xa1,0x47,0x91,0x09,0x11,0x09,0x63,0x0d,
0xf4,0x08,0xdc,0x54,0x9b,0x05,0x04,0x00,0xe3,0x63,0xf4,0xfe,0x26,0x85,0xef,0xf0,
0xef,0xe7,0x26,0x85,0xef,0xf0,0xdf,0xa0,0xaa,0x87,0x21,0xcd,0x01,0x00,0x23,0xa0,
0x09,0x00,0x03,0xa7,0x0a,0x00,0x23,0x20,0x09,0x00,0x63,0x7d,0xed,0x18,0x3b,0x87,
0xfc,0x00,0x9b,0x86,0x07,0x00,0x63,0x79,0xeb,0x00,0x63,0x87,0x87,0x01,0xbb,0x86,
0xdb,0x00,0x8d,0x47,0xe3,0xe9,0xd7,0xfa,0x05,0x24,0x37,0x05,0x00,0xa6,0xc0,0xd4,
0x13,0x05,0xe5,0x11,0xea,0x60,0x4a,0x64,0xaa,0x64,0x0a,0x69,0xe6,0x79,0x46,0x7a,
0xa6,0x7a,0x06,0x7b,0xe6,0x6b,0x46,0x6c,0xa6,0x6c,0x06,0x6d,0xe2,0x7d,0x0d,0x61,
0x82,0x80,0x01,0x00,0x23,0xa0,0x69,0x01,0x83,0xa7,0x0a,0x00,0x23,0x20,0x69,0x01,
0xe3,0x6b,0xfb,0xf6,0xa2,0x85,0x6e,0x85,0xef,0x10,0x20,0x59,0x05,0x24,0xa1,0x47,
0x91,0x09,0x11,0x09,0xe3,0x17,0xf4,0xf6,0x03,0xa5,0x0a,0x00,0xfd,0x5b,0xfd,0x59,
0xfd,0x55,0xfd,0x5c,0x01,0x44,0x7d,0x5c,0x9d,0x4d,0x05,0x4d,0x17,0x7b,0x00,0x00,
0x13,0x0b,0x4b,0xbf,0x83,0x27,0x0a,0x00,0x63,0x8d,0x8c,0x09,0x63,0x8e,0xa7,0x09,
0xb9,0xe3,0x63,0x8c,0x85,0x03,0x9b,0x07,0x84,0x00,0x8d,0x9f,0x1b,0xd9,0xf7,0x41,
0x1b,0x53,0xd9,0x01,0x3b,0x06,0xb4,0x00,0x3b,0x89,0x67,0x00,0x7d,0x36,0x13,0x79,
0x79,0x00,0x1b,0x56,0x16,0x40,0x9b,0x06,0x04,0x00,0x3b,0x09,0x69,0x40,0x63,0x72,
0xad,0x0c,0x63,0xd4,0x29,0x01,0xb2,0x8b,0xca,0x89,0x63,0x0d,0xb4,0x01,0xfd,0x55,
0x29,0xa0,0x63,0x8b,0xa7,0x05,0x63,0x07,0xb4,0x01,0x05,0x24,0xa1,0x47,0x11,0x0a,
0xe3,0x12,0xf4,0xfa,0x85,0x47,0x63,0xf3,0xa7,0x0e,0x26,0x85,0x9b,0x85,0x0b,0x00,
0xef,0xf0,0xcf,0xd6,0x26,0x85,0xef,0xf0,0xbf,0x8f,0x0d,0xf5,0x4a,0x64,0x83,0xa5,
0x44,0x0c,0xea,0x60,0x0a,0x69,0xe6,0x79,0x46,0x7a,0xa6,0x7a,0x06,0x7b,0xe6,0x6b,
0x46,0x6c,0xa6,0x6c,0x06,0x6d,0xe2,0x7d,0x26,0x85,0xaa,0x64,0x0d,0x61,0x6f,0xe0,
0x3f,0xa6,0xc5,0xfb,0xa2,0x8c,0xb5,0xb7,0x63,0x82,0x85,0x05,0x9b,0x07,0x74,0x00,
0x9d,0x8b,0x8a,0x07,0x18,0x18,0xba,0x97,0x83,0xa7,0x07,0xfe,0x85,0xcb,0xe3,0x1e,
0xb4,0xf9,0xa1,0x47,0x8d,0x9f,0x63,0x8a,0x8c,0x03,0x1b,0x89,0x85,0x00,0x3b,0x09,
0x99,0x01,0x1b,0x59,0x19,0x40,0x13,0x79,0x79,0x00,0xbb,0x87,0xfc,0x00,0x63,0x76,
0xad,0x04,0xe3,0xdc,0xf9,0xf6,0xca,0x8b,0xbe,0x89,0x85,0xbf,0xa2,0x85,0xe3,0x16,
0xb4,0xf7,0x9d,0x45,0x85,0x47,0xe3,0x9a,0x8c,0xfd,0x63,0x75,0xad,0x06,0x01,0x49,
0xcd,0xb7,0x5a,0x85,0xfd,0x36,0x32,0xe0,0xef,0x10,0x20,0x46,0x03,0xa5,0x0a,0x00,
0x02,0x66,0x05,0xbf,0x01,0x00,0x2a,0xe0,0xa2,0x85,0x17,0x75,0x00,0x00,0x13,0x05,
0x65,0xa7,0xef,0x10,0x80,0x44,0x82,0x67,0x99,0xbd,0x9b,0x86,0x7c,0x00,0x17,0x75,
0x00,0x00,0x13,0x05,0x25,0xb2,0x9d,0x8a,0x4a,0x86,0x3e,0xe4,0x2e,0xe0,0xef,0x10,
0xc0,0x42,0x03,0xa5,0x0a,0x00,0xa2,0x67,0x82,0x65,0x61,0xbf,0xde,0x85,0x17,0x75,
0x00,0x00,0x13,0x05,0x25,0xb3,0xef,0x10,0x40,0x41,0x01,0xbf,0x37,0x05,0x00,0xa6,
0x05,0x05,0x82,0x80,0x17,0x75,0x00,0x00,0x13,0x05,0xc5,0xab,0x2e,0xe4,0x3e,0xe0,
0xef,0x10,0xa0,0x3f,0x03,0xa5,0x0a,0x00,0xa2,0x65,0x82,0x67,0x01,0x49,0x95,0xb7,
0x1d,0x71,0x86,0xec,0xa2,0xe8,0xa6,0xe4,0xca,0xe0,0x4e,0xfc,0x52,0xf8,0x56,0xf4,
0x5a,0xf0,0x5e,0xec,0x62,0xe8,0x66,0xe4,0x6a,0xe0,0x63,0x0e,0x05,0x48,0x2e,0x89,
0x63,0x8b,0x05,0x48,0xb2,0x84,0xd0,0x49,0x93,0x07,0x80,0x3e,0xe9,0x76,0xbb,0x57,
0xf6,0x02,0x19,0x67,0x9b,0x86,0x76,0xe5,0x13,0x07,0x77,0x1a,0x2a,0x84,0xdc,0xc0,
0xb5,0x9f,0x63,0x65,0xf7,0x26,0x9c,0x44,0x63,0x92,0x07,0x26,0x85,0x47,0x9c,0xc4,
0x17,0x8b,0x00,0x00,0x13,0x0b,0x0b,0xc1,0x03,0x27,0x0b,0x00,0x85,0x47,0x63,0xfc,
0xe7,0x26,0xb7,0x89,0x0f,0x00,0x93,0x0a,0x10,0x1f,0xde,0x0a,0x93,0x07,0x00,0x08,
0x93,0x89,0x99,0x04,0xb7,0x0c,0xf1,0xff,0x65,0x7c,0x01,0x00,0x23,0x28,0xf4,0x0c,
0xb2,0x09,0x13,0x8a,0x0a,0x15,0xfd,0x1c,0x7d,0x1c,0xc8,0x44,0x8c,0x48,0x98,0x4c,
0xdc,0x4c,0x03,0xa3,0x04,0x00,0x83,0xa8,0x44,0x00,0x03,0xa8,0x84,0x00,0xd4,0x48,
0x13,0x06,0x00,0x05,0x68,0xcc,0x2c,0xd0,0x38,0xd4,0x7c,0xd4,0xca,0x85,0x23,0x28,
0x64,0x04,0x23,0x2a,0x14,0x05,0x23,0x2c,0x04,0x05,0x74,0xd0,0x22,0x85,0xef,0x10,
0xb0,0x02,0x83,0x65,0x44,0x00,0x85,0x47,0x83,0x2b,0xc4,0x05,0x01,0x00,0x23,0x24,
0x04,0x0e,0x01,0x00,0x7c,0xcc,0x52,0x87,0x63,0x84,0x35,0x01,0x13,0x87,0x4a,0x15,
0x08,0x50,0x1c,0x54,0x50,0x50,0x14,0x4c,0x05,0x89,0x03,0x28,0xc4,0x01,0x1b,0x15,
0x45,0x00,0x9d,0x8b,0x05,0x8a,0x18,0x43,0xc9,0x8f,0x1b,0x16,0x56,0x00,0x85,0x8a,
0x9b,0x96,0x66,0x00,0xd1,0x8f,0xd5,0x8f,0x9b,0x16,0x78,0x00,0xd5,0x8f,0x93,0x76,
0x87,0x00,0xd5,0x8f,0x01,0x27,0x13,0x77,0x07,0xf0,0x93,0xf7,0xf7,0x0f,0xd9,0x8f,
0x81,0x27,0x52,0x87,0x63,0x84,0x35,0x01,0x13,0x87,0x4a,0x15,0x01,0x00,0x1c,0xc3,
0x83,0x67,0x44,0x00,0xb7,0x05,0x00,0x06,0x22,0x85,0xb8,0x43,0x01,0x00,0x38,0xd8,
0xfc,0x43,0x01,0x00,0x7c,0xd8,0xef,0xe0,0x7f,0xbb,0x35,0xed,0x83,0x66,0x44,0x00,
0x70,0x4c,0x05,0x45,0x98,0x56,0x93,0x85,0x86,0x02,0x9b,0x07,0x07,0x00,0x93,0xf7,
0x07,0xf0,0x13,0x77,0xd7,0x0d,0xd9,0x8f,0x3e,0x87,0x63,0x06,0xa6,0x02,0xd8,0x42,
0x6c,0x54,0x0d,0x8a,0x01,0x27,0x9b,0x95,0xc5,0x00,0x33,0x77,0x87,0x01,0x4d,0x8f,
0x01,0x27,0xd8,0xc2,0x83,0x66,0x44,0x00,0x1b,0x16,0x36,0x00,0x9d,0x9b,0x33,0xe7,
0xc7,0x00,0x93,0x85,0x86,0x02,0x01,0x00,0x98,0xc1,0x83,0x66,0x44,0x00,0x39,0x46,
0xdc,0x56,0x1b,0xd7,0x07,0x01,0x3d,0x8b,0x81,0x27,0x63,0x09,0xc7,0x00,0xb3,0xf7,
0x97,0x01,0x37,0x07,0x0e,0x00,0xd9,0x8f,0x01,0x00,0xdc,0xd6,0x93,0x05,0x00,0x19,
0x22,0x85,0xef,0xe0,0xdf,0xef,0x83,0x26,0x44,0x08,0x8d,0x47,0x03,0x67,0x44,0x00,
0x63,0xfc,0xd7,0x10,0x5c,0x5f,0x6c,0x4c,0x09,0x46,0x9b,0xd6,0x87,0x01,0x9d,0x9a,
0x93,0xe6,0x86,0x01,0xa2,0x17,0x9b,0x96,0x86,0x01,0xa1,0x93,0xd5,0x8f,0x13,0x07,
0xc7,0x03,0x85,0x46,0x63,0x85,0xc5,0x00,0x9b,0xd6,0xa7,0x01,0x85,0x8a,0x37,0x06,
0x00,0xfc,0x7d,0x16,0x9b,0x96,0xa6,0x01,0xf1,0x8f,0xd5,0x8f,0x81,0x27,0x01,0x00,
0x1c,0xc3,0x03,0x67,0x44,0x00,0x85,0x47,0x3c,0xdc,0x93,0x07,0xf0,0xef,0x5c,0xdb,
0x3c,0x48,0x09,0x47,0x63,0x6d,0xf7,0x0c,0x63,0x87,0xe7,0x1c,0x01,0x00,0x23,0x20,
0xf4,0x08,0x63,0x8e,0x07,0x0e,0x05,0x47,0x63,0x93,0xe7,0x28,0x22,0x85,0xef,0xe0,
0x7f,0x9d,0x2a,0x8d,0x19,0xe5,0x22,0x85,0xef,0xf0,0x7f,0xb1,0x2a,0x8d,0x63,0x0b,
0x05,0x0e,0x03,0x27,0x0b,0x00,0x91,0x47,0x63,0xe4,0xe7,0x02,0x83,0x27,0x04,0x08,
0x97,0x75,0x00,0x00,0x93,0x85,0x85,0x8d,0x89,0xc7,0x97,0x75,0x00,0x00,0x93,0x85,
0x65,0x8c,0x6a,0x86,0x17,0x75,0x00,0x00,0x13,0x05,0xc5,0x98,0xef,0x10,0xe0,0x16,
0xb7,0x07,0x00,0xa6,0x93,0x87,0xe7,0x11,0x63,0x14,0xfd,0x08,0x5c,0x54,0x21,0x47,
0x63,0x80,0xe7,0x08,0x01,0x00,0x23,0x26,0xf9,0x02,0x13,0x06,0x00,0x02,0x93,0x05,
0x04,0x03,0x13,0x05,0x09,0x03,0xef,0x10,0x20,0x64,0xc5,0xb3,0xb7,0xf7,0xfa,0x02,
0x93,0x87,0x77,0x46,0xe3,0xfe,0xc7,0xd8,0x98,0x44,0x89,0x47,0xe3,0xea,0xe7,0xd8,
0x17,0x8b,0x00,0x00,0x13,0x0b,0x0b,0x9a,0x03,0x27,0x0b,0x00,0x8d,0x47,0x9c,0xc4,
0x85,0x47,0xe3,0xe8,0xe7,0xd8,0x83,0x25,0x09,0x01,0x17,0x75,0x00,0x00,0x13,0x05,
0x65,0x87,0xef,0x10,0x80,0x10,0xb5,0xbb,0x93,0x07,0xf0,0xef,0x01,0x00,0x23,0x2c,
0x04,0x06,0x01,0x00,0x5c,0xdb,0x3c,0x48,0x09,0x47,0xe3,0x77,0xf7,0xf2,0x03,0x27,
0x0b,0x00,0x91,0x47,0x63,0xfe,0xe7,0x18,0x37,0x05,0x00,0xa6,0x13,0x0d,0x15,0x10,
0xe6,0x60,0x46,0x64,0xa6,0x64,0x06,0x69,0xe2,0x79,0x42,0x7a,0xa2,0x7a,0x02,0x7b,
0xe2,0x6b,0x42,0x6c,0xa2,0x6c,0x6a,0x85,0x02,0x6d,0x25,0x61,0x82,0x80,0x22,0x85,
0xef,0xe0,0xbf,0xa7,0x2a,0x8d,0x11,0xfd,0x22,0x85,0xef,0xf0,0x5f,0xa2,0x2a,0x8d,
0xe3,0x19,0x05,0xf0,0x01,0x00,0x23,0x2e,0x74,0x05,0x85,0x46,0x63,0x8d,0xdb,0x02,
0x03,0x66,0x44,0x00,0x93,0xf7,0x3b,0x00,0x8e,0x07,0x18,0x56,0x01,0x27,0x1d,0x9b,
0xd9,0x8f,0x01,0x00,0x1c,0xd6,0x7c,0x4c,0x63,0x8f,0xd7,0x00,0x03,0x66,0x44,0x00,
0x78,0x54,0xe5,0x76,0x5c,0x42,0xfd,0x16,0x1b,0x17,0xc7,0x00,0x81,0x27,0xf5,0x8f,
0xd9,0x8f,0x81,0x27,0x5c,0xc2,0x03,0x27,0x44,0x08,0x8d,0x47,0x63,0xf9,0xe7,0x14,
0x03,0x66,0x44,0x00,0x68,0x4c,0x89,0x45,0x5c,0x5e,0x85,0x46,0x1b,0xd7,0x87,0x01,
0x1d,0x9b,0x13,0x67,0x87,0x01,0xa2,0x17,0x1b,0x17,0x87,0x01,0xa1,0x93,0xd9,0x8f,
0x63,0x05,0xb5,0x00,0x9b,0xd6,0xa7,0x01,0x85,0x8a,0x37,0x07,0x00,0xfc,0x7d,0x17,
0x9b,0x96,0xa6,0x01,0xf9,0x8f,0xd5,0x8f,0x81,0x27,0x01,0x00,0x5c,0xde,0x85,0x47,
0x3c,0xdc,0x83,0x27,0x0b,0x00,0x85,0x44,0x63,0xf7,0xf4,0x10,0x03,0x27,0x04,0x08,
0x01,0xc7,0x85,0x44,0x63,0xf3,0xf4,0x2c,0x83,0x27,0x84,0x0e,0x93,0xe7,0x47,0x00,
0x23,0x24,0xf4,0x0e,0x31,0xbf,0x81,0x46,0x01,0x46,0x81,0x45,0x22,0x85,0xef,0xd0,
0x1f,0x8a,0x2a,0x8d,0x11,0xcd,0x03,0x27,0x0b,0x00,0x91,0x47,0xe3,0xe2,0xe7,0xf0,
0xea,0x85,0x17,0x65,0x00,0x00,0x13,0x05,0xe5,0x78,0xef,0x00,0x10,0x7d,0xcd,0xbd,
0x81,0x46,0x37,0x86,0xff,0x40,0x85,0x45,0x22,0x85,0xef,0xd0,0x5f,0x87,0x83,0x67,
0x44,0x00,0x13,0x35,0x15,0x00,0x01,0x00,0x23,0x20,0xa4,0x08,0x7d,0x57,0x98,0xdb,
0xb7,0x05,0x00,0x02,0x22,0x85,0xef,0xe0,0x7f,0x8b,0x2a,0x8d,0x15,0xed,0x83,0x26,
0x0b,0x00,0x05,0x47,0x83,0x27,0x04,0x08,0x63,0x75,0xd7,0x00,0x01,0x00,0x3c,0xc8,
0xc9,0xbb,0x97,0x65,0x00,0x00,0x93,0x85,0xe5,0x6c,0x89,0xe7,0x97,0x65,0x00,0x00,
0x93,0x85,0xc5,0x6c,0x17,0x65,0x00,0x00,0x13,0x05,0x45,0x75,0xef,0x00,0xf0,0x76,
0x83,0x27,0x04,0x08,0x3c,0xc8,0x75,0xb3,0x03,0x27,0x0b,0x00,0x91,0x47,0xe3,0xe1,
0xe7,0xe8,0x17,0x65,0x00,0x00,0x13,0x05,0xe5,0xec,0xef,0x00,0x10,0x75,0xa5,0xb7,
0x17,0x65,0x00,0x00,0x13,0x05,0x05,0x6e,0x37,0x0d,0x00,0xa6,0xef,0x00,0xf0,0x73,
0x13,0x0d,0x1d,0x10,0xb1,0xbd,0x37,0x0d,0x00,0xa6,0x05,0x0d,0x91,0xbd,0x03,0x27,
0x0b,0x00,0x91,0x47,0xe3,0xe2,0xe7,0xe4,0x17,0x65,0x00,0x00,0x13,0x05,0x85,0x71,
0x37,0x0d,0x00,0xa6,0xef,0x00,0x70,0x71,0x13,0x0d,0x1d,0x10,0x15,0xbd,0x01,0x00,
0x23,0x2c,0x04,0x06,0xfd,0xb5,0x17,0x65,0x00,0x00,0x13,0x05,0x25,0x74,0xef,0x00,
0xd0,0x6f,0x83,0x27,0x0b,0x00,0xe3,0xe3,0xf4,0xee,0x4c,0x40,0x17,0x65,0x00,0x00,
0x13,0x05,0x45,0x75,0xef,0x00,0x70,0x6e,0x83,0x27,0x0b,0x00,0xe3,0xee,0xf4,0xec,
0x83,0x45,0x34,0x0a,0x17,0x65,0x00,0x00,0x13,0x05,0x45,0x75,0xef,0x00,0xf0,0x6c,
0x03,0x27,0x04,0x08,0x83,0x27,0x0b,0x00,0xe3,0x1d,0x07,0xea,0xe3,0xee,0xf4,0xea,
0x4c,0x70,0x17,0x65,0x00,0x00,0x13,0x05,0x65,0x75,0xa1,0x81,0xc2,0x15,0xc1,0x91,
0xef,0x00,0xb0,0x6a,0x83,0x27,0x0b,0x00,0xe3,0xe0,0xf4,0xea,0x83,0x47,0xc4,0x09,
0x03,0x47,0xd4,0x09,0x83,0x46,0xe4,0x09,0x03,0x46,0xf4,0x09,0x83,0x45,0x04,0x0a,
0x17,0x65,0x00,0x00,0x13,0x05,0x85,0x73,0xef,0x00,0x30,0x68,0x83,0x27,0x0b,0x00,
0x85,0x44,0xe3,0xeb,0xf4,0xe6,0x83,0x25,0x84,0x08,0x17,0x65,0x00,0x00,0x13,0x05,
0x65,0x75,0xef,0x00,0x90,0x66,0x83,0x27,0x0b,0x00,0xe3,0xef,0xf4,0xe4,0x83,0x25,
0xc4,0x08,0x17,0x65,0x00,0x00,0x13,0x05,0x65,0x75,0xef,0x00,0x10,0x65,0x83,0x27,
0x0b,0x00,0xe3,0xe3,0xf4,0xe4,0x83,0x25,0x04,0x0d,0x17,0x65,0x00,0x00,0x13,0x05,
0x65,0x75,0xef,0x00,0x90,0x63,0x83,0x27,0x0b,0x00,0xe3,0xe7,0xf4,0xe2,0x83,0x67,
0xc4,0x05,0x17,0x65,0x00,0x00,0x13,0x05,0x65,0x75,0x13,0x97,0x37,0x00,0x97,0x77,
0x00,0x00,0x93,0x87,0xa7,0x88,0xba,0x97,0x8c,0x63,0xef,0x00,0x10,0x61,0x83,0x27,
0x0b,0x00,0xe3,0xe3,0xf4,0xe0,0x83,0x67,0xc4,0x0c,0x17,0x65,0x00,0x00,0x13,0x05,
0x65,0x74,0x13,0x97,0x37,0x00,0x97,0x77,0x00,0x00,0x93,0x87,0x27,0x88,0xba,0x97,
0x8c,0x63,0xef,0x00,0x90,0x5e,0x83,0x27,0x0b,0x00,0xe3,0xef,0xf4,0xdc,0x83,0x25,
0x44,0x0c,0x17,0x65,0x00,0x00,0x13,0x05,0xe5,0x72,0xef,0x00,0x10,0x5d,0x83,0x27,
0x0b,0x00,0xe3,0xe3,0xf4,0xdc,0x83,0x25,0x44,0x08,0x17,0x65,0x00,0x00,0x13,0x05,
0xe5,0x72,0xef,0x00,0x90,0x5b,0x83,0x27,0x0b,0x00,0xe3,0xe7,0xf4,0xda,0x83,0x27,
0x04,0x09,0x97,0x65,0x00,0x00,0x93,0x85,0xe5,0x4f,0x89,0xe7,0x97,0x65,0x00,0x00,
0x93,0x85,0xc5,0x4f,0x17,0x65,0x00,0x00,0x13,0x05,0xc5,0x71,0xef,0x00,0xf0,0x58,
0x83,0x27,0x0b,0x00,0x85,0x44,0xe3,0xe1,0xf4,0xd8,0x83,0x25,0x04,0x0c,0x17,0x65,
0x00,0x00,0x13,0x05,0xa5,0x71,0x9b,0xd7,0x05,0x01,0x13,0xf7,0xf7,0x00,0x97,0x67,
0x00,0x00,0x93,0x87,0xa7,0x7c,0xba,0x97,0x03,0xc6,0x07,0x00,0x9b,0xd5,0x45,0x01,
0xef,0x00,0xb0,0x55,0x83,0x27,0x0b,0x00,0xe3,0xe8,0xf4,0xd4,0x17,0x65,0x00,0x00,
0x13,0x05,0x45,0x70,0xef,0x00,0x70,0x54,0x81,0xb3,0x83,0x45,0x14,0x0a,0x17,0x65,
0x00,0x00,0x13,0x05,0xa5,0x5d,0xef,0x00,0x50,0x53,0x83,0x27,0x0b,0x00,0xe3,0xe5,
0xf4,0xd2,0x03,0x48,0xb4,0x09,0x83,0x47,0xc4,0x09,0x03,0x47,0xd4,0x09,0x83,0x46,
0xe4,0x09,0x03,0x46,0xf4,0x09,0x83,0x45,0x04,0x0a,0x17,0x65,0x00,0x00,0x13,0x05,
0x65,0x5d,0xef,0x00,0x90,0x50,0x59,0xb5,0x83,0x67,0x45,0x00,0x98,0x5f,0x9c,0x5b,
0x82,0x80,0x01,0x11,0x22,0xe8,0x2a,0xe4,0x06,0xec,0x01,0x25,0x93,0x07,0x00,0x04,
0x2e,0x84,0x63,0x02,0xf5,0x08,0x63,0xe5,0xa7,0x04,0xc1,0x47,0x63,0x0d,0xf5,0x06,
0x63,0xe3,0xa7,0x08,0x85,0x47,0x63,0x15,0xf5,0x06,0xa2,0x67,0x3c,0xf4,0x22,0x45,
0x85,0x47,0x23,0x1a,0xf4,0x06,0x85,0x67,0x93,0x87,0x07,0xe0,0xe9,0x8f,0x89,0xcf,
0x17,0x77,0x00,0x00,0x03,0x27,0x07,0x53,0x91,0x47,0x63,0xf6,0xe7,0x06,0xa2,0x67,
0x3c,0xfc,0x85,0x47,0x23,0x12,0xf4,0x08,0xe2,0x60,0x42,0x64,0x05,0x61,0x82,0x80,
0x93,0x07,0x00,0x10,0x63,0x09,0xf5,0x02,0x01,0x00,0x89,0x67,0xe3,0x15,0xf5,0xfc,
0x17,0x77,0x00,0x00,0x03,0x27,0x07,0x50,0x85,0x47,0xe3,0xef,0xe7,0xfc,0x42,0x64,
0xe2,0x60,0x17,0x65,0x00,0x00,0x13,0x05,0x65,0x74,0x05,0x61,0x6f,0x00,0xf0,0x46,
0x89,0x47,0xe3,0x13,0xf5,0xfc,0xa2,0x67,0x3c,0xfc,0x85,0x47,0x22,0x45,0x01,0x00,
0x23,0x12,0xf4,0x08,0x49,0xbf,0x93,0x07,0x00,0x02,0xe3,0x00,0xf5,0xf8,0xe2,0x60,
0x42,0x64,0x05,0x61,0x82,0x80,0x1b,0x15,0x65,0x00,0xb7,0x05,0x00,0x86,0xc9,0x8d,
0x81,0x25,0x17,0x65,0x00,0x00,0x13,0x05,0x65,0x73,0xef,0x00,0x10,0x43,0x41,0xb7,
0x79,0x71,0x06,0xf4,0x22,0xf0,0x26,0xec,0x4a,0xe8,0x4e,0xe4,0x41,0xcd,0xaa,0x84,
0x2e,0x85,0x2e,0x84,0xb2,0x89,0x36,0x89,0xef,0x00,0x00,0x12,0x41,0xc5,0x93,0x17,
0x04,0x02,0x81,0x93,0x13,0x95,0x47,0x00,0x3e,0x95,0x0e,0x05,0x97,0x97,0x00,0x00,
0x93,0x87,0x47,0xc3,0x3e,0x95,0xa2,0x85,0x88,0xe0,0x4e,0x86,0xef,0x00,0x60,0x18,
0x2a,0x84,0x21,0xe1,0x90,0x60,0x63,0x06,0x09,0x04,0xca,0x85,0x32,0x85,0xef,0x00,
0x40,0x41,0x2a,0x84,0x1d,0xe4,0x94,0x60,0x17,0x06,0x00,0x00,0x13,0x06,0x06,0x42,
0x81,0x45,0xe8,0x4a,0xef,0xb0,0x7f,0x91,0x9c,0x60,0x05,0x47,0x23,0xb4,0x07,0x06,
0xb8,0xdb,0x23,0x9a,0x07,0x06,0x23,0xbc,0x07,0x06,0x23,0xa0,0xe7,0x08,0x23,0x92,
0x07,0x08,0xa2,0x70,0x22,0x85,0x02,0x74,0xe2,0x64,0x42,0x69,0xa2,0x69,0x45,0x61,
0x82,0x80,0x97,0x05,0x00,0x00,0x93,0x85,0x05,0xea,0x32,0x85,0xef,0x00,0x60,0x3c,
0x2a,0x84,0x4d,0xbf,0x37,0x04,0x00,0x86,0x09,0x04,0xa2,0x70,0x22,0x85,0x02,0x74,
0xe2,0x64,0x42,0x69,0xa2,0x69,0x45,0x61,0x82,0x80,0x79,0x71,0x26,0xec,0x24,0x49,
0x22,0xf0,0x4a,0xe8,0x4e,0xe4,0x06,0xf4,0x99,0x88,0x99,0x47,0x2a,0x84,0xae,0x89,
0x32,0x89,0x63,0x8e,0xf4,0x04,0x1c,0x60,0x63,0x96,0x09,0x02,0xd0,0x43,0x1b,0x19,
0x19,0x00,0x01,0x26,0x75,0x9a,0x33,0x69,0x26,0x01,0x01,0x29,0x23,0xa2,0x27,0x01,
0x99,0x47,0x63,0x84,0xf4,0x02,0xa2,0x70,0x02,0x74,0xe2,0x64,0x42,0x69,0xa2,0x69,
0x45,0x61,0x82,0x80,0xd0,0x43,0x01,0x26,0x79,0x9a,0x33,0x69,0x26,0x01,0x01,0x00,
0x23,0xa2,0x27,0x01,0x99,0x47,0xe3,0x90,0xf4,0xfe,0x68,0x48,0x02,0x74,0xa2,0x70,
0xe2,0x64,0x42,0x69,0xa2,0x69,0x85,0x45,0x45,0x61,0x6f,0xb0,0xbf,0x90,0x68,0x49,
0x81,0x45,0xef,0xb0,0x3f,0x90,0x45,0xb7,0x97,0x77,0x00,0x00,0x93,0x87,0x87,0x08,
0x94,0x43,0x2a,0x87,0x63,0x8c,0xa6,0x00,0xdc,0x4b,0x01,0x45,0x63,0x83,0xe7,0x00,
0x82,0x80,0x17,0x75,0x00,0x00,0x13,0x05,0x25,0x08,0x82,0x80,0x3e,0x85,0x82,0x80,
0xd3,0xf7,0x15,0xd0,0x97,0x77,0x00,0x00,0x07,0xa7,0xc7,0x3a,0x97,0x77,0x00,0x00,
0x87,0xa6,0x87,0x3a,0x53,0xf7,0xe7,0x10,0xd3,0x77,0x16,0xd0,0xd3,0xf7,0xe7,0x18,
0xd3,0xf7,0xd7,0x00,0xd3,0x97,0x17,0xc0,0x1b,0x87,0x07,0x00,0x19,0xe3,0x85,0x47,
0x05,0x47,0xc1,0x66,0x63,0x65,0xd7,0x00,0x01,0x00,0xc1,0x67,0xfd,0x37,0x18,0x61,
0x13,0xf6,0xf7,0x0f,0x9b,0xd7,0x87,0x00,0x54,0x47,0x81,0x26,0x93,0xe6,0x06,0x08,
0x54,0xc7,0x10,0xc3,0x5c,0xc3,0x5c,0x47,0x81,0x27,0x93,0xf7,0xf7,0xf7,0x5c,0xc7,
0x82,0x80,0x63,0x08,0x05,0x1c,0x85,0x47,0x63,0xe5,0xb7,0x1c,0x3c,0x49,0x41,0x11,
0x22,0xe0,0x06,0xe4,0x85,0x8b,0x2a,0x84,0xf5,0xeb,0x63,0x07,0x06,0x1c,0x83,0x28,
0x06,0x00,0x03,0x28,0x46,0x00,0x08,0x46,0x54,0x46,0x18,0x4a,0x5c,0x4a,0x23,0x24,
0x14,0x01,0x23,0x26,0x04,0x01,0x08,0xc8,0x54,0xc8,0x18,0xcc,0x5c,0xcc,0xf1,0x67,
0x93,0x87,0x07,0x20,0x1c,0xc4,0x97,0x77,0x00,0x00,0x93,0x87,0xa7,0xfb,0x98,0x43,
0x63,0x0e,0xb7,0x1e,0xd8,0x4b,0x63,0x1d,0xb7,0x1e,0x05,0x47,0x93,0x16,0x27,0x00,
0x36,0x97,0x0a,0x07,0xba,0x97,0x03,0xe7,0x47,0x00,0x94,0x4b,0x9c,0x47,0x18,0xe0,
0x18,0x60,0x2c,0xcc,0x74,0xc8,0x7c,0xcc,0x5c,0x43,0x81,0x27,0xc1,0x9b,0x01,0x00,
0x5c,0xc3,0x18,0x60,0x1c,0x47,0x81,0x27,0x93,0xe7,0x47,0x00,0x1c,0xc7,0x18,0x60,
0x1c,0x47,0x81,0x27,0x93,0xe7,0x27,0x00,0x1c,0xc7,0x1c,0x60,0xfc,0x5f,0x85,0x8b,
0xed,0xff,0x1c,0x60,0xfc,0x5f,0x85,0x8b,0xe5,0xcf,0x17,0x77,0x00,0x00,0x03,0x27,
0x67,0x23,0x91,0x47,0x63,0xf8,0xe7,0x10,0x1c,0x60,0xfc,0x5f,0x85,0x8b,0xc5,0xc7,
0x17,0x77,0x00,0x00,0x03,0x27,0x07,0x22,0x91,0x47,0x63,0xf8,0xe7,0x10,0x18,0x60,
0x1c,0x47,0x81,0x27,0x93,0xe7,0x17,0x00,0x1c,0xc7,0x18,0x60,0x1c,0x47,0x81,0x27,
0x93,0xe7,0x07,0x03,0x1c,0xc7,0x18,0x60,0x1c,0x47,0x81,0x27,0x93,0xf7,0xf7,0xf3,
0x93,0xe7,0x07,0x08,0x1c,0xc7,0x1c,0x4c,0xd5,0xeb,0x3c,0x48,0x01,0x45,0x93,0xe7,
0x17,0x00,0x3c,0xc8,0xa2,0x60,0x02,0x64,0x41,0x01,0x82,0x80,0x63,0x0e,0x06,0x12,
0x18,0x45,0x1c,0x42,0x63,0x06,0xf7,0x10,0x18,0x60,0x93,0x07,0x10,0x3e,0xda,0x07,
0x63,0x0f,0xf7,0x0c,0xb7,0x07,0x20,0x3e,0x93,0x87,0xf7,0x41,0x8a,0x07,0x98,0x43,
0xf9,0x76,0xfd,0x16,0x01,0x27,0x75,0x8f,0x98,0xc3,0x98,0x43,0x89,0x66,0x55,0x8f,
0x01,0x27,0x98,0xc3,0x83,0x28,0x06,0x00,0x03,0x28,0x46,0x00,0x08,0x46,0x54,0x46,
0x18,0x4a,0x5c,0x4a,0x23,0x24,0x14,0x01,0x23,0x26,0x04,0x01,0x08,0xc8,0x54,0xc8,
0x18,0xcc,0x5c,0xcc,0xcd,0xb5,0x18,0x60,0x54,0x44,0x5c,0x47,0x81,0x27,0xf1,0x9b,
0xd5,0x8f,0x5c,0xc7,0x14,0x60,0x58,0x48,0xdc,0x46,0x1b,0x17,0x37,0x00,0x81,0x27,
0x93,0xf7,0x77,0xfc,0xd9,0x8f,0x81,0x27,0xdc,0xc6,0x14,0x60,0x1c,0x48,0xd8,0x46,
0x9b,0x97,0x27,0x00,0x91,0x8b,0x01,0x27,0x6d,0x9b,0xd9,0x8f,0xdc,0xc6,0x05,0xbf,
0x70,0x4c,0x0c,0x44,0x22,0x85,0xef,0xf0,0xbf,0xdf,0x39,0xb7,0x18,0x60,0x1c,0x4b,
0x81,0x27,0x93,0xe7,0x07,0x02,0x1c,0xcb,0x1c,0x4b,0x81,0x27,0x93,0xe7,0x27,0x00,
0x1c,0xcb,0x25,0xbf,0x17,0x65,0x00,0x00,0x13,0x05,0x45,0x3c,0xef,0x00,0xf0,0x09,
0xe5,0xb5,0x37,0x05,0x00,0x86,0x09,0x05,0x82,0x80,0x17,0x65,0x00,0x00,0x13,0x05,
0xe5,0x3e,0xef,0x00,0x90,0x08,0xe5,0xb5,0x97,0x67,0x00,0x00,0x93,0x87,0x87,0x42,
0x94,0x63,0x98,0x67,0x9c,0x6b,0x14,0xe5,0x18,0xe9,0x1c,0xed,0x89,0xb5,0xb7,0x07,
0x20,0x3e,0x93,0x87,0xf7,0x41,0x8a,0x07,0x98,0x43,0xfd,0x76,0xfd,0x16,0x01,0x27,
0x75,0x8f,0x98,0xc3,0x98,0x43,0x85,0x66,0x55,0x8f,0x01,0x27,0x98,0xc3,0x1d,0xb7,
0x58,0x45,0x5c,0x42,0xe3,0x1a,0xf7,0xee,0x18,0x49,0x1c,0x46,0xe3,0x16,0xf7,0xee,
0x58,0x49,0x5c,0x46,0xe3,0x12,0xf7,0xee,0x18,0x4d,0x1c,0x4a,0xe3,0x1e,0xf7,0xec,
0x58,0x4d,0x5c,0x4a,0xe3,0x1a,0xf7,0xec,0x01,0x45,0x6d,0xbd,0x01,0x47,0x39,0xb5,
0x01,0x00,0x2c,0xcc,0x83,0x27,0x40,0x00,0x02,0x90,0x0d,0x47,0x01,0xa8,0x1c,0x61,
0x9c,0x47,0x9b,0xd7,0x67,0x00,0x8d,0x8b,0x63,0x97,0xe7,0x00,0x1c,0x61,0xdc,0x43,
0x93,0xf7,0x07,0x08,0xed,0xd7,0x1c,0x61,0xc8,0x4b,0x1b,0x55,0x55,0x00,0x05,0x89,
0x82,0x80,0x18,0x61,0x5c,0x43,0x81,0x27,0x93,0xf7,0xf7,0xf7,0x5c,0xc3,0x1c,0x61,
0xdc,0x4b,0x93,0xf7,0x07,0x02,0xe5,0xdf,0x1c,0x61,0x93,0xf5,0xf5,0x0f,0x8c,0xc3,
0x82,0x80,0x19,0xc5,0x91,0xc5,0x01,0x00,0x2c,0xe1,0x30,0xe5,0x01,0x45,0x82,0x80,
0x37,0x05,0x00,0x86,0x09,0x05,0x82,0x80,0x18,0x61,0x79,0x71,0x22,0xf0,0x10,0x47,
0x01,0x00,0x06,0xf4,0x26,0xec,0x13,0x77,0x76,0x00,0x91,0x47,0x2a,0x84,0x3d,0x8a,
0x63,0x04,0xf7,0x02,0x89,0x47,0x63,0x0f,0xf6,0x08,0x99,0x47,0x63,0x03,0xf6,0x0e,
0x9d,0x47,0x63,0x00,0xf6,0x16,0x85,0x47,0x63,0x0d,0xf6,0x1a,0x61,0xc2,0xa2,0x70,
0x02,0x74,0xe2,0x64,0x45,0x61,0x82,0x80,0x18,0x61,0x02,0xe4,0x5c,0x5d,0x54,0x4b,
0x18,0x5d,0x85,0x8a,0x8d,0xe2,0x2d,0xa0,0x18,0x60,0x1c,0x78,0x18,0x43,0xb6,0x97,
0x01,0x00,0x23,0x80,0xe7,0x00,0x5c,0x5c,0x18,0x60,0x85,0x27,0x5c,0xdc,0x58,0x4b,
0x05,0x8b,0x21,0xc7,0x18,0x5c,0x93,0x96,0x07,0x02,0x81,0x92,0xe3,0xee,0xe7,0xfc,
0x63,0x00,0xf7,0x04,0x31,0x47,0xe3,0x1c,0xe6,0xfa,0x58,0x4c,0x4d,0xdb,0x13,0x07,
0x00,0x04,0x01,0x46,0x85,0x45,0x22,0x85,0x01,0x00,0x3a,0xc4,0x3e,0xc6,0xef,0xf0,
0xdf,0xba,0x3c,0x48,0x38,0x60,0xed,0x9b,0x3c,0xc8,0x51,0xdb,0x2c,0x64,0x02,0x74,
0x22,0x65,0xa2,0x70,0xe2,0x64,0x45,0x61,0x02,0x87,0x18,0x5c,0xe3,0x14,0xf7,0xfc,
0x09,0x47,0xc1,0xbf,0x58,0x55,0x1c,0x55,0x63,0x14,0xf7,0x02,0xbd,0xa2,0x58,0x54,
0x14,0x54,0x13,0x16,0x07,0x02,0x01,0x92,0xe3,0x73,0xd7,0xf6,0x1c,0x70,0x18,0x60,
0xb2,0x97,0x83,0xc7,0x07,0x00,0x01,0x00,0x1c,0xc3,0x5c,0x54,0x85,0x27,0x5c,0xd4,
0x22,0x85,0xef,0xf0,0x9f,0xeb,0x01,0x25,0x79,0xd9,0x91,0xb7,0x3c,0x61,0x09,0x67,
0x3a,0xe4,0x95,0xdf,0x2c,0x65,0x09,0x65,0x02,0x74,0xa2,0x70,0xe2,0x64,0x45,0x61,
0x82,0x87,0x1c,0x61,0x02,0xc6,0xd4,0x4b,0x93,0xf4,0x26,0x00,0x81,0x26,0x8d,0xcc,
0x1c,0x61,0xdc,0x4b,0x85,0x8b,0x9d,0xc7,0x5c,0x5d,0x39,0xa8,0x18,0x60,0x1c,0x78,
0x18,0x43,0xb2,0x97,0x01,0x00,0x23,0x80,0xe7,0x00,0x5c,0x5c,0x18,0x60,0x85,0x27,
0x5c,0xdc,0x58,0x4b,0x05,0x8b,0x19,0xc7,0x18,0x5c,0x13,0x96,0x07,0x02,0x01,0x92,
0xe3,0xee,0xe7,0xfc,0x93,0x04,0x00,0x10,0x93,0xf7,0x46,0x00,0x99,0xc3,0x93,0xe4,
0x04,0x20,0x93,0xf7,0x86,0x00,0x99,0xc3,0x93,0xe4,0x04,0x40,0xc1,0x8a,0xd1,0xea,
0x01,0x46,0x85,0x45,0x22,0x85,0xef,0xf0,0x5f,0xad,0x3c,0x48,0x54,0x5c,0x38,0x60,
0xed,0x9b,0x3c,0xc8,0x01,0x00,0x36,0xc6,0xe3,0x0b,0x07,0xea,0x01,0x00,0x26,0xc4,
0x31,0xbf,0x18,0x61,0x93,0x07,0x10,0x3e,0x02,0xc6,0xda,0x07,0x63,0x08,0xf7,0x06,
0xb7,0x07,0x20,0x3e,0x93,0x87,0xf7,0x41,0x8a,0x07,0x98,0x43,0xf9,0x76,0xfd,0x16,
0x01,0x27,0x75,0x8f,0x98,0xc3,0x98,0x43,0x89,0x66,0x55,0x8f,0x01,0x27,0x98,0xc3,
0x2c,0x4c,0x13,0x06,0x84,0x00,0x22,0x85,0xef,0xf0,0xbf,0xb8,0x3c,0x48,0x13,0xf7,
0x47,0x00,0x31,0xef,0x89,0x8b,0xe3,0x84,0x07,0xe6,0x5c,0x54,0x13,0x07,0x00,0x02,
0x3e,0xc6,0x3c,0x60,0xe3,0x8d,0x07,0xe4,0x01,0x00,0x3a,0xc4,0x2c,0x64,0x22,0x65,
0x21,0xbf,0x3c,0x61,0x05,0x67,0x3a,0xe4,0xe3,0x83,0x07,0xe4,0x2c,0x65,0x05,0x65,
0x21,0xb7,0x85,0x67,0x93,0x87,0x07,0x80,0xdd,0x8c,0x9d,0xb7,0xb7,0x07,0x20,0x3e,
0x93,0x87,0xf7,0x41,0x8a,0x07,0x98,0x43,0xfd,0x76,0xfd,0x16,0x01,0x27,0x75,0x8f,
0x98,0xc3,0x98,0x43,0x85,0x66,0x55,0x8f,0x01,0x27,0x98,0xc3,0x51,0xbf,0x58,0x5c,
0x89,0x8b,0x3a,0xc6,0xdd,0xf3,0x41,0x47,0x6d,0xb7,0x01,0x46,0x81,0x45,0xef,0xf0,
0xdf,0xa0,0x3c,0x48,0x38,0x60,0xf5,0x9b,0x3c,0xc8,0xe3,0x0a,0x07,0xde,0x5c,0x54,
0x85,0x46,0x36,0xc4,0x3e,0xc6,0x99,0xbd,0x05,0x45,0x82,0x80,0x17,0x77,0x00,0x00,
0x13,0x07,0xc7,0xdb,0x1c,0x63,0x97,0x76,0x00,0x00,0x83,0xb6,0xa6,0xdb,0x3e,0x95,
0x63,0xe8,0xa6,0x00,0x97,0x76,0x00,0x00,0x83,0xb6,0x46,0xdb,0x63,0x75,0xd5,0x00,
0xfd,0x57,0x3e,0x85,0x82,0x80,0x01,0x00,0x08,0xe3,0x3e,0x85,0x82,0x80,0x41,0x11,
0x06,0xe4,0xef,0x00,0x50,0x15,0xa2,0x60,0xa5,0x47,0x1c,0xc1,0x7d,0x55,0x41,0x01,
0x82,0x80,0x41,0x11,0x2e,0x85,0x9b,0x05,0x06,0x00,0x01,0x00,0x06,0xe4,0xef,0x00,
0xe0,0x55,0xa2,0x60,0x02,0x15,0x01,0x91,0x41,0x01,0x82,0x80,0x41,0x11,0x06,0xe4,
0xef,0x00,0x70,0x12,0xa2,0x60,0xd9,0x47,0x1c,0xc1,0x7d,0x55,0x41,0x01,0x82,0x80,
0x01,0x45,0x82,0x80,0x05,0x45,0x82,0x80,0x7d,0x35,0x85,0x47,0x63,0xe7,0xa7,0x00,
0x01,0x00,0x89,0x67,0xdc,0xc1,0x01,0x45,0x82,0x80,0x41,0x11,0x06,0xe4,0xef,0x00,
0x90,0x0f,0xa2,0x60,0xa5,0x47,0x1c,0xc1,0x7d,0x55,0x41,0x01,0x82,0x80,0x01,0xa0,
0x7d,0x55,0x82,0x80,0x01,0x11,0x22,0xe8,0x26,0xe4,0x4a,0xe0,0xae,0x84,0x06,0xec,
0x2a,0x84,0xef,0x10,0x50,0x09,0x83,0xc7,0xd4,0x00,0x1b,0x09,0x05,0x00,0x23,0xa0,
0x24,0x01,0x8d,0xcf,0x83,0xc7,0xe4,0x00,0x95,0xeb,0xdc,0x40,0x63,0x58,0xf9,0x02,
0x03,0x85,0xc4,0x00,0x05,0x29,0xef,0x00,0xc0,0x51,0xdc,0x40,0xe3,0x4a,0xf9,0xfe,
0x83,0x47,0x04,0x00,0x99,0xcf,0x9c,0x44,0x1b,0x87,0xf7,0xff,0x99,0xcb,0x01,0x00,
0x98,0xc4,0x03,0x05,0x04,0x00,0x05,0x04,0xef,0x00,0xa0,0x4f,0x83,0x47,0x04,0x00,
0xfd,0xf3,0xe2,0x60,0x42,0x64,0xa2,0x64,0x02,0x69,0x05,0x61,0x82,0x80,0x59,0x71,
0x97,0x67,0x00,0x00,0x93,0x87,0x87,0x00,0x03,0xb8,0x07,0x00,0x94,0x67,0x03,0xc7,
0x07,0x01,0xca,0xe8,0x86,0xf4,0xa2,0xf0,0xa6,0xec,0xce,0xe4,0x83,0x47,0xf6,0x00,
0x02,0xf0,0x02,0xf4,0x02,0xf8,0x02,0xfc,0x42,0xe4,0x36,0xe8,0x23,0x0c,0xe1,0x00,
0x32,0x89,0x81,0xe7,0xa9,0x47,0x63,0x85,0xf5,0x0e,0x01,0x25,0x01,0x48,0x81,0x25,
0x18,0x10,0x81,0x46,0xbb,0x77,0xb5,0x02,0x84,0x00,0x05,0x07,0x1b,0x06,0x05,0x00,
0x36,0x84,0x85,0x26,0x82,0x17,0x81,0x93,0xa6,0x97,0x83,0xc4,0x87,0xfc,0x3b,0x55,
0xb5,0x02,0x01,0x00,0xa3,0x0f,0x97,0xfe,0xe3,0x7e,0xb6,0xfc,0x63,0x0b,0x08,0x00,
0x9c,0x00,0xb6,0x97,0x13,0x07,0xd0,0x02,0x23,0x80,0xe7,0xfe,0x36,0x84,0x93,0x04,
0xd0,0x02,0x08,0x10,0xef,0x10,0x20,0x7b,0x83,0x47,0xd9,0x00,0x9b,0x09,0x05,0x00,
0x23,0x20,0x39,0x01,0x81,0xc7,0x83,0x47,0xe9,0x00,0xa1,0xcf,0x1c,0x10,0x3e,0x94,
0xbe,0x89,0x21,0xa0,0x83,0x44,0xf4,0xff,0x7d,0x14,0x1b,0x95,0x84,0x01,0x1b,0x55,
0x85,0x41,0xef,0x00,0x00,0x43,0xe3,0x97,0x89,0xfe,0x83,0x47,0xd9,0x00,0x9d,0xc3,
0x83,0x47,0xe9,0x00,0x85,0xc3,0x03,0x24,0x09,0x00,0x83,0x27,0x49,0x00,0x63,0x5b,
0xf4,0x00,0x03,0x05,0xc9,0x00,0x05,0x24,0xef,0x00,0xa0,0x40,0x83,0x27,0x49,0x00,
0xe3,0x49,0xf4,0xfe,0xa6,0x70,0x06,0x74,0xe6,0x64,0x46,0x69,0xa6,0x69,0x65,0x61,
0x82,0x80,0x83,0x27,0x49,0x00,0xe3,0xd3,0xf9,0xfa,0x03,0x05,0xc9,0x00,0x85,0x29,
0xef,0x00,0x20,0x3e,0x83,0x27,0x49,0x00,0xe3,0xda,0xf9,0xf8,0x03,0x05,0xc9,0x00,
0x85,0x29,0xef,0x00,0x00,0x3d,0x83,0x27,0x49,0x00,0xe3,0xc0,0xf9,0xfe,0xbd,0xbf,
0xe3,0x5d,0x05,0xf0,0x3b,0x05,0xa0,0x40,0x05,0x48,0x11,0xbf,0x75,0x71,0x97,0x67,
0x00,0x00,0x93,0x87,0xa7,0xed,0x03,0xb8,0x07,0x00,0x94,0x67,0x03,0xc7,0x07,0x01,
0xca,0xf8,0x06,0xe5,0x22,0xe1,0xa6,0xfc,0xce,0xf4,0x83,0x47,0xf6,0x00,0x02,0xf0,
0x02,0xf4,0x02,0xf8,0x02,0xfc,0x82,0xe0,0x82,0xe4,0x82,0xe8,0x82,0xec,0x42,0xe4,
0x36,0xe8,0x23,0x0c,0xe1,0x00,0x32,0x89,0x81,0xe7,0xa9,0x47,0x63,0x80,0xf5,0x0e,
0x01,0x48,0x18,0x10,0x81,0x46,0xb3,0x77,0xb5,0x02,0x84,0x10,0x05,0x07,0x2a,0x86,
0x36,0x84,0x85,0x26,0xa6,0x97,0x83,0xc4,0x87,0xfa,0x33,0x55,0xb5,0x02,0x01,0x00,
0xa3,0x0f,0x97,0xfe,0xe3,0x71,0xb6,0xfe,0x63,0x0b,0x08,0x00,0x9c,0x10,0xb6,0x97,
0x13,0x07,0xd0,0x02,0x23,0x80,0xe7,0xfc,0x36,0x84,0x93,0x04,0xd0,0x02,0x08,0x10,
0xef,0x10,0x60,0x68,0x83,0x47,0xd9,0x00,0x9b,0x09,0x05,0x00,0x23,0x20,0x39,0x01,
0x81,0xc7,0x83,0x47,0xe9,0x00,0xa1,0xcf,0x1c,0x10,0x3e,0x94,0xbe,0x89,0x21,0xa0,
0x83,0x44,0xf4,0xff,0x7d,0x14,0x1b,0x95,0x84,0x01,0x1b,0x55,0x85,0x41,0xef,0x00,
0x40,0x30,0xe3,0x97,0x89,0xfe,0x83,0x47,0xd9,0x00,0x9d,0xc3,0x83,0x47,0xe9,0x00,
0x85,0xc3,0x03,0x24,0x09,0x00,0x83,0x27,0x49,0x00,0x63,0x5b,0xf4,0x00,0x03,0x05,
0xc9,0x00,0x05,0x24,0xef,0x00,0xe0,0x2d,0x83,0x27,0x49,0x00,0xe3,0x49,0xf4,0xfe,
0xaa,0x60,0x0a,0x64,0xe6,0x74,0x46,0x79,0xa6,0x79,0x49,0x61,0x82,0x80,0x83,0x27,
0x49,0x00,0xe3,0xd3,0xf9,0xfa,0x03,0x05,0xc9,0x00,0x85,0x29,0xef,0x00,0x60,0x2b,
0x83,0x27,0x49,0x00,0xe3,0xda,0xf9,0xf8,0x03,0x05,0xc9,0x00,0x85,0x29,0xef,0x00,
0x40,0x2a,0x83,0x27,0x49,0x00,0xe3,0xc0,0xf9,0xfe,0xbd,0xbf,0xe3,0x52,0x05,0xf2,
0x33,0x05,0xa0,0x40,0x05,0x48,0x31,0xbf,0x63,0x08,0x05,0x1e,0x19,0x71,0xa2,0xf8,
0xa6,0xf4,0xca,0xf0,0xce,0xec,0xd2,0xe8,0xda,0xe0,0x86,0xfc,0xd6,0xe4,0x5e,0xfc,
0x62,0xf8,0x66,0xf4,0x2a,0x84,0x2e,0x8b,0x17,0x7a,0x00,0x00,0x13,0x0a,0x0a,0xa6,
0x13,0x09,0x30,0x05,0x97,0x64,0x00,0x00,0x93,0x84,0x84,0xd9,0x85,0x49,0x03,0x45,
0x04,0x00,0x19,0xcd,0x93,0x07,0x50,0x02,0x63,0x09,0xf5,0x02,0x1b,0x15,0x85,0x01,
0x1b,0x55,0x85,0x41,0x05,0x04,0xef,0x00,0xc0,0x23,0x03,0x45,0x04,0x00,0x7d,0xf1,
0xe6,0x70,0x46,0x74,0xa6,0x74,0x06,0x79,0xe6,0x69,0x46,0x6a,0xa6,0x6a,0x06,0x6b,
0xe2,0x7b,0x42,0x7c,0xa2,0x7c,0x09,0x61,0x82,0x80,0x83,0x37,0x0a,0x00,0x02,0xe4,
0x23,0x0c,0x01,0x00,0x3e,0xe8,0x81,0x4b,0x81,0x4c,0xa5,0x4a,0x13,0x0c,0x00,0x03,
0x83,0x47,0x14,0x00,0x13,0x06,0x14,0x00,0x9b,0x86,0x07,0xfd,0x13,0xf7,0xf6,0x0f,
0x63,0xf4,0xea,0x0a,0x9b,0x87,0xb7,0xfd,0x93,0xf7,0xf7,0x0f,0x63,0x64,0xf9,0x02,
0x8a,0x07,0xa6,0x97,0x9c,0x43,0xa6,0x97,0x82,0x87,0xa3,0x0b,0x31,0x01,0x93,0x0a,
0x8b,0x00,0x63,0x83,0x0c,0x10,0x03,0x35,0x0b,0x00,0x30,0x00,0xa9,0x45,0xef,0xf0,
0xff,0xe0,0x56,0x8b,0x09,0x04,0xa5,0xb7,0x01,0x00,0xa3,0x0b,0x31,0x01,0x93,0x0a,
0x8b,0x00,0x63,0x8c,0x0c,0x0e,0x03,0x35,0x0b,0x00,0x30,0x00,0xc1,0x45,0xef,0xf0,
0xff,0xde,0x56,0x8b,0x09,0x04,0xa1,0xb7,0x03,0x05,0x0b,0x00,0x09,0x04,0x21,0x0b,
0xef,0x00,0x20,0x19,0x2d,0xbf,0x03,0x35,0x0b,0x00,0x21,0x0b,0x61,0xd5,0x2c,0x00,
0xef,0xf0,0x5f,0xc3,0x09,0x04,0x25,0xb7,0x03,0x35,0x0b,0x00,0x30,0x00,0xc1,0x45,
0xa3,0x0b,0x31,0x01,0x21,0x0b,0xef,0xf0,0x7f,0xdb,0x09,0x04,0x09,0xbf,0x32,0x84,
0x83,0x47,0x14,0x00,0x23,0x0b,0x31,0x01,0x13,0x06,0x14,0x00,0x9b,0x86,0x07,0xfd,
0x13,0xf7,0xf6,0x0f,0xe3,0xe0,0xea,0xf6,0x63,0x9b,0x0b,0x04,0x63,0x85,0x87,0x05,
0x01,0x45,0x83,0x47,0x16,0x00,0x1b,0x17,0x25,0x00,0x29,0x9f,0x1b,0x17,0x17,0x00,
0x3b,0x85,0xe6,0x00,0x9b,0x86,0x07,0xfd,0x93,0xf7,0xf6,0x0f,0x32,0x84,0x05,0x06,
0xe3,0xf1,0xfa,0xfe,0x01,0x00,0x2a,0xc6,0xa3,0x0a,0x31,0x01,0x11,0xbf,0x13,0x05,
0x50,0x02,0xef,0x00,0x00,0x11,0x09,0x04,0x5d,0xbd,0x13,0x05,0xc0,0x05,0xef,0x00,
0x40,0x10,0x09,0x04,0xf5,0xbd,0x01,0x00,0x23,0x0a,0x81,0x01,0x55,0xbf,0x01,0x45,
0x83,0x47,0x16,0x00,0x1b,0x17,0x25,0x00,0x29,0x9f,0x1b,0x17,0x17,0x00,0x3b,0x85,
0xe6,0x00,0x9b,0x86,0x07,0xfd,0x93,0xf7,0xf6,0x0f,0x32,0x84,0x05,0x06,0xe3,0xf1,
0xfa,0xfe,0x01,0x00,0x2a,0xc8,0xe9,0xb5,0x03,0x25,0x0b,0x00,0x30,0x00,0xa9,0x45,
0xef,0xf0,0xff,0xbd,0x56,0x8b,0x09,0x04,0x9d,0xb5,0x03,0x25,0x0b,0x00,0x30,0x00,
0xc1,0x45,0xef,0xf0,0xdf,0xbc,0x56,0x8b,0x09,0x04,0x91,0xbd,0x32,0x84,0x85,0x4c,
0x45,0xb5,0x32,0x84,0x85,0x4b,0x69,0xbd,0x82,0x80,0x1d,0x71,0x13,0x03,0x81,0x02,
0x2e,0xf4,0x9a,0x85,0x06,0xec,0x32,0xf8,0x36,0xfc,0xba,0xe0,0xbe,0xe4,0xc2,0xe8,
0xc6,0xec,0x1a,0xe4,0xef,0xf0,0x5f,0xdf,0xe2,0x60,0x25,0x61,0x82,0x80,0x97,0x67,
0x00,0x00,0x93,0x87,0x27,0xd0,0x03,0xb8,0x07,0x00,0x98,0x67,0x9c,0x6b,0x79,0x71,
0x30,0x00,0x81,0x46,0x85,0x45,0x13,0x85,0x81,0x8a,0x06,0xf4,0x42,0xe4,0x3a,0xe8,
0x3e,0xec,0xef,0xf0,0xef,0xb8,0xa2,0x70,0x45,0x61,0x82,0x80,0x79,0x71,0x4e,0xe4,
0x06,0xf4,0x22,0xf0,0x26,0xec,0x4a,0xe8,0xae,0x89,0x85,0xc5,0x9b,0x84,0xf5,0xff,
0x82,0x14,0x93,0x07,0x15,0x00,0x81,0x90,0x2a,0x84,0xbe,0x94,0x13,0x89,0x81,0x8a,
0x83,0x05,0x04,0x00,0x03,0x35,0x09,0x00,0x05,0x04,0xef,0xf0,0x8f,0xf9,0xe3,0x19,
0x94,0xfe,0xa2,0x70,0x02,0x74,0xe2,0x64,0x42,0x69,0x4e,0x85,0xa2,0x69,0x45,0x61,
0x82,0x80,0xaa,0x85,0x03,0xb5,0x81,0x8a,0x6f,0xf0,0xaf,0xf7,0x23,0xa0,0x02,0x00,
0x91,0x02,0x71,0x13,0xe3,0x6c,0x60,0xfe,0x82,0x80,0x86,0x8f,0x93,0x82,0x01,0x8a,
0x17,0x83,0x00,0x00,0x13,0x03,0x83,0x1a,0x33,0x03,0x53,0x40,0xef,0xf0,0x1f,0xfe,
0xfe,0x80,0x82,0x80,0x00,0x00,0x00,0x00,0x00,0x00,0x00,0x00,0x00,0x00,0x00,0x00,
0x00,0x00,0x00,0x00,0x00,0x00,0x00,0x00,0x00,0x00,0x00,0x00,0x00,0x00,0x00,0x00,
0x00,0x00,0x00,0x00,0x00,0x00,0x00,0x00,0x00,0x00,0x00,0x00,0x00,0x00,0x00,0x00,
0x35,0x71,0x06,0xe0,0x12,0xe4,0x16,0xe8,0x1a,0xec,0x1e,0xf0,0x2a,0xf4,0x2e,0xf8,
0x32,0xfc,0xb6,0xe0,0xba,0xe4,0xbe,0xe8,0xc2,0xf8,0xc6,0xfc,0x72,0xe1,0x76,0xe5,
0x7a,0xe9,0x7e,0xed,0x73,0xd0,0xe5,0x7e,0x73,0x50,0xf6,0x7e,0x73,0xd0,0xb6,0x7e,
0x73,0x25,0x20,0x34,0x8a,0x85,0x22,0x86,0xef,0xa0,0x1f,0x9a,0xa6,0x72,0x73,0x90,
0x42,0x7c,0x86,0x72,0x73,0x90,0x12,0x34,0xe6,0x62,0x73,0x90,0x22,0x34,0x82,0x60,
0x22,0x62,0xc2,0x62,0x62,0x63,0x82,0x73,0x22,0x75,0xc2,0x75,0x62,0x76,0x86,0x66,
0x26,0x67,0xc6,0x67,0x46,0x78,0xe6,0x78,0x0a,0x6e,0xaa,0x6e,0x4a,0x6f,0xea,0x6f,
0x0d,0x61,0x73,0x00,0x20,0x30,0x00,0x00,0x00,0x00,0x00,0x00,0x00,0x00,0x00,0x00,
0x35,0x71,0x06,0xe0,0x12,0xe4,0x16,0xe8,0x1a,0xec,0x1e,0xf0,0x2a,0xf4,0x2e,0xf8,
0x32,0xfc,0xb6,0xe0,0xba,0xe4,0xbe,0xe8,0xc2,0xf8,0xc6,0xfc,0x72,0xe1,0x76,0xe5,
0x7a,0xe9,0x7e,0xed,0x73,0xd0,0xe5,0x7e,0x73,0x50,0xf6,0x7e,0x73,0xd0,0xb6,0x7e,
0x6d,0x71,0x99,0x62,0x73,0x23,0x00,0x30,0x1a,0xe6,0xb3,0x72,0x53,0x00,0x99,0x63,
0x63,0x98,0x53,0x04,0x01,0x00,0x02,0xa4,0x06,0xa8,0x0a,0xac,0x0e,0xb0,0x12,0xb4,
0x16,0xb8,0x1a,0xbc,0x9e,0xa0,0xa2,0xa4,0xa6,0xa8,0xaa,0xac,0xae,0xb0,0xb2,0xb4,
0xb6,0xb8,0xba,0xbc,0x3e,0xa1,0x42,0xa5,0x46,0xa9,0x4a,0xad,0x4e,0xb1,0x52,0xb5,
0x56,0xb9,0x5a,0xbd,0xde,0xa1,0xe2,0xa5,0xe6,0xa9,0xea,0xad,0xee,0xb1,0xf2,0xb5,
0xf6,0xb9,0xfa,0xbd,0x7e,0xa2,0x73,0xb0,0x02,0x30,0x11,0x63,0x73,0x20,0x03,0x30,
0xf3,0x22,0x30,0x00,0x16,0xe0,0x73,0x10,0x30,0x00,0x11,0x63,0x73,0x20,0x03,0x30,
0xef,0xa0,0x4f,0xf8,0x73,0x70,0x04,0x30,0x82,0x62,0x73,0x90,0x32,0x00,0x32,0x63,
0x99,0x62,0xb3,0x72,0x53,0x00,0x99,0x63,0x63,0x99,0x53,0x04,0x73,0xa0,0x02,0x30,
0x22,0x20,0xc2,0x20,0x62,0x21,0x82,0x31,0x22,0x32,0xc2,0x32,0x62,0x33,0x86,0x23,
0x26,0x24,0xc6,0x24,0x66,0x25,0x86,0x35,0x26,0x36,0xc6,0x36,0x66,0x37,0x8a,0x27,
0x2a,0x28,0xca,0x28,0x6a,0x29,0x8a,0x39,0x2a,0x3a,0xca,0x3a,0x6a,0x3b,0x8e,0x2b,
0x2e,0x2c,0xce,0x2c,0x6e,0x2d,0x8e,0x3d,0x2e,0x3e,0xce,0x3e,0x6e,0x3f,0x92,0x2f,
0x73,0xb0,0x02,0x30,0x11,0x63,0x73,0x20,0x03,0x30,0x51,0x61,0xa6,0x72,0x73,0x90,
0x42,0x7c,0x86,0x72,0x73,0x90,0x12,0x34,0xe6,0x62,0x73,0x90,0x22,0x34,0x82,0x60,
0x22,0x62,0xc2,0x62,0x62,0x63,0x82,0x73,0x22,0x75,0xc2,0x75,0x62,0x76,0x86,0x66,
0x26,0x67,0xc6,0x67,0x46,0x78,0xe6,0x78,0x0a,0x6e,0xaa,0x6e,0x4a,0x6f,0xea,0x6f,
0x0d,0x61,0x73,0x00,0x20,0x30,0x01,0x00,0x35,0x71,0x06,0xe0,0x12,0xe4,0x16,0xe8,
0x1a,0xec,0x1e,0xf0,0x2a,0xf4,0x2e,0xf8,0x32,0xfc,0xb6,0xe0,0xba,0xe4,0xbe,0xe8,
0xc2,0xf8,0xc6,0xfc,0x72,0xe1,0x76,0xe5,0x7a,0xe9,0x7e,0xed,0x73,0xd0,0xe5,0x7e,
0x73,0x50,0xf6,0x7e,0x73,0xd0,0xb6,0x7e,0x6d,0x71,0x99,0x62,0x73,0x23,0x00,0x30,
0x1a,0xe6,0xb3,0x72,0x53,0x00,0x99,0x63,0x63,0x98,0x53,0x04,0x01,0x00,0x02,0xa4,
0x06,0xa8,0x0a,0xac,0x0e,0xb0,0x12,0xb4,0x16,0xb8,0x1a,0xbc,0x9e,0xa0,0xa2,0xa4,
0xa6,0xa8,0xaa,0xac,0xae,0xb0,0xb2,0xb4,0xb6,0xb8,0xba,0xbc,0x3e,0xa1,0x42,0xa5,
0x46,0xa9,0x4a,0xad,0x4e,0xb1,0x52,0xb5,0x56,0xb9,0x5a,0xbd,0xde,0xa1,0xe2,0xa5,
0xe6,0xa9,0xea,0xad,0xee,0xb1,0xf2,0xb5,0xf6,0xb9,0xfa,0xbd,0x7e,0xa2,0x73,0xb0,
0x02,0x30,0x11,0x63,0x73,0x20,0x03,0x30,0xef,0xa0,0xcf,0xe4,0x32,0x63,0x99,0x62,
0xb3,0x72,0x53,0x00,0x99,0x63,0x63,0x99,0x53,0x04,0x73,0xa0,0x02,0x30,0x22,0x20,
0xc2,0x20,0x62,0x21,0x82,0x31,0x22,0x32,0xc2,0x32,0x62,0x33,0x86,0x23,0x26,0x24,
0xc6,0x24,0x66,0x25,0x86,0x35,0x26,0x36,0xc6,0x36,0x66,0x37,0x8a,0x27,0x2a,0x28,
0xca,0x28,0x6a,0x29,0x8a,0x39,0x2a,0x3a,0xca,0x3a,0x6a,0x3b,0x8e,0x2b,0x2e,0x2c,
0xce,0x2c,0x6e,0x2d,0x8e,0x3d,0x2e,0x3e,0xce,0x3e,0x6e,0x3f,0x92,0x2f,0x73,0xb0,
0x02,0x30,0x11,0x63,0x73,0x20,0x03,0x30,0x51,0x61,0xa6,0x72,0x73,0x90,0x42,0x7c,
0x86,0x72,0x73,0x90,0x12,0x34,0xe6,0x62,0x73,0x90,0x22,0x34,0x82,0x60,0x22,0x62,
0xc2,0x62,0x62,0x63,0x82,0x73,0x22,0x75,0xc2,0x75,0x62,0x76,0x86,0x66,0x26,0x67,
0xc6,0x67,0x46,0x78,0xe6,0x78,0x0a,0x6e,0xaa,0x6e,0x4a,0x6f,0xea,0x6f,0x0d,0x61,
0x73,0x00,0x20,0x30,0x01,0xa0,0x93,0x02,0x00,0x20,0x73,0xa0,0x02,0x7d,0x97,0x02,
0x00,0x00,0x93,0x82,0x22,0xd8,0x73,0x90,0xc2,0x7e,0x73,0xe0,0xc0,0x7e,0x93,0x02,
0xf0,0x03,0x73,0xb0,0x52,0x30,0x73,0xe0,0x51,0x30,0x99,0x62,0x73,0xa0,0x02,0x30,
0x73,0x10,0x30,0x00,0x73,0xf0,0x02,0x32,0x82,0x80,0xaa,0x85,0x81,0x46,0x01,0x46,
0x01,0x45,0x6f,0x10,0x00,0x1b,0x17,0x65,0x00,0x00,0x03,0x35,0x25,0x45,0x82,0x80,
0x01,0x11,0x22,0xe8,0x26,0xe4,0x17,0x64,0x00,0x00,0x13,0x04,0x24,0xe6,0x97,0x64,
0x00,0x00,0x93,0x84,0xa4,0xe5,0x05,0x8c,0x06,0xec,0x0d,0x84,0x11,0xe4,0xe2,0x60,
0x42,0x64,0xa2,0x64,0x05,0x61,0x82,0x80,0x7d,0x14,0x93,0x17,0x34,0x00,0xa6,0x97,
0x9c,0x63,0x82,0x97,0xe5,0xb7,0x01,0x11,0x22,0xe8,0x26,0xe4,0x17,0x64,0x00,0x00,
0x13,0x04,0xc4,0xe2,0x97,0x64,0x00,0x00,0x93,0x84,0x44,0xe2,0x81,0x8c,0x4a,0xe0,
0x06,0xec,0x8d,0x84,0x01,0x49,0x63,0x15,0x99,0x02,0x17,0x64,0x00,0x00,0x13,0x04,
0xe4,0xe0,0x97,0x64,0x00,0x00,0x93,0x84,0x64,0xe0,0x81,0x8c,0x8d,0x84,0x01,0x49,
0x63,0x1d,0x99,0x00,0xe2,0x60,0x42,0x64,0xa2,0x64,0x02,0x69,0x05,0x61,0x82,0x80,
0x1c,0x60,0x05,0x09,0x21,0x04,0x82,0x97,0xf9,0xb7,0x1c,0x60,0x05,0x09,0x21,0x04,
0x82,0x97,0xf9,0xbf,0x2e,0x86,0xaa,0x85,0x17,0x65,0x00,0x00,0x03,0x35,0x05,0x3b,
0x7d,0xa2,0x01,0x47,0x63,0x14,0xe6,0x00,0x01,0x45,0x82,0x80,0xb3,0x07,0xe5,0x00,
0x05,0x07,0xb3,0x86,0xe5,0x00,0x83,0xc7,0x07,0x00,0x83,0xc6,0xf6,0xff,0xe3,0x83,
0xd7,0xfe,0x3b,0x85,0xd7,0x40,0x82,0x80,0xb3,0xc7,0xa5,0x00,0x9d,0x8b,0xb3,0x06,
0xc5,0x00,0x81,0xe7,0x9d,0x47,0x63,0xee,0xc7,0x00,0xaa,0x87,0x63,0x71,0xd5,0x06,
0x03,0xc7,0x05,0x00,0x85,0x07,0x85,0x05,0xa3,0x8f,0xe7,0xfe,0xe3,0xea,0xd7,0xfe,
0x82,0x80,0x13,0x77,0x75,0x00,0xaa,0x87,0x11,0xcb,0x03,0xc7,0x05,0x00,0x85,0x07,
0x85,0x05,0xa3,0x8f,0xe7,0xfe,0x13,0xf7,0x77,0x00,0xfd,0xb7,0x13,0xf7,0x86,0xff,
0x33,0x08,0xf7,0x40,0x13,0x06,0x00,0x04,0x63,0x44,0x06,0x03,0x2e,0x88,0x3e,0x86,
0x63,0x6b,0xe6,0x06,0x13,0x88,0x97,0xff,0x01,0x46,0x63,0x66,0x07,0x01,0x1d,0x07,
0x1d,0x8f,0x13,0x76,0x87,0xff,0xb2,0x97,0xb2,0x95,0xe3,0xe3,0xd7,0xfa,0x82,0x80,
0x83,0xb3,0x05,0x00,0x83,0xb2,0x85,0x00,0x83,0xbf,0x05,0x01,0x03,0xbf,0x85,0x01,
0x83,0xbe,0x05,0x02,0x03,0xbe,0x85,0x02,0x03,0xb3,0x05,0x03,0x83,0xb8,0x85,0x03,
0x23,0xb0,0x77,0x00,0x23,0xb4,0x57,0x00,0x03,0xb8,0x05,0x04,0x23,0xb8,0xf7,0x01,
0x23,0xbc,0xe7,0x01,0x23,0xb0,0xd7,0x03,0x23,0xb4,0xc7,0x03,0x23,0xb8,0x67,0x02,
0x23,0xbc,0x17,0x03,0x93,0x87,0x87,0x04,0x93,0x85,0x85,0x04,0x23,0xbc,0x07,0xff,
0x33,0x08,0xf7,0x40,0x51,0xb7,0x83,0x38,0x08,0x00,0x21,0x06,0x21,0x08,0x23,0x3c,
0x16,0xff,0xbd,0xbf,0x3d,0x43,0x2a,0x87,0x63,0x71,0xc3,0x02,0x93,0x77,0xf7,0x00,
0xc1,0xe3,0xbd,0xe1,0x93,0x76,0x06,0xff,0x3d,0x8a,0xba,0x96,0x0c,0xe3,0x0c,0xe7,
0x41,0x07,0xe3,0x6d,0xd7,0xfe,0x11,0xe2,0x82,0x80,0xb3,0x06,0xc3,0x40,0x8a,0x06,
0x97,0x02,0x00,0x00,0x96,0x96,0x67,0x80,0xa6,0x00,0x23,0x07,0xb7,0x00,0xa3,0x06,
0xb7,0x00,0x23,0x06,0xb7,0x00,0xa3,0x05,0xb7,0x00,0x23,0x05,0xb7,0x00,0xa3,0x04,
0xb7,0x00,0x23,0x04,0xb7,0x00,0xa3,0x03,0xb7,0x00,0x23,0x03,0xb7,0x00,0xa3,0x02,
0xb7,0x00,0x23,0x02,0xb7,0x00,0xa3,0x01,0xb7,0x00,0x23,0x01,0xb7,0x00,0xa3,0x00,
0xb7,0x00,0x23,0x00,0xb7,0x00,0x82,0x80,0x93,0xf5,0xf5,0x0f,0x93,0x96,0x85,0x00,
0xd5,0x8d,0x93,0x96,0x05,0x01,0xd5,0x8d,0x93,0x96,0x05,0x02,0xd5,0x8d,0x59,0xb7,
0x93,0x96,0x27,0x00,0x97,0x02,0x00,0x00,0x96,0x96,0x86,0x82,0xe7,0x80,0x26,0xfa,
0x96,0x80,0xc1,0x17,0x1d,0x8f,0x3e,0x96,0xe3,0x71,0xc3,0xf8,0x9d,0xb7,0x79,0x71,
0x93,0x87,0xf5,0xff,0x06,0xf4,0x22,0xf0,0x26,0xec,0x4a,0xe8,0x4e,0xe4,0xed,0x8f,
0x91,0xcb,0x81,0x44,0xa2,0x70,0x02,0x74,0x42,0x69,0xa2,0x69,0x26,0x85,0xe2,0x64,
0x45,0x61,0x82,0x80,0xa1,0x47,0x2a,0x89,0xae,0x84,0x63,0xf3,0xf5,0x00,0xa1,0x44,
0xdd,0x57,0x63,0xf6,0xc7,0x00,0xb1,0x47,0x23,0x20,0xf9,0x00,0xd9,0xbf,0xa1,0x47,
0x63,0x73,0xf6,0x00,0x21,0x46,0x13,0x04,0x76,0x00,0x93,0x85,0x84,0xff,0x61,0x98,
0x93,0xc7,0xf5,0xff,0xe3,0xe1,0x87,0xfe,0xa2,0x95,0x4a,0x85,0xef,0x00,0xa0,0x07,
0x4d,0xd9,0x03,0x37,0x85,0xff,0x93,0x07,0x85,0xff,0x63,0x53,0x07,0x00,0xba,0x97,
0x13,0x87,0x74,0x00,0x3e,0x97,0xb3,0x04,0x90,0x40,0xf9,0x8c,0x93,0x85,0x87,0x00,
0x33,0x87,0xb4,0x40,0x63,0x80,0xb4,0x02,0xbd,0x46,0xb3,0x89,0xe7,0x00,0x63,0xff,
0xe6,0x02,0x94,0x63,0x4a,0x85,0x99,0x8e,0x23,0xb0,0xd9,0x00,0x98,0xe3,0xef,0x20,
0x10,0x2c,0xce,0x87,0x98,0x63,0x93,0x06,0x04,0x01,0xa6,0x96,0x33,0x86,0xe7,0x00,
0xe3,0xf2,0xc6,0xf6,0xb3,0x85,0x84,0x00,0xb3,0x86,0xf5,0x40,0x94,0xe3,0x15,0x8f,
0x98,0xe1,0x4a,0x85,0xa1,0x05,0xef,0x20,0x90,0x29,0xa9,0xb7,0x33,0x07,0xe0,0x40,
0x23,0xb0,0xe9,0x00,0xc1,0xbf,0x93,0x87,0x75,0x00,0x79,0x71,0xe1,0x9b,0x26,0xec,
0x4a,0xe8,0x06,0xf4,0x22,0xf0,0x4e,0xe4,0xa1,0x07,0x41,0x47,0xaa,0x84,0x41,0x49,
0x63,0xe3,0xe7,0x00,0x3e,0x89,0x37,0x07,0x00,0x80,0x13,0x47,0xf7,0xff,0x63,0x64,
0xf7,0x00,0x63,0x7c,0xb9,0x00,0xb1,0x47,0x9c,0xc0,0x01,0x45,0xa2,0x70,0x02,0x74,
0xe2,0x64,0x42,0x69,0xa2,0x69,0x45,0x61,0x82,0x80,0x26,0x85,0xef,0x20,0x60,0x10,
0x93,0x86,0x01,0x8b,0x98,0x62,0x3a,0x84,0x1d,0xe4,0x13,0x84,0x81,0x8b,0x1c,0x60,
0x91,0xe7,0x81,0x45,0x26,0x85,0xef,0x00,0x70,0x40,0x08,0xe0,0xca,0x85,0x26,0x85,
0xef,0x00,0xd0,0x3f,0xfd,0x59,0x63,0x12,0x35,0x07,0xb1,0x47,0x9c,0xc0,0x26,0x85,
0xef,0x20,0xa0,0x0d,0x5d,0xbf,0x1c,0x60,0xbb,0x87,0x27,0x41,0x63,0xc4,0x07,0x04,
0x3d,0x46,0x63,0x59,0xf6,0x00,0x01,0x00,0x1c,0xe0,0x3e,0x94,0x01,0x00,0x23,0x30,
0x24,0x01,0x31,0xa0,0x1c,0x64,0x63,0x14,0x87,0x02,0x01,0x00,0x9c,0xe2,0x26,0x85,
0xef,0x20,0xa0,0x0a,0x13,0x05,0xf4,0x00,0x93,0x07,0x84,0x00,0x61,0x99,0xbb,0x07,
0xf5,0x40,0xad,0xdf,0x3e,0x94,0xbb,0x07,0xf0,0x40,0x1c,0xe0,0x85,0xbf,0x01,0x00,
0x1c,0xe7,0xf1,0xbf,0x22,0x87,0x00,0x64,0x41,0xb7,0x13,0x04,0x75,0x00,0x61,0x98,
0xe3,0x0e,0x85,0xfa,0xb3,0x05,0xa4,0x40,0x26,0x85,0xef,0x00,0x30,0x38,0xe3,0x17,
0x35,0xfb,0x61,0xb7,0x5d,0x71,0xa2,0xe0,0x53,0x04,0x05,0xe2,0x4a,0xf8,0x4e,0xf4,
0x52,0xf0,0x56,0xec,0x86,0xe4,0x26,0xfc,0xba,0x89,0x2e,0x89,0x32,0x8a,0xc2,0x8a,
0x01,0x47,0x63,0x58,0x04,0x00,0xd3,0x17,0xa5,0x22,0x13,0x07,0xd0,0x02,0x53,0x84,
0x07,0xe2,0x93,0xf4,0xf7,0xfd,0x23,0x80,0xe6,0x00,0x93,0x07,0x60,0x04,0x8d,0x45,
0x63,0x88,0xf4,0x00,0x93,0x07,0x50,0x04,0x89,0x45,0x63,0x93,0xf4,0x00,0x05,0x29,
0x53,0x05,0x04,0xf2,0x3c,0x00,0x58,0x00,0xce,0x86,0x4a,0x86,0xef,0x00,0xb0,0x74,
0x93,0x07,0x70,0x04,0x63,0x96,0xf4,0x00,0x13,0x7a,0x1a,0x00,0x63,0x0b,0x0a,0x04,
0x13,0x07,0x60,0x04,0xb3,0x07,0x25,0x01,0x63,0x97,0xe4,0x02,0x83,0x46,0x05,0x00,
0x13,0x07,0x00,0x03,0x63,0x9e,0xe6,0x00,0xd3,0x07,0x00,0xf2,0x53,0x07,0x04,0xf2,
0x53,0x27,0xf7,0xa2,0x11,0xe7,0x85,0x45,0x3b,0x89,0x25,0x41,0x23,0xa0,0x29,0x01,
0x03,0xa7,0x09,0x00,0xba,0x97,0xd3,0x07,0x00,0xf2,0x53,0x07,0x04,0xf2,0x53,0x27,
0xf7,0xa2,0x19,0xc3,0x01,0x00,0x3e,0xe4,0x93,0x06,0x00,0x03,0x22,0x67,0x63,0x6f,
0xf7,0x00,0xa2,0x67,0xa6,0x60,0x06,0x64,0x89,0x8f,0x23,0xa0,0xfa,0x00,0xe2,0x74,
0x42,0x79,0xa2,0x79,0x02,0x7a,0xe2,0x6a,0x61,0x61,0x82,0x80,0x13,0x06,0x17,0x00,
0x32,0xe4,0x23,0x00,0xd7,0x00,0xd9,0xbf,0x23,0x00,0xc5,0x00,0x93,0x07,0x25,0x00,
0x13,0x07,0xb0,0x02,0x63,0xd6,0x05,0x00,0xbb,0x05,0xb0,0x40,0x13,0x07,0xd0,0x02,
0x01,0x00,0xa3,0x00,0xe5,0x00,0x25,0x47,0x63,0x52,0xb7,0x06,0x41,0x11,0x13,0x07,
0xf1,0x00,0x3a,0x88,0xa9,0x48,0x13,0x03,0x30,0x06,0x3b,0xe6,0x15,0x03,0xba,0x86,
0x7d,0x17,0x1b,0x06,0x06,0x03,0xa3,0x8f,0xc6,0xfe,0x2e,0x86,0xbb,0xc5,0x15,0x03,
0xe3,0x45,0xc3,0xfe,0x93,0x88,0xe6,0xff,0x9b,0x85,0x05,0x03,0xa3,0x0f,0xb7,0xfe,
0x3e,0x86,0x46,0x87,0x63,0x6d,0x07,0x01,0x01,0x47,0x63,0x65,0x18,0x01,0x13,0x07,
0x11,0x01,0x15,0x8f,0xba,0x97,0x3b,0x85,0xa7,0x40,0x41,0x01,0x82,0x80,0x83,0x45,
0x07,0x00,0x05,0x07,0x05,0x06,0xa3,0x0f,0xb6,0xfe,0xe9,0xbf,0x93,0x07,0x00,0x03,
0x23,0x01,0xf5,0x00,0x9b,0x85,0x05,0x03,0x93,0x07,0x45,0x00,0xa3,0x01,0xb5,0x00,
0x3b,0x85,0xa7,0x40,0x82,0x80,0x19,0x71,0x86,0xfc,0xa2,0xf8,0xa6,0xf4,0x2e,0x84,
0xca,0xf0,0xce,0xec,0xd2,0xe8,0xd6,0xe4,0x3a,0x8a,0xda,0xe0,0x5e,0xfc,0x62,0xf8,
0x32,0x89,0xb6,0x89,0x66,0xf4,0x6a,0xf0,0x6e,0xec,0xaa,0x84,0xef,0x10,0x70,0x54,
0x03,0x3c,0x05,0x00,0x62,0x85,0xef,0x00,0x10,0x1f,0x03,0x2b,0x04,0x00,0x02,0xc4,
0x83,0x4a,0x84,0x01,0x13,0x77,0x0b,0x10,0x83,0x37,0x0a,0x00,0xaa,0x8b,0x45,0xc7,
0xbd,0x07,0xc1,0x9b,0x88,0x63,0x8c,0x67,0x13,0x87,0x07,0x01,0x23,0x30,0xea,0x00,
0xef,0x20,0x90,0x6e,0x28,0xa4,0x28,0x64,0xd3,0x07,0x05,0xf2,0x53,0xa7,0xf7,0x22,
0x97,0x67,0x00,0x00,0x87,0xb7,0x07,0xe6,0x73,0x27,0x10,0x00,0xd3,0x97,0xe7,0xa2,
0x73,0x10,0x17,0x00,0xc1,0xc3,0xd3,0x07,0x00,0xf2,0x53,0x07,0x05,0xf2,0xd3,0x17,
0xf7,0xa2,0x89,0xc7,0x93,0x07,0xd0,0x02,0xa3,0x01,0xf4,0x04,0x93,0x07,0x70,0x04,
0x17,0x5a,0x00,0x00,0x13,0x0a,0x8a,0x2d,0x63,0xf6,0x57,0x01,0x17,0x5a,0x00,0x00,
0x13,0x0a,0x4a,0x2d,0x13,0x7b,0xbb,0xff,0x8d,0x47,0x23,0x20,0x64,0x01,0x1c,0xc8,
0x01,0x4b,0x4e,0x87,0xca,0x86,0x70,0x00,0xa2,0x85,0x26,0x85,0xef,0x00,0xc0,0x3f,
0xfd,0x5c,0x63,0x12,0x95,0x17,0x7d,0x55,0xe6,0x70,0x46,0x74,0xa6,0x74,0x06,0x79,
0xe6,0x69,0x46,0x6a,0xa6,0x6a,0x06,0x6b,0xe2,0x7b,0x42,0x7c,0xa2,0x7c,0x02,0x7d,
0xe2,0x6d,0x09,0x61,0x82,0x80,0x9c,0x23,0x13,0x87,0x87,0x00,0x23,0x30,0xea,0x00,
0x3c,0xa4,0x95,0xb7,0xd3,0x07,0x05,0xf2,0xd3,0xa7,0xf7,0xa2,0x85,0xe7,0x63,0x56,
0x05,0x00,0x93,0x07,0xd0,0x02,0xa3,0x01,0xf4,0x04,0x93,0x07,0x70,0x04,0x17,0x5a,
0x00,0x00,0x13,0x0a,0xaa,0x26,0xe3,0xf7,0x57,0xf9,0x17,0x5a,0x00,0x00,0x13,0x0a,
0x6a,0x26,0x49,0xb7,0x5c,0x40,0x7d,0x57,0x93,0xfc,0xfa,0x0d,0x63,0x95,0xe7,0x08,
0x99,0x47,0x01,0x00,0x5c,0xc0,0x4c,0x40,0x53,0x05,0x05,0xf2,0x13,0x66,0x0b,0x40,
0xd6,0x87,0x10,0xc0,0x81,0x48,0x13,0x08,0x81,0x00,0x58,0x00,0x93,0x06,0x31,0x00,
0x26,0x85,0xef,0xf0,0x3f,0xd2,0x93,0x07,0x70,0x04,0x92,0x45,0x2a,0x8a,0x63,0x9b,
0xfc,0x00,0xf5,0x57,0x63,0xc5,0xf5,0x00,0x5c,0x40,0x63,0xdb,0xb7,0x08,0xf9,0x3a,
0x93,0xfa,0xfa,0x0f,0x93,0x07,0x50,0x06,0x63,0xe6,0x57,0x05,0xfd,0x35,0x56,0x86,
0x13,0x05,0x04,0x05,0x2e,0xc2,0xef,0xf0,0x3f,0xdd,0x22,0x47,0x85,0x46,0x2a,0x8b,
0xbb,0x07,0xa7,0x00,0x1c,0xc8,0x63,0xc5,0xe6,0x00,0x18,0x40,0x05,0x8b,0x19,0xc3,
0x85,0x27,0x1c,0xc8,0x83,0x47,0x31,0x00,0xe3,0x85,0x07,0xf0,0x93,0x07,0xd0,0x02,
0xa3,0x01,0xf4,0x04,0xfd,0xbd,0x13,0x07,0x70,0x04,0xe3,0x9e,0xec,0xf6,0xa5,0xff,
0x85,0x47,0x85,0xbf,0x93,0x07,0x60,0x06,0x63,0x9e,0xfa,0x02,0x18,0x60,0xfd,0x57,
0x82,0x17,0x85,0x07,0xf9,0x8f,0x63,0x5b,0xb0,0x00,0x01,0x00,0x0c,0xc8,0x89,0xcf,
0x5c,0x40,0x85,0x27,0xbd,0x9d,0x01,0x00,0x0c,0xc8,0x39,0xa0,0x05,0x47,0x99,0xc3,
0x58,0x40,0x09,0x27,0x01,0x00,0x18,0xc8,0x92,0x47,0x01,0x4b,0x3c,0xcc,0x5d,0xb7,
0x93,0x0a,0x70,0x06,0xa2,0x47,0x63,0xc8,0xf5,0x00,0x1c,0x40,0x0c,0xc8,0x85,0x8b,
0xe5,0xd7,0x85,0x25,0xc9,0xbf,0x05,0x47,0x63,0x44,0xb0,0x00,0x09,0x47,0x0d,0x9f,
0xb9,0x9f,0x1c,0xc8,0xd1,0xbf,0x1c,0x40,0x13,0xf7,0x07,0x40,0x1d,0xe7,0x14,0x48,
0x52,0x86,0xca,0x85,0x26,0x85,0x82,0x99,0xe3,0x07,0x95,0xe9,0x1c,0x40,0x89,0x8b,
0x63,0x97,0x07,0x26,0xb2,0x47,0x48,0x44,0x1b,0x87,0x07,0x00,0x9b,0x06,0x05,0x00,
0x63,0xd3,0xe6,0x00,0x3e,0x85,0x01,0x25,0x85,0xbd,0x13,0x07,0x50,0x06,0x63,0x78,
0x57,0x1b,0x38,0x24,0xd3,0x07,0x00,0xf2,0xd3,0x27,0xf7,0xa2,0xb9,0xcb,0x85,0x46,
0x17,0x56,0x00,0x00,0x13,0x06,0x86,0x11,0xca,0x85,0x26,0x85,0x82,0x99,0xe3,0x04,
0x95,0xe5,0x12,0x47,0xa2,0x47,0x63,0x45,0xf7,0x00,0x1c,0x40,0x85,0x8b,0xdd,0xd7,
0xde,0x86,0x62,0x86,0xca,0x85,0x26,0x85,0x82,0x99,0xfd,0x57,0xe3,0x05,0xf5,0xe2,
0x01,0x4a,0x93,0x0a,0xa4,0x01,0x7d,0x5b,0xa2,0x47,0xfd,0x37,0xe3,0x58,0xfa,0xf8,
0x85,0x46,0x56,0x86,0xca,0x85,0x26,0x85,0x82,0x99,0xe3,0x06,0x65,0xe1,0x05,0x2a,
0xe5,0xb7,0x92,0x47,0x63,0x47,0xf0,0x06,0x85,0x46,0x17,0x56,0x00,0x00,0x13,0x06,
0xe6,0x0b,0xca,0x85,0x26,0x85,0x82,0x99,0xe3,0x07,0x95,0xdf,0x92,0x47,0x22,0x47,
0xd9,0x8f,0x81,0x27,0x81,0xe7,0x1c,0x40,0x85,0x8b,0xa9,0xdb,0xde,0x86,0x62,0x86,
0xca,0x85,0x26,0x85,0x82,0x99,0xfd,0x57,0xe3,0x07,0xf5,0xdc,0x81,0x4a,0x13,0x0b,
0xa4,0x01,0xfd,0x5b,0x92,0x47,0xbb,0x07,0xf0,0x40,0x63,0xcb,0xfa,0x00,0xa2,0x46,
0x52,0x86,0xca,0x85,0x26,0x85,0x82,0x99,0xfd,0x57,0xe3,0x11,0xf5,0xf2,0x65,0xb3,
0x85,0x46,0x5a,0x86,0xca,0x85,0x26,0x85,0x82,0x99,0xe3,0x0e,0x75,0xd9,0x85,0x2a,
0xd1,0xbf,0x3c,0x4c,0xa2,0x4a,0x1b,0x87,0x07,0x00,0x9b,0x86,0x0a,0x00,0x63,0x53,
0xd7,0x00,0xbe,0x8a,0x81,0x2a,0x63,0x4e,0x50,0x07,0x81,0x4c,0x56,0x8d,0x93,0x0d,
0xa4,0x01,0x03,0x2b,0x84,0x05,0xea,0x87,0x63,0xd3,0x0a,0x00,0x81,0x47,0xbb,0x07,
0xfb,0x40,0x63,0xc9,0xfc,0x06,0x12,0x47,0xa2,0x47,0x63,0x4f,0xf7,0x06,0x1c,0x40,
0x85,0x8b,0xbd,0xeb,0xa2,0x4a,0x12,0x47,0xbb,0x87,0x6a,0x41,0xbb,0x86,0xea,0x40,
0x1b,0x87,0x07,0x00,0xb6,0x8a,0x63,0x54,0xd7,0x00,0x9b,0x8a,0x07,0x00,0x63,0x46,
0x50,0x07,0x01,0x4a,0x56,0x8b,0x93,0x0b,0xa4,0x01,0x7d,0x5c,0x12,0x47,0xa2,0x47,
0x99,0x9f,0x5a,0x87,0x63,0xd3,0x0a,0x00,0x01,0x47,0x99,0x9f,0xe3,0x58,0xfa,0xe8,
0x85,0x46,0x5e,0x86,0xca,0x85,0x26,0x85,0x82,0x99,0xe3,0x06,0x85,0xd1,0x05,0x2a,
0xf1,0xbf,0xd6,0x86,0x52,0x86,0xca,0x85,0x26,0x85,0x82,0x99,0xfd,0x57,0xe3,0x1e,
0xf5,0xf6,0xd5,0xb9,0x85,0x46,0x6e,0x86,0xca,0x85,0x26,0x85,0x82,0x99,0x7d,0x57,
0xe3,0x03,0xe5,0xce,0x85,0x2c,0xb5,0xb7,0xde,0x86,0x62,0x86,0xca,0x85,0x26,0x85,
0x82,0x99,0xfd,0x57,0xe3,0x10,0xf5,0xf8,0xf9,0xb1,0xd6,0x86,0x33,0x06,0x6a,0x01,
0xca,0x85,0x26,0x85,0x82,0x99,0xfd,0x57,0xe3,0x15,0xf5,0xf8,0x6d,0xb9,0xa2,0x46,
0x05,0x47,0x63,0x44,0xd7,0x00,0x85,0x8b,0xad,0xc7,0x85,0x46,0x52,0x86,0xca,0x85,
0x26,0x85,0x82,0x99,0xfd,0x5a,0xe3,0x00,0x55,0xcb,0xde,0x86,0x62,0x86,0xca,0x85,
0x26,0x85,0x82,0x99,0xe3,0x09,0x55,0xc9,0x38,0x24,0xd3,0x07,0x00,0xf2,0xd3,0x27,
0xf7,0xa2,0x9d,0xeb,0xa2,0x46,0x13,0x06,0x1a,0x00,0xca,0x85,0xfd,0x36,0x26,0x85,
0x82,0x99,0xe3,0x0a,0x55,0xc7,0xda,0x86,0x13,0x06,0x04,0x05,0x5d,0xbd,0x85,0x46,
0x56,0x86,0xca,0x85,0x26,0x85,0x82,0x99,0xe3,0x0f,0x75,0xc5,0x05,0x2a,0xa2,0x47,
0xfd,0x37,0xe3,0x46,0xfa,0xfe,0xc5,0xb7,0x01,0x4a,0x93,0x0a,0xa4,0x01,0xfd,0x5b,
0xfd,0xb7,0x85,0x46,0x52,0x86,0xca,0x85,0x26,0x85,0x82,0x99,0xe3,0x15,0x95,0xfd,
0x1d,0xb9,0x85,0x46,0x56,0x86,0xca,0x85,0x26,0x85,0x82,0x99,0xe3,0x05,0x65,0xc3,
0x05,0x2a,0x5c,0x44,0x32,0x47,0x99,0x9f,0xe3,0x45,0xfa,0xfe,0x61,0xbb,0x01,0x4a,
0x93,0x0a,0x94,0x01,0x7d,0x5b,0xf5,0xb7,0x5d,0x71,0x9c,0x49,0x52,0xf0,0x3a,0x8a,
0x98,0x45,0xa2,0xe0,0x4a,0xf8,0x4e,0xf4,0x56,0xec,0x32,0x89,0xb6,0x8a,0x86,0xe4,
0x26,0xfc,0x5a,0xe8,0x5e,0xe4,0x1b,0x86,0x07,0x00,0x9b,0x06,0x07,0x00,0xaa,0x89,
0x2e,0x84,0x63,0x53,0xd6,0x00,0xba,0x87,0x01,0x00,0x23,0x20,0xf9,0x00,0x03,0x47,
0x34,0x04,0x01,0xc7,0x85,0x27,0x23,0x20,0xf9,0x00,0x1c,0x40,0x93,0xf7,0x07,0x02,
0x91,0xc7,0x83,0x27,0x09,0x00,0x89,0x27,0x23,0x20,0xf9,0x00,0x04,0x40,0x99,0x88,
0x91,0xe8,0x13,0x0b,0x94,0x01,0xfd,0x5b,0x5c,0x44,0x03,0x27,0x09,0x00,0x99,0x9f,
0x63,0xc0,0xf4,0x06,0x83,0x47,0x34,0x04,0x33,0x36,0xf0,0x00,0xb3,0x36,0xf0,0x00,
0x1c,0x40,0x93,0xf7,0x07,0x02,0xb5,0xeb,0x13,0x06,0x34,0x04,0xd6,0x85,0x4e,0x85,
0x02,0x9a,0xfd,0x57,0x63,0x05,0xf5,0x04,0x1c,0x40,0x11,0x46,0x54,0x44,0x99,0x8b,
0x03,0x27,0x09,0x00,0x81,0x44,0x63,0x98,0xc7,0x00,0xbb,0x87,0xe6,0x40,0xbe,0x84,
0x63,0xd3,0x07,0x00,0x81,0x44,0x1c,0x44,0x18,0x48,0x63,0x54,0xf7,0x00,0x99,0x9f,
0xbd,0x9c,0x01,0x49,0x69,0x04,0x7d,0x5b,0x63,0x9a,0x24,0x05,0x01,0x45,0x09,0xa8,
0x85,0x46,0x5a,0x86,0xd6,0x85,0x4e,0x85,0x02,0x9a,0x63,0x1e,0x75,0x01,0x7d,0x55,
0xa6,0x60,0x06,0x64,0xe2,0x74,0x42,0x79,0xa2,0x79,0x02,0x7a,0xe2,0x6a,0x42,0x6b,
0xa2,0x6b,0x61,0x61,0x82,0x80,0x85,0x24,0x85,0xbf,0xb3,0x07,0xd4,0x00,0x93,0x06,
0x00,0x03,0xa3,0x81,0xd7,0x04,0x1b,0x07,0x16,0x00,0x9b,0x06,0x26,0x00,0x03,0x46,
0x54,0x04,0xb3,0x07,0xe4,0x00,0xa3,0x81,0xc7,0x04,0xbd,0xb7,0x85,0x46,0x22,0x86,
0xd6,0x85,0x4e,0x85,0x02,0x9a,0xe3,0x0c,0x65,0xfb,0x05,0x29,0x71,0xbf,0x5d,0x71,
0xa2,0xe0,0x4a,0xf8,0x4e,0xf4,0x52,0xf0,0x86,0xe4,0x26,0xfc,0x56,0xec,0x5a,0xe8,
0x03,0xc8,0x85,0x01,0x93,0x07,0x80,0x07,0x2a,0x89,0x2e,0x84,0xb2,0x89,0x36,0x8a,
0x63,0xee,0x07,0x01,0x93,0x07,0x20,0x06,0x93,0x86,0x35,0x04,0x63,0xed,0x07,0x01,
0x63,0x0a,0x08,0x1c,0x93,0x07,0x80,0x05,0x63,0x00,0xf8,0x14,0x93,0x04,0x24,0x04,
0x23,0x01,0x04,0x05,0x15,0xa8,0x9b,0x07,0xd8,0xf9,0x93,0xf7,0xf7,0x0f,0x55,0x46,
0xe3,0x66,0xf6,0xfe,0x17,0x56,0x00,0x00,0x13,0x06,0x06,0xd7,0x8a,0x07,0xb2,0x97,
0x9c,0x43,0xb2,0x97,0x82,0x87,0x1c,0x63,0x93,0x84,0x25,0x04,0x93,0x86,0x87,0x00,
0x9c,0x43,0x14,0xe3,0x23,0x81,0xf5,0x04,0x85,0x47,0xe9,0xa2,0x90,0x41,0x1c,0x63,
0x13,0x75,0x06,0x08,0x93,0x85,0x87,0x00,0x0d,0xc1,0x9c,0x63,0x0c,0xe3,0x63,0xd8,
0x07,0x00,0x13,0x07,0xd0,0x02,0xb3,0x07,0xf0,0x40,0xa3,0x01,0xe4,0x04,0x17,0x56,
0x00,0x00,0x13,0x06,0xa6,0xb6,0x29,0x48,0x3d,0xa8,0x13,0x76,0x06,0x04,0x0c,0xe3,
0x01,0xc6,0x83,0x97,0x07,0x00,0xe1,0xbf,0x9c,0x43,0xd1,0xbf,0x90,0x41,0x1c,0x63,
0x13,0x75,0x06,0x08,0x93,0x85,0x87,0x00,0x49,0xcd,0x9c,0x63,0x0c,0xe3,0x13,0x07,
0xf0,0x06,0x17,0x56,0x00,0x00,0x13,0x06,0x66,0xb3,0x63,0x06,0xe8,0x10,0x29,0x48,
0x01,0x00,0xa3,0x01,0x04,0x04,0x58,0x40,0x18,0xc4,0x63,0x45,0x07,0x00,0x0c,0x40,
0xed,0x99,0x0c,0xc0,0x99,0xe3,0xb6,0x84,0x19,0xcf,0xb6,0x84,0x33,0xf7,0x07,0x03,
0xfd,0x14,0x32,0x97,0x03,0x47,0x07,0x00,0x23,0x80,0xe4,0x00,0x3e,0x87,0xb3,0xd7,
0x07,0x03,0xe3,0x75,0x07,0xff,0xa1,0x47,0x63,0x1e,0xf8,0x00,0x1c,0x40,0x85,0x8b,
0x91,0xcb,0x58,0x40,0x1c,0x48,0x63,0xc7,0xe7,0x00,0x93,0x07,0x00,0x03,0xa3,0x8f,
0xf4,0xfe,0xfd,0x14,0x85,0x8e,0x14,0xc8,0x52,0x87,0xce,0x86,0x70,0x00,0xa2,0x85,
0x4a,0x85,0xef,0xf0,0x7f,0xd9,0xfd,0x5a,0x63,0x13,0x55,0x11,0x7d,0x55,0xa6,0x60,
0x06,0x64,0xe2,0x74,0x42,0x79,0xa2,0x79,0x02,0x7a,0xe2,0x6a,0x42,0x6b,0x61,0x61,
0x82,0x80,0x9c,0x43,0x13,0x76,0x06,0x04,0x0c,0xe3,0x01,0xc6,0xc2,0x17,0xc1,0x93,
0xb9,0xbf,0x82,0x17,0x81,0x93,0xa1,0xbf,0x01,0x00,0xa3,0x82,0x05,0x05,0x17,0x56,
0x00,0x00,0x13,0x06,0xa6,0xa8,0x0c,0x40,0x1c,0x63,0x13,0xf8,0x05,0x08,0x13,0x85,
0x87,0x00,0x63,0x0e,0x08,0x02,0x9c,0x63,0x08,0xe3,0x13,0xf7,0x15,0x00,0x01,0xc7,
0x93,0xe5,0x05,0x02,0x0c,0xc0,0x41,0x48,0x85,0xff,0x18,0x40,0x13,0x77,0xf7,0xfd,
0x18,0xc0,0x3d,0xb7,0x9c,0x41,0x93,0xe7,0x07,0x0a,0x9c,0xc1,0x93,0x07,0x80,0x07,
0xa3,0x02,0xf4,0x04,0x17,0x56,0x00,0x00,0x13,0x06,0xc6,0xbe,0x6d,0xbf,0x9c,0x43,
0x13,0xf8,0x05,0x04,0x08,0xe3,0x63,0x05,0x08,0x00,0xc2,0x17,0xc1,0x93,0x75,0xbf,
0x82,0x17,0x81,0x93,0x5d,0xbf,0x21,0x48,0xe5,0xbd,0x90,0x41,0x1c,0x63,0xcc,0x49,
0x13,0x78,0x06,0x08,0x13,0x85,0x87,0x00,0x63,0x0b,0x08,0x00,0x01,0x00,0x08,0xe3,
0x9c,0x63,0x8c,0xe3,0x01,0x00,0x23,0x28,0x04,0x00,0xb6,0x84,0x35,0xb7,0x01,0x00,
0x08,0xe3,0x13,0x76,0x06,0x04,0x9c,0x63,0x09,0xc6,0x01,0x00,0x23,0x90,0xb7,0x00,
0xd5,0xb7,0x01,0x00,0x8c,0xc3,0xf9,0xbf,0x1c,0x63,0xd0,0x41,0x81,0x45,0x93,0x86,
0x87,0x00,0x14,0xe3,0x84,0x63,0x26,0x85,0xef,0x10,0x00,0x6a,0x19,0xc1,0x05,0x8d,
0x48,0xc0,0x5c,0x40,0x01,0x00,0x1c,0xc8,0xa3,0x01,0x04,0x04,0xf5,0xb5,0x14,0x48,
0x26,0x86,0xce,0x85,0x4a,0x85,0x02,0x9a,0xe3,0x0a,0x55,0xef,0x1c,0x40,0x89,0x8b,
0x95,0xeb,0xb2,0x47,0x48,0x44,0x1b,0x87,0x07,0x00,0x9b,0x06,0x05,0x00,0x63,0xd3,
0xe6,0x00,0x3e,0x85,0x01,0x25,0xe1,0xbd,0x85,0x46,0x56,0x86,0xce,0x85,0x4a,0x85,
0x02,0x9a,0xe3,0x05,0x65,0xed,0x85,0x24,0x5c,0x44,0x32,0x47,0x99,0x9f,0xe3,0xc5,
0xf4,0xfe,0xc1,0xbf,0x81,0x44,0x93,0x0a,0x94,0x01,0x7d,0x5b,0xf5,0xb7,0x59,0x71,
0x22,0xf0,0x06,0xf4,0x2a,0x84,0x2e,0xfc,0xb2,0xe0,0xb6,0xe4,0xba,0xe8,0xbe,0xec,
0xc2,0xf0,0xc6,0xf4,0x17,0x55,0x00,0x00,0x03,0x35,0x45,0x61,0x01,0xc9,0x1c,0x59,
0x91,0xe7,0x01,0x00,0x2a,0xe4,0xef,0x10,0x80,0x32,0x22,0x65,0x0c,0x69,0x34,0x18,
0x22,0x86,0x36,0xec,0xef,0x20,0x60,0x07,0xa2,0x70,0x02,0x74,0x65,0x61,0x82,0x80,
0x79,0x71,0x26,0xec,0x4a,0xe8,0x06,0xf4,0x22,0xf0,0x4e,0xe4,0x52,0xe0,0xaa,0x84,
0x2e,0x89,0x09,0xc5,0x1c,0x59,0x99,0xe3,0xef,0x10,0x60,0x2f,0x9c,0x58,0x80,0x68,
0x81,0xe7,0x26,0x85,0xef,0x10,0xa0,0x2e,0x97,0x57,0x00,0x00,0x93,0x87,0x87,0xbe,
0x63,0x1c,0xf4,0x04,0x80,0x64,0x83,0x27,0x04,0x0b,0x85,0x8b,0x89,0xeb,0x83,0x57,
0x04,0x01,0x93,0xf7,0x07,0x20,0x81,0xe7,0x48,0x70,0xef,0x10,0x40,0x46,0x83,0x57,
0x04,0x01,0xa1,0x8b,0xb1,0xcb,0x1c,0x6c,0xa1,0xcb,0xfd,0x59,0x29,0x4a,0x58,0x44,
0x83,0x45,0x09,0x00,0x9b,0x07,0xf7,0xff,0x3e,0x87,0xb5,0xe9,0x01,0x00,0x5c,0xc4,
0x63,0xdf,0x07,0x08,0x22,0x86,0xa9,0x45,0x26,0x85,0xef,0x00,0xe0,0x0e,0xfd,0x57,
0x63,0x09,0xf5,0x02,0xa9,0x44,0x3d,0xa0,0x97,0x57,0x00,0x00,0x93,0x87,0x07,0xbc,
0x63,0x14,0xf4,0x00,0x80,0x68,0x45,0xb7,0x97,0x57,0x00,0x00,0x93,0x87,0x07,0xb4,
0xe3,0x1b,0xf4,0xf8,0x80,0x6c,0x41,0xbf,0xa2,0x85,0x26,0x85,0xef,0x00,0x20,0x18,
0x4d,0xd5,0xfd,0x54,0x83,0x27,0x04,0x0b,0x85,0x8b,0x89,0xeb,0x83,0x57,0x04,0x01,
0x93,0xf7,0x07,0x20,0x81,0xe7,0x48,0x70,0xef,0x10,0x80,0x3e,0xa2,0x70,0x02,0x74,
0x42,0x69,0xa2,0x69,0x02,0x6a,0x26,0x85,0xe2,0x64,0x45,0x61,0x82,0x80,0x01,0x00,
0x58,0xc4,0x05,0x09,0x63,0xd7,0x07,0x00,0x18,0x54,0x63,0xcb,0xe7,0x00,0x63,0x89,
0x45,0x01,0x1c,0x60,0x13,0x87,0x17,0x00,0x18,0xe0,0x23,0x80,0xb7,0x00,0x85,0xb7,
0x22,0x86,0x26,0x85,0xef,0x00,0x40,0x06,0xe3,0x1b,0x35,0xf5,0x5d,0xb7,0x1c,0x60,
0x13,0x87,0x17,0x00,0x18,0xe0,0x29,0x47,0x23,0x80,0xe7,0x00,0xa5,0xb7,0xaa,0x85,
0x17,0x55,0x00,0x00,0x03,0x35,0x85,0x4c,0x6f,0xf0,0x9f,0xed,0x41,0x11,0x22,0xe0,
0x2a,0x84,0x2e,0x85,0x23,0xa2,0x01,0x8e,0x06,0xe4,0xef,0xe0,0x2f,0xed,0xfd,0x57,
0x63,0x17,0xf5,0x00,0x83,0xa7,0x41,0x8e,0x99,0xc3,0x01,0x00,0x1c,0xc0,0xa2,0x60,
0x02,0x64,0x41,0x01,0x82,0x80,0xaa,0x87,0x03,0xc7,0x07,0x00,0x85,0x07,0x6d,0xff,
0x33,0x85,0xa7,0x40,0x7d,0x15,0x82,0x80,0x79,0x71,0x22,0xf0,0x26,0xec,0x4a,0xe8,
0x06,0xf4,0x4e,0xe4,0xaa,0x84,0x2e,0x89,0x32,0x84,0x09,0xc5,0x1c,0x59,0x99,0xe3,
0xef,0x10,0xe0,0x18,0x97,0x57,0x00,0x00,0x93,0x87,0xc7,0xa8,0x63,0x1a,0xf4,0x06,
0x80,0x64,0x1c,0x54,0x5c,0xc4,0x83,0x57,0x04,0x01,0xa1,0x8b,0xd1,0xc3,0x1c,0x6c,
0xc1,0xc3,0x1c,0x6c,0x08,0x60,0x93,0x79,0xf9,0x0f,0x4e,0x89,0x1d,0x9d,0x1c,0x50,
0x63,0x47,0xf5,0x00,0xa2,0x85,0x26,0x85,0xef,0x00,0x10,0x7f,0x3d,0xe5,0x5c,0x44,
0x05,0x25,0xfd,0x37,0x5c,0xc4,0x1c,0x60,0x13,0x87,0x17,0x00,0x18,0xe0,0x23,0x80,
0x37,0x01,0x1c,0x50,0x63,0x89,0xa7,0x00,0x83,0x57,0x04,0x01,0x85,0x8b,0x89,0xcb,
0xa9,0x47,0x63,0x17,0xf9,0x00,0xa2,0x85,0x26,0x85,0xef,0x00,0xf0,0x7b,0x15,0xed,
0xa2,0x70,0x02,0x74,0xe2,0x64,0xa2,0x69,0x4a,0x85,0x42,0x69,0x45,0x61,0x82,0x80,
0x97,0x57,0x00,0x00,0x93,0x87,0x87,0xa4,0x63,0x14,0xf4,0x00,0x80,0x68,0x51,0xb7,
0x97,0x57,0x00,0x00,0x93,0x87,0x87,0x9c,0xe3,0x1d,0xf4,0xf6,0x80,0x6c,0x95,0xbf,
0xa2,0x85,0x26,0x85,0xef,0x00,0xa0,0x00,0x2d,0xdd,0x7d,0x59,0xd1,0xb7,0x01,0x11,
0x22,0xe8,0x26,0xe4,0x4a,0xe0,0x06,0xec,0x97,0x54,0x00,0x00,0x83,0xb4,0x04,0x3b,
0x2a,0x89,0x2e,0x84,0x91,0xc4,0x9c,0x58,0x81,0xe7,0x26,0x85,0xef,0x10,0x20,0x0c,
0x97,0x57,0x00,0x00,0x93,0x87,0x07,0x9c,0x63,0x17,0xf4,0x02,0x80,0x64,0x83,0x17,
0x04,0x01,0x13,0x97,0x07,0x03,0x93,0xf6,0x87,0x00,0x41,0x93,0xbd,0xea,0x93,0x76,
0x07,0x01,0x95,0xea,0x25,0x47,0x23,0x20,0xe9,0x00,0x93,0xe7,0x07,0x04,0x23,0x18,
0xf4,0x00,0x7d,0x55,0x4d,0xa0,0x97,0x57,0x00,0x00,0x93,0x87,0x27,0x9c,0x63,0x14,
0xf4,0x00,0x80,0x68,0xe9,0xb7,0x97,0x57,0x00,0x00,0x93,0x87,0x27,0x94,0xe3,0x10,
0xf4,0xfc,0x80,0x6c,0x6d,0xbf,0x11,0x8b,0x1d,0xc7,0x2c,0x70,0x99,0xc9,0x93,0x07,
0xc4,0x07,0x63,0x85,0xf5,0x00,0x4a,0x85,0xef,0x10,0x70,0x49,0x01,0x00,0x23,0x30,
0x04,0x06,0x83,0x57,0x04,0x01,0x23,0x24,0x04,0x00,0x93,0xf7,0xb7,0xfd,0x23,0x18,
0xf4,0x00,0x1c,0x6c,0x1c,0xe0,0x83,0x57,0x04,0x01,0x93,0xe7,0x87,0x00,0x23,0x18,
0xf4,0x00,0x1c,0x6c,0x89,0xef,0x83,0x57,0x04,0x01,0x13,0x07,0x00,0x20,0x93,0xf7,
0x07,0x28,0x63,0x86,0xe7,0x00,0xa2,0x85,0x4a,0x85,0xef,0x10,0x40,0x21,0x83,0x17,
0x04,0x01,0x13,0x97,0x07,0x03,0x93,0xf6,0x17,0x00,0x41,0x93,0x9d,0xc2,0x14,0x50,
0x23,0x26,0x04,0x00,0xbb,0x06,0xd0,0x40,0x14,0xd4,0x14,0x6c,0x01,0x45,0x81,0xe6,
0x13,0x77,0x07,0x08,0x39,0xfb,0xe2,0x60,0x42,0x64,0xa2,0x64,0x02,0x69,0x05,0x61,
0x82,0x80,0x93,0x76,0x27,0x00,0x01,0x46,0x91,0xe2,0x10,0x50,0x01,0x00,0x50,0xc4,
0xe9,0xbf,0x79,0x71,0x52,0xe0,0x17,0x5a,0x00,0x00,0x13,0x0a,0xaa,0x2a,0x22,0xf0,
0x2a,0x84,0x03,0x35,0x0a,0x00,0x26,0xec,0x4a,0xe8,0x4e,0xe4,0x36,0x89,0x06,0xf4,
0xae,0x84,0xb2,0x89,0xef,0x10,0xa0,0x14,0x93,0x86,0x01,0x8c,0x9c,0x62,0x91,0xef,
0x17,0x77,0x00,0x00,0x13,0x07,0x07,0xb4,0x98,0xe2,0x93,0x06,0x00,0x00,0xba,0x87,
0x89,0xc6,0x9c,0x62,0x23,0x38,0xf7,0x10,0xba,0x87,0x98,0x47,0xfd,0x46,0x03,0x35,
0x0a,0x00,0x63,0xdd,0xe6,0x00,0xef,0x10,0xa0,0x11,0x7d,0x55,0xa2,0x70,0x02,0x74,
0xe2,0x64,0x42,0x69,0xa2,0x69,0x02,0x6a,0x45,0x61,0x82,0x80,0x05,0xcc,0x03,0xb8,
0x07,0x11,0xe3,0x02,0x08,0xfe,0x93,0x18,0x37,0x00,0xc2,0x98,0x23,0xb0,0x38,0x01,
0x83,0x26,0x08,0x20,0x05,0x46,0x3b,0x16,0xe6,0x00,0xd1,0x8e,0x23,0x20,0xd8,0x20,
0x23,0xb0,0x28,0x11,0x89,0x46,0x63,0x17,0xd4,0x00,0x83,0x26,0x48,0x20,0x55,0x8e,
0x23,0x22,0xc8,0x20,0x9b,0x06,0x17,0x00,0x09,0x07,0x0e,0x07,0x94,0xc7,0xba,0x97,
0x84,0xe3,0xef,0x10,0xe0,0x0b,0x01,0x45,0x55,0xb7,0x39,0x71,0x22,0xf8,0x5c,0x49,
0xc0,0x49,0x06,0xfc,0x26,0xf4,0x4a,0xf0,0x4e,0xec,0x52,0xe8,0x56,0xe4,0x5a,0xe0,
0x63,0xc1,0x87,0x14,0x7d,0x34,0x2a,0x89,0x13,0x8a,0x85,0x01,0x13,0x15,0x24,0x00,
0xb3,0x0a,0xaa,0x00,0x93,0x09,0x89,0x01,0x03,0xab,0x0a,0x00,0x4e,0x95,0x1c,0x41,
0x1b,0x07,0x1b,0x00,0xbb,0xd4,0xe7,0x02,0x26,0x8b,0x63,0xeb,0xe7,0x06,0x01,0x00,
0x41,0x68,0xd2,0x88,0x4e,0x83,0x01,0x4e,0x01,0x4f,0x7d,0x18,0x03,0xa6,0x08,0x00,
0x11,0x03,0x91,0x08,0x33,0x77,0x06,0x01,0x3b,0x07,0x97,0x02,0x1b,0x56,0x06,0x01,
0x3b,0x06,0x96,0x02,0x3b,0x07,0xc7,0x01,0x9b,0x56,0x07,0x01,0xb3,0x77,0xe8,0x00,
0xbb,0x07,0xff,0x40,0x35,0x9e,0x83,0x26,0xc3,0xff,0x1b,0x5e,0x06,0x01,0x33,0x76,
0xc8,0x00,0x33,0xf7,0x06,0x01,0xbb,0x8e,0xe7,0x00,0x9b,0xd6,0x06,0x01,0x91,0x9e,
0x9b,0xd7,0x0e,0x41,0xb5,0x9f,0x1b,0xdf,0x07,0x41,0xb3,0xf6,0x0e,0x01,0x9b,0x97,
0x07,0x01,0xd5,0x8f,0x23,0x2e,0xf3,0xfe,0xe3,0xf2,0x1a,0xfb,0x1c,0x41,0xc9,0xc3,
0x4a,0x85,0xef,0x10,0x60,0x7c,0x63,0x4e,0x05,0x04,0x01,0x00,0xc1,0x65,0x9b,0x04,
0x1b,0x00,0x4e,0x85,0x81,0x46,0xfd,0x15,0x03,0x28,0x0a,0x00,0x18,0x41,0x11,0x05,
0xb3,0x77,0xb8,0x00,0x9d,0x9e,0xb3,0x77,0xb7,0x00,0x3b,0x86,0xf6,0x00,0x1b,0x58,
0x08,0x01,0x9b,0x57,0x07,0x01,0x9b,0x56,0x06,0x41,0xbb,0x87,0x07,0x41,0xb5,0x9f,
0x9b,0xd6,0x07,0x41,0x33,0x77,0xb6,0x00,0x9b,0x97,0x07,0x01,0xd9,0x8f,0x11,0x0a,
0x23,0x2e,0xf5,0xfe,0xe3,0xf2,0x4a,0xfd,0x93,0x17,0x24,0x00,0xce,0x97,0x98,0x43,
0x15,0xcb,0x1b,0x85,0x04,0x00,0xe2,0x70,0x42,0x74,0xa2,0x74,0x02,0x79,0xe2,0x69,
0x42,0x6a,0xa2,0x6a,0x02,0x6b,0x21,0x61,0x82,0x80,0x1c,0x41,0x89,0xe7,0x7d,0x34,
0x71,0x15,0xe3,0xec,0xa9,0xfe,0x01,0x00,0x23,0x2a,0x89,0x00,0x95,0xbf,0x98,0x43,
0x09,0xe7,0x7d,0x34,0xf1,0x17,0xe3,0xec,0xf9,0xfe,0x01,0x00,0x23,0x2a,0x89,0x00,
0xc9,0xb7,0x01,0x45,0xc9,0xb7,0x55,0x71,0x4a,0xf9,0x53,0x09,0x05,0xe2,0x3e,0xf0,
0x3c,0x61,0xa2,0xe1,0x26,0xfd,0x5e,0xe5,0x86,0xe5,0x4e,0xf5,0x52,0xf1,0x56,0xed,
0x5a,0xe9,0x62,0xe1,0xe6,0xfc,0xea,0xf8,0xee,0xf4,0x32,0xec,0xb6,0xe0,0x4a,0xe4,
0xaa,0x84,0xae,0x8b,0x3a,0x84,0x8d,0xef,0x13,0x05,0x00,0x02,0xef,0x10,0x40,0x02,
0xa8,0xe0,0x11,0xed,0x97,0x46,0x00,0x00,0x93,0x86,0x46,0x5c,0x01,0x46,0x93,0x05,
0xa0,0x0e,0x17,0x45,0x00,0x00,0x13,0x05,0xe5,0x5c,0xef,0x10,0x90,0x6d,0x01,0x00,
0x23,0x24,0x05,0x00,0x23,0x38,0x05,0x00,0x23,0x30,0x05,0x00,0x23,0x3c,0x05,0x00,
0xbc,0x60,0x8c,0x63,0x89,0xcd,0x98,0x47,0x85,0x47,0x26,0x85,0xbb,0x97,0xe7,0x00,
0xdc,0xc5,0x98,0xc5,0xef,0x10,0x00,0x10,0xbc,0x60,0x23,0xb0,0x07,0x00,0x93,0x57,
0x09,0x42,0x63,0x5e,0x09,0x04,0x05,0x47,0x18,0xc0,0x7d,0x57,0x86,0x17,0x01,0x93,
0x85,0x83,0x33,0x77,0x27,0x01,0xd9,0x8f,0x3e,0xe4,0xa2,0x67,0x37,0x07,0xf0,0x7f,
0xa2,0x69,0x13,0xda,0x07,0x42,0xb7,0x07,0xf0,0x7f,0xb3,0x77,0xfa,0x00,0x63,0x9c,
0xe7,0x02,0x06,0x67,0x89,0x67,0x93,0x87,0xf7,0x70,0x1c,0xc3,0xa2,0x67,0xb2,0x07,
0xe3,0x89,0x07,0x1c,0x82,0x77,0x97,0x4a,0x00,0x00,0x93,0x8a,0xaa,0x52,0xe3,0x8e,
0x07,0x1c,0x97,0x47,0x00,0x00,0x93,0x87,0x17,0x52,0x6f,0x00,0xd0,0x1c,0x01,0x00,
0x23,0x20,0x04,0x00,0x5d,0xbf,0xd3,0x07,0x00,0xf2,0x22,0x27,0xd3,0x27,0xf7,0xa2,
0x8d,0xc3,0x06,0x67,0x85,0x47,0x97,0x4a,0x00,0x00,0x93,0x8a,0x2a,0x47,0x1c,0xc3,
0x82,0x77,0xe3,0x84,0x07,0x1a,0x97,0x47,0x00,0x00,0x93,0x87,0x37,0x46,0x6f,0x00,
0x90,0x19,0x22,0x25,0xb0,0x08,0xec,0x08,0x26,0x85,0xef,0x10,0xe0,0x79,0x1b,0x57,
0x4a,0x01,0x13,0x77,0xf7,0x7f,0xe6,0x46,0x2a,0x84,0x63,0x01,0x07,0x10,0x93,0x97,
0xc9,0x00,0x37,0x06,0xf0,0x3f,0xb1,0x93,0xd1,0x8f,0x13,0x96,0x07,0x02,0xfd,0x57,
0x81,0x93,0xb3,0xf7,0x37,0x01,0xd1,0x8f,0x1b,0x07,0x17,0xc0,0x01,0x4a,0x53,0x87,
0x07,0xf2,0x17,0x56,0x00,0x00,0x87,0x37,0x66,0xf5,0x97,0x57,0x00,0x00,0x87,0xb6,
0x67,0xf5,0xd3,0x77,0xf7,0x0a,0x97,0x57,0x00,0x00,0x07,0xb7,0x27,0xf5,0xc3,0xf7,
0xd7,0x72,0x53,0x07,0x07,0xd2,0x97,0x57,0x00,0x00,0x87,0xb6,0xa7,0xf4,0xc3,0x77,
0xd7,0x7a,0x53,0x07,0x00,0xf2,0xd3,0x97,0x07,0xc2,0x53,0x96,0xe7,0xa2,0x1b,0x89,
0x07,0x00,0x01,0xca,0x53,0x87,0x07,0xd2,0x53,0x26,0xf7,0xa2,0x19,0xe2,0x1b,0x89,
0xf7,0xff,0x85,0x45,0x9b,0x07,0x09,0x00,0x59,0x46,0x2e,0xf8,0x63,0x62,0xf6,0x02,
0x13,0x16,0x39,0x00,0x97,0x47,0x00,0x00,0x93,0x87,0xc7,0x5f,0xb2,0x97,0x9c,0x23,
0x53,0x87,0x09,0xf2,0xd3,0x17,0xf7,0xa2,0x91,0xc3,0x7d,0x39,0x01,0x00,0x02,0xf8,
0xbb,0x87,0xe6,0x40,0x1b,0x8d,0xf7,0xff,0x81,0x4d,0x63,0x56,0x0d,0x00,0x05,0x47,
0xbb,0x0d,0xf7,0x40,0x01,0x4d,0x63,0x41,0x09,0x0a,0x3b,0x0d,0xa9,0x01,0x4a,0xf4,
0x01,0x48,0xa5,0x47,0x63,0xe1,0x77,0x11,0x95,0x47,0x85,0x4c,0x63,0xd4,0x77,0x01,
0xf1,0x3b,0x81,0x4c,0x91,0x47,0x63,0x87,0xfb,0x08,0x95,0x47,0x63,0x89,0xfb,0x0c,
0x89,0x47,0x63,0x83,0xfb,0x0c,0x8d,0x47,0x02,0xe8,0x63,0x84,0xfb,0x0c,0x85,0x47,
0x3e,0xe8,0x7d,0x5c,0x7d,0x5b,0xc9,0x47,0x02,0xec,0xbd,0xa8,0x76,0x47,0x13,0x06,
0x00,0x02,0x01,0x29,0x35,0x9f,0x9b,0x05,0x27,0x43,0x63,0x50,0xb6,0x04,0x13,0x06,
0x00,0x04,0xbb,0x07,0xb6,0x40,0x3b,0x1a,0xfa,0x00,0x9b,0x07,0x27,0x41,0x3b,0x59,
0xf9,0x00,0x33,0x69,0x2a,0x01,0x01,0x29,0xd3,0x07,0x19,0xd2,0x37,0x06,0x10,0xfe,
0x7d,0x37,0xd3,0x85,0x07,0xe2,0x05,0x4a,0x93,0xd7,0x05,0x02,0x3d,0x9e,0xfd,0x57,
0x81,0x93,0x02,0x16,0xed,0x8f,0xd1,0x8f,0xd9,0xbd,0x13,0x0a,0x00,0x02,0x3b,0x0a,
0xba,0x40,0x3b,0x19,0x49,0x01,0xc9,0xbf,0xbb,0x8d,0x2d,0x41,0x3b,0x08,0x20,0x41,
0x02,0xf4,0x85,0xb7,0x85,0x47,0x3e,0xe8,0xe2,0x67,0x63,0x41,0xf0,0x06,0x05,0x47,
0x05,0x4c,0x05,0x4b,0x85,0x47,0x3a,0xec,0xa8,0x60,0x11,0x46,0x23,0x24,0x05,0x00,
0x93,0x08,0xc6,0x01,0x0c,0x45,0x63,0xf7,0x17,0x05,0x26,0x85,0x42,0xfc,0xef,0x00,
0x50,0x60,0x62,0x78,0xaa,0x8a,0x21,0xe5,0x97,0x46,0x00,0x00,0x93,0x86,0x86,0x39,
0x01,0x46,0x93,0x05,0xa0,0x1a,0xb5,0xb3,0x01,0x00,0x02,0xe8,0x75,0xbf,0x85,0x47,
0x3e,0xe8,0xe2,0x67,0x3b,0x0c,0xf9,0x00,0x1b,0x0b,0x1c,0x00,0xda,0x87,0xe3,0x4d,
0x60,0xfb,0x85,0x47,0x55,0xbf,0x85,0x4c,0x81,0x4b,0x15,0xb7,0x62,0x6c,0x62,0x8b,
0xe2,0x87,0x5d,0xb7,0x85,0x25,0x0c,0xc5,0x1b,0x16,0x16,0x00,0x55,0xb7,0xbc,0x60,
0x39,0x46,0x88,0xe3,0x9b,0x07,0x0b,0x00,0x63,0x63,0xf6,0x0e,0x63,0x81,0x0c,0x0e,
0x63,0x53,0x20,0x15,0x93,0x77,0xf9,0x00,0x13,0x96,0x37,0x00,0x97,0x47,0x00,0x00,
0x93,0x87,0x47,0x48,0xb2,0x97,0x9c,0x23,0x9b,0x57,0x49,0x40,0x13,0xf6,0x07,0x01,
0x09,0x45,0x01,0xce,0xd3,0x86,0x09,0xf2,0x17,0x47,0x00,0x00,0x07,0x37,0x07,0x46,
0xbd,0x8b,0x53,0xf7,0xe6,0x1a,0x0d,0x45,0x3a,0xa4,0x17,0x46,0x00,0x00,0x13,0x06,
0xe6,0x42,0xe5,0xeb,0x22,0x27,0xd3,0x77,0xf7,0x1a,0x3e,0xa4,0xc2,0x77,0x63,0x8f,
0x07,0x14,0x22,0x27,0x97,0x57,0x00,0x00,0x87,0xb7,0x47,0xd5,0xd3,0x17,0xf7,0xa2,
0x63,0x86,0x07,0x14,0x63,0x07,0x0b,0x14,0x63,0x59,0x80,0x07,0x97,0x57,0x00,0x00,
0x87,0xb7,0x47,0xd4,0xd3,0x77,0xf7,0x12,0x1b,0x06,0xf9,0xff,0x05,0x25,0xe2,0x85,
0x3e,0xa4,0xa2,0x27,0x53,0x07,0x05,0xd2,0x97,0x57,0x00,0x00,0x87,0xb6,0x07,0xd3,
0xb7,0x07,0xc0,0xfc,0x43,0x77,0xf7,0x6a,0x53,0x86,0xf7,0x22,0xd3,0x08,0x07,0xe2,
0x13,0xd5,0x08,0x02,0xa9,0x9f,0x7d,0x55,0x01,0x91,0x82,0x17,0x33,0x75,0x15,0x01,
0xc9,0x8f,0x63,0x93,0x05,0x10,0x17,0x57,0x00,0x00,0x87,0x37,0xa7,0xd0,0xd3,0x77,
0xf6,0x0a,0x53,0x87,0x07,0xf2,0xd3,0x15,0xf7,0xa2,0x63,0x97,0x05,0x4a,0x53,0x17,
0xe7,0x22,0xd3,0x97,0xe7,0xa2,0x63,0x9e,0x07,0x48,0x01,0x00,0x4e,0xe4,0xf6,0x47,
0x63,0xc4,0x07,0x26,0x39,0x46,0x63,0x41,0x26,0x27,0x13,0x17,0x39,0x00,0x97,0x47,
0x00,0x00,0x93,0x87,0x27,0x3a,0xba,0x97,0x98,0x23,0xe2,0x67,0x63,0xd2,0x07,0x1a,
0x63,0x40,0x60,0x1b,0x63,0x17,0x0b,0x46,0x97,0x57,0x00,0x00,0x87,0xb7,0x87,0xcb,
0x53,0x77,0xf7,0x12,0xa2,0x27,0x01,0x4a,0x81,0x49,0xd3,0x87,0xe7,0xa2,0x63,0x92,
0x07,0x42,0x13,0x07,0x10,0x03,0x93,0x8c,0x1a,0x00,0x23,0x80,0xea,0x00,0x05,0x29,
0x29,0xa9,0x93,0xf5,0x17,0x00,0x89,0xc5,0x18,0x22,0x05,0x25,0xd3,0xf7,0xe7,0x12,
0x85,0x87,0x21,0x06,0xfd,0xbd,0x09,0x45,0xe3,0x02,0x09,0xf0,0xbb,0x07,0x20,0x41,
0x13,0xf6,0xf7,0x00,0x93,0x15,0x36,0x00,0x17,0x46,0x00,0x00,0x13,0x06,0x86,0x33,
0x2e,0x96,0x1c,0x22,0x53,0x87,0x09,0xf2,0x9b,0xd7,0x47,0x40,0x97,0x45,0x00,0x00,
0x93,0x85,0xc5,0x2f,0xd3,0x77,0xf7,0x12,0x81,0x48,0x53,0x86,0x07,0xe2,0x32,0xe4,
0x91,0xe7,0xe3,0x85,0x08,0xec,0x01,0x00,0x32,0xe4,0xc9,0xb5,0x13,0xf3,0x17,0x00,
0x63,0x0b,0x03,0x00,0x53,0x07,0x06,0xf2,0x9c,0x21,0x05,0x25,0x85,0x48,0xd3,0x77,
0xf7,0x12,0x53,0x86,0x07,0xe2,0x85,0x87,0xa1,0x05,0xd9,0xbf,0x4a,0x86,0xda,0x85,
0xc9,0xbd,0x4a,0x86,0x81,0x45,0xf1,0xb5,0x1b,0x85,0xf5,0xff,0x42,0x67,0x93,0x18,
0x35,0x00,0x17,0x45,0x00,0x00,0x13,0x05,0xe5,0x2c,0x46,0x95,0x14,0x21,0x25,0xc3,
0x17,0x57,0x00,0x00,0x07,0x37,0x87,0xbf,0x53,0x77,0xd7,0x1a,0xd3,0x86,0x07,0xf2,
0xd6,0x8c,0x97,0x57,0x00,0x00,0x07,0xb6,0x67,0xbc,0x53,0x77,0xd7,0x0a,0x97,0x57,
0x00,0x00,0x87,0xb6,0x27,0xbc,0x53,0x95,0x07,0xc2,0x85,0x0c,0xd3,0x05,0x05,0xd2,
0x1b,0x05,0x05,0x03,0xa3,0x8f,0xac,0xfe,0xd3,0xf7,0xb7,0x0a,0x53,0x95,0xe7,0xa2,
0x59,0xe1,0xd3,0x75,0xf6,0x0a,0x53,0x95,0xe5,0xa2,0x7d,0xe9,0x3b,0x85,0x5c,0x41,
0xe3,0x5d,0xb5,0xea,0x53,0x77,0xd7,0x12,0xd3,0xf7,0xd7,0x12,0xe9,0xb7,0x53,0x87,
0x07,0xf2,0x81,0x47,0x53,0xf7,0xe6,0x12,0x17,0x57,0x00,0x00,0x87,0x36,0x87,0xb7,
0x53,0x95,0x07,0xc2,0xb3,0x88,0xfa,0x00,0x85,0x07,0x53,0x06,0x05,0xd2,0x1b,0x05,
0x05,0x03,0x23,0x80,0xa8,0x00,0x1b,0x85,0x07,0x00,0xd3,0xf7,0xc7,0x0a,0x63,0x9e,
0xa5,0x02,0x97,0x57,0x00,0x00,0x87,0xb6,0x67,0xb6,0x53,0x76,0xd7,0x02,0xb3,0x8c,
0xba,0x00,0xd3,0x15,0xf6,0xa2,0xc9,0xed,0x53,0xf7,0xe6,0x0a,0xd3,0x95,0xe7,0xa2,
0xe3,0x8d,0x05,0xe4,0x93,0x06,0x00,0x03,0x66,0x87,0x83,0xc5,0xfc,0xff,0xfd,0x1c,
0xe3,0x8c,0xd5,0xfe,0xba,0x8c,0x32,0x89,0x91,0xa8,0xd3,0xf7,0xd7,0x12,0x4d,0xb7,
0xa2,0x27,0xd3,0x06,0x00,0xf2,0xd6,0x8c,0x97,0x57,0x00,0x00,0x07,0xb6,0x87,0xb0,
0xd3,0xf5,0xe7,0x1a,0x85,0x0c,0x53,0x97,0x05,0xc2,0xd3,0x05,0x07,0xd2,0x9b,0x06,
0x07,0x00,0x1b,0x07,0x07,0x03,0xa3,0x8f,0xec,0xfe,0x3b,0x87,0x5c,0x41,0xcb,0xf7,
0xe5,0x7a,0x63,0x15,0x67,0x07,0xd3,0xf7,0xf7,0x02,0x53,0x17,0xf7,0xa2,0x05,0xeb,
0x53,0xa7,0xe7,0xa2,0x01,0xc7,0x13,0xf7,0x16,0x00,0x15,0xe3,0xa2,0x85,0x26,0x85,
0xef,0x00,0x50,0x36,0x86,0x67,0x23,0x80,0x0c,0x00,0x05,0x29,0x23,0xa0,0x27,0x01,
0x82,0x77,0x63,0x84,0x07,0x48,0x01,0x00,0x23,0xb0,0x97,0x01,0xbd,0xa9,0x4a,0x86,
0x66,0x87,0x93,0x06,0x90,0x03,0xba,0x8c,0x83,0x45,0xf7,0xff,0x7d,0x17,0x63,0x99,
0xd5,0x00,0xe3,0x9a,0xea,0xfe,0x93,0x06,0x00,0x03,0x05,0x26,0x23,0x80,0xda,0x00,
0x83,0x46,0x07,0x00,0x85,0x26,0x23,0x00,0xd7,0x00,0xb1,0xbf,0xd3,0xf7,0xc7,0x12,
0x53,0xa7,0xd7,0xa2,0x35,0xd7,0x5d,0xb7,0x42,0x67,0x63,0x04,0x07,0x10,0x05,0x46,
0x63,0x49,0x76,0x0d,0x63,0x02,0x0a,0x0c,0x9b,0x87,0x37,0x43,0x42,0x8a,0xee,0x8c,
0x85,0x45,0x26,0x85,0x42,0xfc,0xbb,0x8d,0xfd,0x00,0x3b,0x8d,0xa7,0x01,0xef,0x00,
0xb0,0x4d,0x62,0x78,0xaa,0x89,0x63,0x5e,0x90,0x01,0x63,0x5c,0xa0,0x01,0xe6,0x87,
0x63,0x53,0x9d,0x01,0xea,0x87,0xbb,0x8d,0xfd,0x40,0xbb,0x8c,0xfc,0x40,0x3b,0x0d,
0xfd,0x40,0x63,0x02,0x08,0x04,0xc2,0x67,0xe9,0xc3,0x63,0x56,0x40,0x03,0xce,0x85,
0x52,0x86,0x26,0x85,0xc2,0xe4,0xef,0x00,0x50,0x66,0x22,0x86,0xaa,0x85,0xaa,0x89,
0x26,0x85,0xef,0x00,0xf0,0x4c,0x2a,0xfc,0xa2,0x85,0x26,0x85,0xef,0x00,0x90,0x29,
0xe2,0x77,0x26,0x68,0x3e,0x84,0x3b,0x06,0x48,0x41,0x11,0xc6,0xa2,0x85,0x26,0x85,
0xef,0x00,0xb0,0x63,0x2a,0x84,0x85,0x45,0x26,0x85,0xef,0x00,0xf0,0x46,0xa2,0x77,
0x2a,0x8a,0x63,0x5e,0xf0,0x06,0x3e,0x86,0xaa,0x85,0x26,0x85,0xef,0x00,0xf0,0x61,
0x85,0x47,0x2a,0x8a,0x63,0xd9,0x77,0x07,0x01,0x00,0x02,0xfc,0x83,0x27,0x4a,0x01,
0xfd,0x37,0x91,0x07,0x8a,0x07,0xd2,0x97,0x88,0x47,0xef,0x00,0x90,0x37,0x93,0x07,
0x00,0x02,0x3b,0x85,0xa7,0x40,0x8d,0xa8,0x66,0x46,0x93,0x07,0x60,0x03,0x91,0x9f,
0x35,0xbf,0x9b,0x07,0xfb,0xff,0x63,0x4a,0xf8,0x00,0x3b,0x0a,0xf8,0x40,0x63,0x5f,
0x0b,0x00,0xbb,0x8c,0x6d,0x41,0x81,0x47,0x25,0xb7,0x22,0x77,0x3b,0x8a,0x07,0x41,
0x3e,0x88,0x3b,0x07,0xea,0x00,0x3a,0xf4,0x01,0x4a,0xd5,0xb7,0xee,0x8c,0xda,0x87,
0x01,0xbf,0x42,0x8a,0xee,0x8c,0x81,0x49,0x39,0xbf,0x42,0x86,0x85,0xbf,0x85,0x47,
0x02,0xfc,0x63,0xc0,0x77,0x03,0xa2,0x67,0x02,0xfc,0xb2,0x07,0x99,0xeb,0xa2,0x67,
0x37,0x06,0xf0,0x7f,0x81,0x93,0xf1,0x8f,0x89,0xc7,0x85,0x47,0x85,0x2d,0x05,0x2d,
0x3e,0xfc,0xa2,0x77,0x05,0x45,0xbd,0xfb,0x3b,0x05,0xad,0x00,0x7d,0x89,0x59,0xc1,
0x93,0x07,0x00,0x02,0x89,0x9f,0x11,0x46,0x63,0x5b,0xf6,0x06,0xf1,0x47,0x3b,0x85,
0xa7,0x40,0xbb,0x0d,0xb5,0x01,0xbb,0x0c,0x95,0x01,0x3b,0x0d,0xa5,0x01,0x63,0x58,
0xb0,0x01,0xa2,0x85,0x6e,0x86,0x26,0x85,0xef,0x00,0x10,0x63,0x2a,0x84,0x63,0x58,
0xa0,0x01,0xd2,0x85,0x6a,0x86,0x26,0x85,0xef,0x00,0x10,0x62,0x2a,0x8a,0xc2,0x77,
0xa1,0xc7,0xd2,0x85,0x22,0x85,0xef,0x00,0x30,0x72,0x63,0x5f,0x05,0x02,0xa2,0x85,
0x81,0x46,0x29,0x46,0x26,0x85,0xef,0x00,0x50,0x1d,0xc2,0x67,0x7d,0x39,0x2a,0x84,
0x63,0x8d,0x07,0x2a,0xce,0x85,0x81,0x46,0x29,0x46,0x26,0x85,0xef,0x00,0xf0,0x1b,
0xaa,0x89,0x63,0x43,0x80,0x09,0x89,0x47,0x63,0xce,0x77,0x01,0xb5,0xa8,0xe3,0x80,
0xc7,0xfa,0x3e,0x85,0x71,0x25,0x71,0xb7,0x63,0x44,0x60,0x07,0x89,0x47,0x63,0xd1,
0x77,0x07,0x5a,0x8c,0x63,0x1f,0x0c,0x00,0xd2,0x85,0x81,0x46,0x15,0x46,0x26,0x85,
0xef,0x00,0xb0,0x18,0x2a,0x8a,0xaa,0x85,0x22,0x85,0xef,0x00,0xf0,0x6b,0xe3,0x42,
0xa0,0xbe,0xe2,0x67,0xd6,0x8c,0x13,0xc9,0xf7,0xff,0x01,0x4b,0xd2,0x85,0x26,0x85,
0xef,0x00,0x50,0x10,0xe3,0x8c,0x09,0xd8,0x63,0x08,0x0b,0x00,0x63,0x06,0x3b,0x01,
0xda,0x85,0x26,0x85,0xef,0x00,0x10,0x0f,0xce,0x85,0x26,0x85,0xef,0x00,0x90,0x0e,
0xb5,0xbb,0x01,0x4a,0x81,0x49,0xf1,0xb7,0x32,0x89,0x01,0x4a,0x81,0x49,0x55,0xb6,
0xc2,0x67,0x5a,0x8c,0x63,0x88,0x07,0x22,0x63,0x58,0x90,0x01,0xce,0x85,0x66,0x86,
0x26,0x85,0xef,0x00,0x70,0x55,0xaa,0x89,0xe2,0x77,0x4e,0x85,0x9d,0xcf,0x83,0xa5,
0x89,0x00,0x26,0x85,0xef,0x00,0xe0,0x7f,0x2a,0x8b,0x11,0xe9,0x97,0x46,0x00,0x00,
0x93,0x86,0x46,0xd9,0x01,0x46,0x93,0x05,0xa0,0x2e,0x6f,0xf0,0x8f,0xf6,0x03,0xa6,
0x49,0x01,0x93,0x85,0x09,0x01,0x41,0x05,0x09,0x06,0x0a,0x06,0xef,0xe0,0xcf,0xc1,
0x05,0x46,0xda,0x85,0x26,0x85,0xef,0x00,0x30,0x51,0xa2,0x67,0x4e,0x8b,0x56,0xe8,
0x85,0x8b,0xaa,0x89,0x3e,0xec,0xd2,0x85,0x22,0x85,0xef,0xf0,0x0f,0xd9,0x2a,0xe4,
0xda,0x85,0x9b,0x0d,0x05,0x03,0x22,0x85,0xef,0x00,0x10,0x60,0xd2,0x85,0x2a,0x8d,
0x4e,0x86,0x26,0x85,0xef,0x00,0x70,0x62,0x1c,0x49,0xaa,0x85,0x85,0x46,0x81,0xeb,
0x01,0x00,0x2a,0xf4,0x22,0x85,0xef,0x00,0x30,0x5e,0xa2,0x75,0xaa,0x86,0x26,0x85,
0x36,0xf4,0xef,0x00,0x30,0x03,0xc2,0x67,0xa2,0x76,0x93,0x8c,0x17,0x00,0xe2,0x67,
0x33,0xe6,0xdb,0x00,0x5d,0x8e,0x01,0x26,0x11,0xee,0x93,0x06,0x90,0x03,0x63,0x8a,
0xdd,0x04,0x63,0x55,0xa0,0x01,0xa2,0x67,0x9b,0x8d,0x17,0x03,0xc2,0x67,0x23,0x80,
0xb7,0x01,0xed,0xbd,0x63,0x4a,0x0d,0x00,0xe2,0x67,0x33,0xed,0xab,0x01,0x33,0xed,
0xa7,0x01,0x01,0x2d,0x63,0x19,0x0d,0x04,0xe3,0x52,0xd0,0xfe,0xa2,0x85,0x05,0x46,
0x26,0x85,0xef,0x00,0x70,0x47,0xd2,0x85,0x2a,0x84,0xef,0x00,0xf0,0x57,0x63,0x46,
0xa0,0x00,0x69,0xf5,0x93,0xf6,0x1d,0x00,0xf1,0xd2,0x93,0x06,0x90,0x03,0xe3,0x9c,
0xdd,0xfa,0xc2,0x67,0x13,0x07,0x90,0x03,0x23,0x80,0xe7,0x00,0x66,0x87,0x13,0x06,
0x90,0x03,0xba,0x8c,0x83,0xc6,0xfc,0xff,0x7d,0x17,0x63,0x8c,0xc6,0x0a,0x85,0x26,
0x23,0x00,0xd7,0x00,0x61,0xbd,0x63,0x5c,0xd0,0x00,0x93,0x06,0x90,0x03,0xe3,0x8a,
0xdd,0xfc,0xc2,0x67,0x1b,0x87,0x1d,0x00,0x23,0x80,0xe7,0x00,0x41,0xb5,0x01,0x00,
0xa3,0x8f,0xbc,0xff,0xbb,0x86,0x5c,0x41,0x63,0x8c,0x86,0x05,0xa2,0x85,0x81,0x46,
0x29,0x46,0x26,0x85,0xef,0x00,0x60,0x7d,0x2a,0x84,0x81,0x46,0x29,0x46,0xda,0x85,
0x26,0x85,0x63,0x19,0x3b,0x01,0xef,0x00,0x40,0x7c,0x2a,0x8b,0xaa,0x89,0x01,0x00,
0x66,0xe8,0xd5,0xb5,0xef,0x00,0x60,0x7b,0xce,0x85,0x2a,0x8b,0x81,0x46,0x29,0x46,
0x26,0x85,0xef,0x00,0x80,0x7a,0xaa,0x89,0xdd,0xb7,0x85,0x47,0x63,0x57,0x80,0x01,
0x9b,0x07,0xfc,0xff,0x82,0x17,0x81,0x93,0x85,0x07,0xb3,0x8c,0xfa,0x00,0x01,0x4b,
0xa2,0x85,0x05,0x46,0x26,0x85,0xef,0x00,0x30,0x3b,0xd2,0x85,0x2a,0x84,0xef,0x00,
0xb0,0x4b,0xe3,0x4d,0xa0,0xf4,0x01,0xe5,0x13,0xf7,0x1d,0x00,0x21,0xfb,0x66,0x87,
0x93,0x06,0x00,0x03,0xba,0x8c,0x03,0x46,0xf7,0xff,0x7d,0x17,0xe3,0x0c,0xd6,0xfe,
0xf5,0xb3,0xe3,0x90,0xea,0xf4,0x13,0x07,0x10,0x03,0x05,0x29,0x23,0x80,0xea,0x00,
0xf1,0xbb,0x82,0x77,0x97,0x4a,0x00,0x00,0x93,0x8a,0xca,0xb4,0x99,0xc7,0x97,0x47,
0x00,0x00,0x93,0x87,0xa7,0xb4,0x02,0x77,0x1c,0xe3,0xae,0x60,0x0e,0x64,0xea,0x74,
0x4a,0x79,0xaa,0x79,0x0a,0x7a,0x4a,0x6b,0xaa,0x6b,0x0a,0x6c,0xe6,0x7c,0x46,0x7d,
0xa6,0x7d,0x56,0x85,0xea,0x6a,0x69,0x61,0x82,0x80,0x63,0x45,0x80,0x01,0x89,0x47,
0xe3,0xca,0x77,0xd7,0x01,0x4b,0xd2,0x85,0x22,0x85,0xef,0xf0,0x0f,0xbc,0xb3,0x87,
0x6a,0x01,0x9b,0x0d,0x05,0x03,0x05,0x0b,0x23,0x80,0xb7,0x01,0x9b,0x07,0x0b,0x00,
0xe3,0xd5,0x87,0xf5,0xa2,0x85,0x81,0x46,0x29,0x46,0x26,0x85,0xef,0x00,0xe0,0x6d,
0x2a,0x84,0xd1,0xbf,0x83,0xd7,0x05,0x01,0x79,0x71,0x22,0xf0,0x26,0xec,0x06,0xf4,
0x4a,0xe8,0x4e,0xe4,0x13,0xf7,0x87,0x00,0xaa,0x84,0x2e,0x84,0x6d,0xe3,0x98,0x45,
0x63,0x4d,0xe0,0x00,0xb8,0x5d,0x63,0x4a,0xe0,0x00,0x01,0x45,0xa2,0x70,0x02,0x74,
0xe2,0x64,0x42,0x69,0xa2,0x69,0x45,0x61,0x82,0x80,0x38,0x68,0x7d,0xd7,0x01,0x00,
0x85,0x66,0x03,0xa9,0x04,0x00,0xf5,0x8f,0x23,0xa0,0x04,0x00,0xb5,0xcf,0x50,0x6c,
0x83,0x57,0x04,0x01,0x91,0x8b,0x99,0xc7,0x1c,0x44,0x1d,0x8e,0x3c,0x70,0x99,0xc3,
0x3c,0x5c,0x1d,0x8e,0x3c,0x68,0x0c,0x7c,0x81,0x46,0x26,0x85,0x82,0x97,0xfd,0x57,
0x03,0x57,0x04,0x01,0x63,0x1d,0xf5,0x00,0x94,0x40,0xf5,0x47,0x63,0xeb,0xd7,0x06,
0xb7,0x07,0x40,0x20,0x85,0x07,0xb3,0xd7,0xd7,0x00,0x85,0x8b,0xbd,0xc3,0x1c,0x6c,
0x23,0x24,0x04,0x00,0x1c,0xe0,0x85,0x67,0x7d,0x8f,0x01,0xcb,0xfd,0x57,0x63,0x14,
0xf5,0x00,0x9c,0x40,0x99,0xe3,0x01,0x00,0x48,0xec,0x2c,0x70,0x23,0xa0,0x24,0x01,
0xad,0xdd,0x93,0x07,0xc4,0x07,0x63,0x85,0xf5,0x00,0x26,0x85,0xef,0x00,0x30,0x63,
0x01,0x00,0x23,0x30,0x04,0x06,0x95,0xb7,0x0c,0x7c,0x01,0x46,0x85,0x46,0x26,0x85,
0x02,0x97,0xfd,0x57,0x2a,0x86,0xe3,0x1d,0xf5,0xf6,0x9c,0x40,0xb5,0xdb,0x75,0x47,
0x63,0x85,0xe7,0x00,0x59,0x47,0x63,0x96,0xe7,0x04,0x01,0x00,0x23,0xa0,0x24,0x01,
0x2d,0xbf,0x13,0x67,0x07,0x04,0x23,0x18,0xe4,0x00,0x7d,0x55,0x05,0xbf,0x83,0xb9,
0x85,0x01,0xe3,0x84,0x09,0xf2,0x03,0xb9,0x05,0x00,0x8d,0x8b,0x23,0xb0,0x35,0x01,
0x3b,0x09,0x39,0x41,0x01,0x47,0x91,0xe3,0x98,0x51,0x01,0x00,0x58,0xc4,0xe3,0x56,
0x20,0xf1,0x3c,0x64,0x0c,0x7c,0xca,0x86,0x4e,0x86,0x26,0x85,0x82,0x97,0x63,0x49,
0xa0,0x00,0x83,0x57,0x04,0x01,0x93,0xe7,0x07,0x04,0x23,0x18,0xf4,0x00,0x75,0xbf,
0xaa,0x99,0x3b,0x09,0xa9,0x40,0xe1,0xbf,0x9c,0x6d,0x01,0x11,0x06,0xec,0x22,0xe8,
0x26,0xe4,0x81,0xeb,0x81,0x44,0xe2,0x60,0x42,0x64,0x26,0x85,0xa2,0x64,0x05,0x61,
0x82,0x80,0xaa,0x84,0x2e,0x84,0x09,0xc5,0x1c,0x59,0x99,0xe3,0xef,0x00,0x20,0x14,
0x97,0x47,0x00,0x00,0x93,0x87,0x07,0xa4,0x63,0x12,0xf4,0x04,0x80,0x64,0x83,0x17,
0x04,0x01,0xe9,0xdb,0x03,0x27,0x04,0x0b,0x05,0x8b,0x19,0xe7,0x93,0xf7,0x07,0x20,
0x81,0xe7,0x48,0x70,0xef,0x00,0xa0,0x2b,0x26,0x85,0xa2,0x85,0xef,0xf0,0x9f,0xe6,
0x83,0x27,0x04,0x0b,0xaa,0x84,0x85,0x8b,0xdd,0xf7,0x83,0x57,0x04,0x01,0x93,0xf7,
0x07,0x20,0xd5,0xf3,0x48,0x70,0xef,0x00,0xa0,0x29,0x71,0xbf,0x97,0x47,0x00,0x00,
0x93,0x87,0xc7,0xa2,0x63,0x14,0xf4,0x00,0x80,0x68,0x55,0xbf,0x97,0x47,0x00,0x00,
0x93,0x87,0xc7,0x9a,0xe3,0x15,0xf4,0xfa,0x80,0x6c,0x55,0xb7,0x41,0x11,0x22,0xe0,
0x06,0xe4,0x2a,0x84,0x23,0x18,0xb5,0x00,0x23,0x19,0xc5,0x00,0x23,0x30,0x05,0x00,
0x23,0x34,0x05,0x00,0x23,0x28,0x05,0x0a,0x23,0x3c,0x05,0x00,0x23,0x20,0x05,0x02,
0x23,0x24,0x05,0x02,0x21,0x46,0x81,0x45,0x13,0x05,0x85,0x0a,0xef,0xe0,0x8f,0x8d,
0x97,0x17,0x00,0x00,0x93,0x87,0xc7,0x0f,0x3c,0xe0,0x97,0x17,0x00,0x00,0x93,0x87,
0x47,0x12,0x3c,0xe4,0x97,0x17,0x00,0x00,0x93,0x87,0xa7,0x16,0x3c,0xe8,0x97,0x17,
0x00,0x00,0x93,0x87,0xa7,0x19,0xa2,0x60,0x00,0xfc,0x3c,0xec,0x02,0x64,0x41,0x01,
0x82,0x80,0x97,0x05,0x00,0x00,0x93,0x85,0x65,0xf0,0x71,0xa2,0x01,0x11,0x26,0xe4,
0x13,0x06,0x80,0x0b,0x9b,0x84,0xf5,0xff,0xb3,0x84,0xc4,0x02,0x4a,0xe0,0x2e,0x89,
0x22,0xe8,0x06,0xec,0x93,0x85,0x04,0x0d,0xef,0xe0,0xef,0x9f,0x2a,0x84,0x09,0xcd,
0x01,0x00,0x23,0x30,0x05,0x00,0x23,0x24,0x25,0x01,0x61,0x05,0x08,0xe8,0x13,0x86,
0x84,0x0b,0x81,0x45,0xef,0xe0,0x0f,0x86,0xe2,0x60,0x22,0x85,0x42,0x64,0xa2,0x64,
0x02,0x69,0x05,0x61,0x82,0x80,0x13,0x85,0x81,0x8d,0x55,0xaa,0x13,0x85,0x81,0x8d,
0x45,0xaa,0x13,0x85,0x01,0x8e,0x65,0xa2,0x13,0x85,0x01,0x8e,0x55,0xa2,0x41,0x11,
0x22,0xe0,0x06,0xe4,0x2a,0x84,0xef,0xf0,0xdf,0xfe,0x1c,0x58,0x91,0xc7,0x02,0x64,
0xa2,0x60,0x41,0x01,0x6f,0xf0,0x5f,0xfe,0x97,0x07,0x00,0x00,0x93,0x87,0xa7,0xf7,
0x3c,0xe4,0x23,0x30,0x04,0x08,0x23,0x24,0x04,0x08,0x23,0x38,0x04,0x08,0x83,0xb7,
0x81,0x89,0x63,0x94,0x87,0x00,0x85,0x47,0x1c,0xd8,0x22,0x85,0xef,0x00,0xa0,0x03,
0x08,0xe4,0x22,0x85,0xef,0x00,0x20,0x03,0x08,0xe8,0x22,0x85,0xef,0x00,0xa0,0x02,
0x08,0xec,0x08,0x64,0x01,0x46,0x91,0x45,0xef,0xf0,0x5f,0xed,0x08,0x68,0x05,0x46,
0xa5,0x45,0xef,0xf0,0xbf,0xec,0x08,0x6c,0x09,0x46,0xc9,0x45,0xef,0xf0,0x1f,0xec,
0x85,0x47,0x1c,0xd8,0x69,0xbf,0x01,0x11,0x26,0xe4,0x4a,0xe0,0x06,0xec,0x22,0xe8,
0x2a,0x89,0xef,0xf0,0x5f,0xf6,0x83,0xb4,0x81,0x89,0x9c,0x58,0x81,0xe7,0x26,0x85,
0xef,0xf0,0xff,0xf6,0x93,0x84,0x04,0x08,0x80,0x68,0x9c,0x44,0xfd,0x37,0x63,0xd6,
0x07,0x00,0x9c,0x60,0xa5,0xc7,0x84,0x60,0xc5,0xbf,0x03,0x17,0x04,0x01,0x21,0xef,
0x01,0x00,0xc1,0x77,0x85,0x07,0x1c,0xc8,0x13,0x05,0x04,0x0a,0x23,0x28,0x04,0x0a,
0xef,0x00,0xc0,0x0d,0xef,0xf0,0x9f,0xf2,0x21,0x46,0x23,0x30,0x04,0x00,0x23,0x34,
0x04,0x00,0x23,0x3c,0x04,0x00,0x23,0x20,0x04,0x02,0x23,0x24,0x04,0x02,0x81,0x45,
0x13,0x05,0x84,0x0a,0xef,0xd0,0x1f,0xf5,0x23,0x30,0x04,0x06,0x23,0x24,0x04,0x06,
0x23,0x30,0x04,0x08,0x23,0x24,0x04,0x08,0xe2,0x60,0x22,0x85,0x42,0x64,0xa2,0x64,
0x02,0x69,0x05,0x61,0x82,0x80,0x13,0x04,0x84,0x0b,0x49,0xbf,0x91,0x45,0x4a,0x85,
0xef,0xf0,0xdf,0xe8,0x88,0xe0,0x2a,0x84,0x59,0xf5,0xef,0xf0,0x3f,0xed,0xb1,0x47,
0x23,0x20,0xf9,0x00,0xd1,0xbf,0x5d,0x71,0xa2,0xe0,0x26,0xfc,0x4e,0xf4,0x52,0xf0,
0x5a,0xe8,0x5e,0xe4,0x86,0xe4,0x4a,0xf8,0x56,0xec,0xaa,0x89,0x2e,0x8a,0x93,0x04,
0x05,0x08,0x01,0x44,0x05,0x4b,0xfd,0x5b,0x03,0xb9,0x04,0x01,0x83,0xaa,0x84,0x00,
0xfd,0x3a,0x63,0xd0,0x0a,0x02,0x84,0x60,0xe5,0xf8,0xa6,0x60,0x22,0x85,0x06,0x64,
0xe2,0x74,0x42,0x79,0xa2,0x79,0x02,0x7a,0xe2,0x6a,0x42,0x6b,0xa2,0x6b,0x61,0x61,
0x82,0x80,0x83,0x57,0x09,0x01,0x63,0x7b,0xfb,0x00,0x83,0x17,0x29,0x01,0x63,0x87,
0x77,0x01,0xca,0x85,0x4e,0x85,0x02,0x9a,0x49,0x8c,0x01,0x24,0x13,0x09,0x89,0x0b,
0xc1,0xb7,0x17,0x45,0x00,0x00,0x13,0x05,0x65,0x07,0x82,0x80,0x82,0x80,0x82,0x80,
0x82,0x80,0x75,0x71,0xca,0xf8,0x2e,0x89,0x83,0x95,0x25,0x01,0x22,0xe1,0xa6,0xfc,
0x06,0xe5,0x32,0x84,0xb6,0x84,0x63,0xdc,0x05,0x00,0x83,0x17,0x09,0x01,0x23,0xa0,
0x04,0x00,0x93,0xf7,0x07,0x08,0x95,0xe3,0x93,0x07,0x00,0x40,0x0d,0xa0,0x30,0x00,
0xef,0x10,0x40,0x03,0xe3,0x43,0x05,0xfe,0xb2,0x47,0x3d,0x67,0xf9,0x8f,0x09,0x67,
0x99,0x8f,0x93,0xb7,0x17,0x00,0x9c,0xc0,0xc5,0xb7,0x93,0x07,0x00,0x04,0xaa,0x60,
0x1c,0xe0,0x0a,0x64,0xe6,0x74,0x46,0x79,0x01,0x45,0x49,0x61,0x82,0x80,0x83,0xd7,
0x05,0x01,0x79,0x71,0x22,0xf0,0x06,0xf4,0x26,0xec,0x4a,0xe8,0x89,0x8b,0x2e,0x84,
0x89,0xcf,0x93,0x07,0xf4,0x07,0x1c,0xe0,0x1c,0xec,0x85,0x47,0x1c,0xd0,0xa2,0x70,
0x02,0x74,0xe2,0x64,0x42,0x69,0x45,0x61,0x82,0x80,0x54,0x00,0x30,0x00,0x2a,0x89,
0xef,0xf0,0x3f,0xf7,0xa2,0x65,0xaa,0x84,0x4a,0x85,0xef,0xd0,0xdf,0xf7,0x01,0xed,
0x83,0x17,0x04,0x01,0x13,0xf7,0x07,0x20,0x79,0xfb,0xf1,0x9b,0x93,0xe7,0x27,0x00,
0x23,0x18,0xf4,0x00,0x7d,0xbf,0x97,0x07,0x00,0x00,0x93,0x87,0xc7,0xd3,0x23,0x34,
0xf9,0x04,0x83,0x57,0x04,0x01,0x08,0xe0,0x08,0xec,0x93,0xe7,0x07,0x08,0x23,0x18,
0xf4,0x00,0xa2,0x67,0x1c,0xd0,0x92,0x47,0x91,0xcf,0x83,0x15,0x24,0x01,0x4a,0x85,
0xef,0x00,0x10,0x7b,0x01,0xc9,0x83,0x57,0x04,0x01,0xf1,0x9b,0x93,0xe7,0x17,0x00,
0x23,0x18,0xf4,0x00,0x03,0x55,0x04,0x01,0xc9,0x8c,0x23,0x18,0x94,0x00,0x41,0xb7,
0xaa,0x85,0x17,0x45,0x00,0x00,0x03,0x35,0x65,0x03,0x6f,0xd0,0xdf,0xf0,0x85,0xe1,
0x41,0x11,0x6c,0x00,0x01,0x45,0x11,0xca,0x79,0x55,0x81,0xca,0x83,0x47,0x06,0x00,
0x9c,0xc1,0x03,0x45,0x06,0x00,0x33,0x35,0xa0,0x00,0x41,0x01,0x82,0x80,0x01,0x45,
0x19,0xca,0x79,0x55,0x89,0xca,0x83,0x47,0x06,0x00,0x9c,0xc1,0x03,0x45,0x06,0x00,
0x33,0x35,0xa0,0x00,0x82,0x80,0x82,0x80,0x93,0xf5,0xf5,0x0f,0x2a,0x96,0x63,0x14,
0xc5,0x00,0x01,0x45,0x82,0x80,0x83,0x47,0x05,0x00,0xe3,0x8d,0xb7,0xfe,0x05,0x05,
0xfd,0xb7,0x13,0x85,0x01,0x8d,0x6f,0xf0,0x9f,0xe9,0x13,0x85,0x01,0x8d,0x6f,0xf0,
0x3f,0xe9,0x3c,0x61,0x01,0x11,0x22,0xe8,0x26,0xe4,0x06,0xec,0x4a,0xe0,0x2a,0x84,
0xae,0x84,0x8d,0xef,0x13,0x05,0x00,0x02,0xef,0xf0,0x9f,0xf7,0x28,0xe0,0x11,0xed,
0x97,0x36,0x00,0x00,0x93,0x86,0x86,0x51,0x01,0x46,0x93,0x05,0x60,0x06,0x17,0x35,
0x00,0x00,0x13,0x05,0xa5,0x64,0xef,0x00,0xd0,0x62,0x01,0x00,0x23,0x24,0x05,0x00,
0x23,0x38,0x05,0x00,0x23,0x30,0x05,0x00,0x23,0x3c,0x05,0x00,0x03,0x39,0x04,0x04,
0x83,0x37,0x89,0x01,0x85,0xcb,0x38,0x60,0x93,0x97,0x34,0x00,0x18,0x6f,0xba,0x97,
0x88,0x63,0x39,0xe1,0x05,0x49,0x3b,0x16,0x99,0x00,0x32,0x89,0x1d,0x06,0x0a,0x06,
0x85,0x45,0x22,0x85,0xef,0x00,0x30,0x08,0x0d,0xc1,0x01,0x00,0x04,0xc5,0x23,0x26,
0x25,0x01,0x2d,0xa0,0x13,0x06,0x10,0x04,0xa1,0x45,0x22,0x85,0xef,0x00,0xb0,0x06,
0x3c,0x60,0x23,0x3c,0xa9,0x00,0x9c,0x6f,0xdd,0xff,0x01,0x45,0xe2,0x60,0x42,0x64,
0xa2,0x64,0x02,0x69,0x05,0x61,0x82,0x80,0x18,0x61,0x98,0xe3,0x01,0x00,0x23,0x38,
0x05,0x00,0xed,0xb7,0x3c,0x61,0x01,0x11,0x22,0xe8,0x26,0xe4,0x06,0xec,0xaa,0x84,
0x2e,0x84,0x8d,0xef,0x13,0x05,0x00,0x02,0xef,0xf0,0x9f,0xec,0xa8,0xe0,0x11,0xed,
0x97,0x36,0x00,0x00,0x93,0x86,0x86,0x46,0x01,0x46,0x93,0x05,0xa0,0x08,0x17,0x35,
0x00,0x00,0x13,0x05,0xa5,0x59,0xef,0x00,0xd0,0x57,0x01,0x00,0x23,0x24,0x05,0x00,
0x23,0x38,0x05,0x00,0x23,0x30,0x05,0x00,0x23,0x3c,0x05,0x00,0x11,0xc8,0xb4,0x60,
0x1c,0x44,0x13,0x97,0x37,0x00,0x9c,0x6e,0xba,0x97,0x98,0x63,0x18,0xe0,0x80,0xe3,
0xe2,0x60,0x42,0x64,0xa2,0x64,0x05,0x61,0x82,0x80,0x79,0x71,0x22,0xf0,0x4a,0xe8,
0x4e,0xe4,0x03,0xa9,0x45,0x01,0x2e,0x84,0xb6,0x89,0x93,0x86,0x85,0x01,0xc1,0x65,
0x26,0xec,0x06,0xf4,0xaa,0x84,0x52,0xe0,0x01,0x45,0xfd,0x15,0x9c,0x42,0x91,0x06,
0x05,0x25,0x33,0xf7,0xb7,0x00,0x3b,0x07,0xc7,0x02,0x9b,0xd7,0x07,0x01,0xbb,0x87,
0xc7,0x02,0x3b,0x07,0x37,0x01,0x1b,0x58,0x07,0x01,0x6d,0x8f,0xbb,0x87,0x07,0x01,
0x9b,0xd9,0x07,0x01,0x9b,0x97,0x07,0x01,0xb9,0x9f,0x23,0xae,0xf6,0xfe,0xe3,0x47,
0x25,0xfd,0x63,0x8f,0x09,0x04,0x5c,0x44,0x63,0x43,0xf9,0x04,0x0c,0x44,0x26,0x85,
0x85,0x25,0xef,0xf0,0x1f,0xe8,0x2a,0x8a,0x11,0xed,0x97,0x36,0x00,0x00,0x93,0x86,
0x66,0x41,0x01,0x46,0x93,0x05,0x50,0x0b,0x17,0x35,0x00,0x00,0x13,0x05,0x05,0x4e,
0xef,0x00,0x30,0x4c,0x50,0x48,0x93,0x05,0x04,0x01,0x41,0x05,0x09,0x06,0x0a,0x06,
0xef,0xd0,0x9f,0xa9,0xa2,0x85,0x26,0x85,0xef,0xf0,0xdf,0xef,0x52,0x84,0x93,0x07,
0x49,0x00,0x8a,0x07,0xa2,0x97,0x23,0xa4,0x37,0x01,0x05,0x29,0x23,0x2a,0x24,0x01,
0xa2,0x70,0x22,0x85,0x02,0x74,0xe2,0x64,0x42,0x69,0xa2,0x69,0x02,0x6a,0x45,0x61,
0x82,0x80,0x41,0x77,0x69,0x8f,0xaa,0x87,0x01,0x45,0x01,0xe7,0x9b,0x97,0x07,0x01,
0x41,0x45,0x37,0x07,0x00,0xff,0x7d,0x8f,0x01,0xe7,0x21,0x25,0x9b,0x97,0x87,0x00,
0x37,0x07,0x00,0xf0,0x7d,0x8f,0x01,0xe7,0x11,0x25,0x9b,0x97,0x47,0x00,0x37,0x07,
0x00,0xc0,0x7d,0x8f,0x01,0xe7,0x09,0x25,0x9b,0x97,0x27,0x00,0x63,0xc8,0x07,0x00,
0xf9,0x83,0x85,0x8b,0x05,0x25,0x99,0xe3,0x13,0x05,0x00,0x02,0x82,0x80,0x1c,0x41,
0x2a,0x87,0x13,0xf6,0x77,0x00,0xbe,0x86,0x0d,0xc2,0x13,0xf6,0x17,0x00,0x01,0x45,
0x3d,0xe2,0x89,0x8a,0x91,0xc6,0x9b,0xd7,0x17,0x00,0x1c,0xc3,0x05,0x45,0x82,0x80,
0x9b,0xd7,0x27,0x00,0x1c,0xc3,0x09,0x45,0x82,0x80,0x93,0x96,0x07,0x03,0xc1,0x92,
0x01,0x45,0x81,0xe6,0x9b,0xd7,0x07,0x01,0x41,0x45,0x93,0xf6,0xf7,0x0f,0x81,0xe6,
0x21,0x25,0x9b,0xd7,0x87,0x00,0x93,0xf6,0xf7,0x00,0x81,0xe6,0x11,0x25,0x9b,0xd7,
0x47,0x00,0x93,0xf6,0x37,0x00,0x81,0xe6,0x09,0x25,0x9b,0xd7,0x27,0x00,0x93,0xf6,
0x17,0x00,0x89,0xe6,0x9b,0xd7,0x17,0x00,0x05,0x25,0x81,0xc7,0x01,0x00,0x1c,0xc3,
0x82,0x80,0x13,0x05,0x00,0x02,0x82,0x80,0x41,0x11,0x22,0xe0,0x2e,0x84,0x85,0x45,
0x06,0xe4,0xef,0xf0,0x1f,0xd5,0x11,0xed,0x97,0x36,0x00,0x00,0x93,0x86,0x86,0x2e,
0x01,0x46,0x93,0x05,0x00,0x14,0x17,0x35,0x00,0x00,0x13,0x05,0x25,0x3b,0xef,0x00,
0x50,0x39,0xa2,0x60,0x00,0xcd,0x02,0x64,0x05,0x47,0x58,0xc9,0x41,0x01,0x82,0x80,
0xd8,0x49,0x5c,0x4a,0x79,0x71,0x22,0xf0,0x4a,0xe8,0x06,0xf4,0x26,0xec,0x4e,0xe4,
0x52,0xe0,0x2e,0x84,0x32,0x89,0x63,0x54,0xf7,0x00,0x32,0x84,0x2e,0x89,0x03,0x2a,
0x44,0x01,0x83,0x29,0x49,0x01,0x5c,0x44,0x0c,0x44,0xbb,0x04,0x3a,0x01,0x63,0xd3,
0x97,0x00,0x85,0x25,0xef,0xf0,0xff,0xce,0x11,0xed,0x97,0x36,0x00,0x00,0x93,0x86,
0x66,0x28,0x01,0x46,0x93,0x05,0xd0,0x15,0x17,0x35,0x00,0x00,0x13,0x05,0x05,0x35,
0xef,0x00,0x30,0x33,0x93,0x05,0x85,0x01,0x93,0x98,0x24,0x00,0xae,0x98,0xae,0x87,
0x63,0xea,0x17,0x05,0x13,0x0e,0x84,0x01,0x13,0x18,0x2a,0x00,0x13,0x06,0x89,0x01,
0x13,0x93,0x29,0x00,0x72,0x98,0x93,0x07,0x94,0x01,0x32,0x93,0x91,0x4e,0x63,0x68,
0xf8,0x00,0x33,0x04,0x88,0x40,0x1d,0x14,0x71,0x98,0x93,0x0e,0x44,0x00,0x41,0x6f,
0x7d,0x1f,0x63,0x66,0x66,0x02,0x63,0x56,0x90,0x00,0x83,0xa7,0xc8,0xff,0xf1,0x18,
0xfd,0xc3,0xa2,0x70,0x02,0x74,0x44,0xc9,0x42,0x69,0xe2,0x64,0xa2,0x69,0x02,0x6a,
0x45,0x61,0x82,0x80,0x01,0x00,0x23,0xa0,0x07,0x00,0x91,0x07,0x55,0xb7,0x83,0x2f,
0x06,0x00,0xb3,0x7f,0xff,0x01,0x63,0x8d,0x0f,0x04,0xae,0x83,0xf2,0x82,0x01,0x49,
0x03,0xa7,0x02,0x00,0x03,0xa4,0x03,0x00,0x91,0x03,0xb3,0x76,0xe7,0x01,0xbb,0x86,
0xf6,0x03,0xb3,0x77,0xe4,0x01,0x1b,0x54,0x04,0x01,0x91,0x02,0xbd,0x9e,0x9b,0x57,
0x07,0x01,0xbb,0x87,0xf7,0x03,0xbb,0x86,0x26,0x01,0x1b,0xd7,0x06,0x01,0xb3,0x76,
0xdf,0x00,0xa1,0x9f,0xb9,0x9f,0x1b,0xd9,0x07,0x01,0x9b,0x97,0x07,0x01,0xd5,0x8f,
0x23,0xae,0xf3,0xfe,0xe3,0xee,0x02,0xfb,0xb3,0x87,0xd5,0x01,0x23,0xa0,0x27,0x01,
0x83,0x53,0x26,0x00,0x63,0x8e,0x03,0x04,0x94,0x41,0xae,0x82,0xf2,0x8f,0x01,0x47,
0x83,0xa7,0x0f,0x00,0x03,0xd4,0x22,0x00,0xb3,0xf6,0xe6,0x01,0xb3,0xf7,0xe7,0x01,
0xbb,0x87,0x77,0x02,0x91,0x02,0x91,0x0f,0xa1,0x9f,0xb9,0x9f,0x1b,0x97,0x07,0x01,
0xd9,0x8e,0x23,0xae,0xd2,0xfe,0x03,0xd7,0xef,0xff,0x83,0xa6,0x02,0x00,0x9b,0xd7,
0x07,0x01,0x3b,0x07,0x77,0x02,0xb3,0xf6,0xe6,0x01,0x35,0x9f,0xb9,0x9f,0x9b,0x86,
0x07,0x00,0x1b,0xd7,0x07,0x01,0xe3,0xed,0x0f,0xfb,0xb3,0x87,0xd5,0x01,0x94,0xc3,
0x11,0x06,0x91,0x05,0x39,0xb7,0xfd,0x34,0x39,0xb7,0x79,0x71,0x26,0xec,0x4a,0xe8,
0x4e,0xe4,0x06,0xf4,0x22,0xf0,0x52,0xe0,0x93,0x77,0x36,0x00,0x2a,0x89,0xb2,0x84,
0xae,0x89,0x89,0xcf,0xfd,0x37,0x17,0x37,0x00,0x00,0x13,0x07,0x27,0x33,0x8a,0x07,
0xba,0x97,0x90,0x43,0x81,0x46,0xef,0xf0,0x5f,0xc8,0xaa,0x89,0x89,0x84,0xc1,0xcc,
0x83,0x37,0x09,0x04,0x95,0xef,0x13,0x05,0x00,0x02,0xef,0xf0,0x7f,0xae,0x23,0x30,
0xa9,0x04,0x11,0xed,0x97,0x36,0x00,0x00,0x93,0x86,0x46,0x08,0x01,0x46,0x93,0x05,
0xe0,0x1a,0x17,0x35,0x00,0x00,0x13,0x05,0x65,0x1b,0xef,0x00,0x90,0x19,0x01,0x00,
0x23,0x24,0x05,0x00,0x23,0x38,0x05,0x00,0x23,0x30,0x05,0x00,0x23,0x3c,0x05,0x00,
0x03,0x3a,0x09,0x04,0x03,0x34,0x0a,0x01,0x19,0xe8,0x93,0x05,0x10,0x27,0x4a,0x85,
0xef,0xf0,0x9f,0xdb,0x23,0x38,0xaa,0x00,0x2a,0x84,0x23,0x30,0x05,0x00,0x93,0xf7,
0x14,0x00,0x81,0xcf,0xce,0x85,0x22,0x86,0x4a,0x85,0xef,0xf0,0x7f,0xdd,0x2a,0x8a,
0xce,0x85,0x4a,0x85,0xef,0xf0,0x1f,0xba,0xd2,0x89,0x85,0x84,0x89,0xcc,0x08,0x60,
0x09,0xe9,0x22,0x86,0xa2,0x85,0x4a,0x85,0xef,0xf0,0x9f,0xdb,0x08,0xe0,0x23,0x30,
0x05,0x00,0x2a,0x84,0xe9,0xb7,0xa2,0x70,0x02,0x74,0xe2,0x64,0x42,0x69,0x02,0x6a,
0x4e,0x85,0xa2,0x69,0x45,0x61,0x82,0x80,0x5d,0x71,0xa2,0xe0,0x2e,0x84,0x5a,0xe8,
0x03,0x2b,0x44,0x01,0x4a,0xf8,0x8c,0x45,0x1b,0x59,0x56,0x40,0x5c,0x44,0x3b,0x0b,
0x2b,0x01,0x26,0xfc,0x52,0xf0,0x56,0xec,0x5e,0xe4,0x86,0xe4,0x4e,0xf4,0xaa,0x8a,
0xb2,0x84,0x93,0x5b,0x56,0x40,0x1b,0x0a,0x1b,0x00,0x63,0xc4,0x47,0x03,0x56,0x85,
0xef,0xf0,0x3f,0xa8,0xaa,0x89,0x15,0xe1,0x97,0x36,0x00,0x00,0x93,0x86,0x86,0x01,
0x01,0x46,0x93,0x05,0x90,0x1d,0x17,0x35,0x00,0x00,0x13,0x05,0x25,0x0e,0xef,0x00,
0x50,0x0c,0x85,0x25,0x9b,0x97,0x17,0x00,0xc9,0xbf,0x93,0x06,0x85,0x01,0x36,0x87,
0x81,0x47,0x11,0x07,0x63,0xc5,0x77,0x09,0x63,0xd3,0x0b,0x00,0x01,0x49,0x5c,0x48,
0x0a,0x09,0x13,0x07,0x84,0x01,0x8a,0x07,0xfd,0x88,0xca,0x96,0xba,0x97,0xad,0xcc,
0x93,0x05,0x00,0x02,0x85,0x9d,0x36,0x85,0x01,0x46,0x03,0x28,0x07,0x00,0x11,0x05,
0x11,0x07,0x3b,0x18,0x98,0x00,0x33,0x66,0x06,0x01,0x23,0x2e,0xc5,0xfe,0x03,0x26,
0xc7,0xff,0x3b,0x56,0xb6,0x00,0xe3,0x62,0xf7,0xfe,0x13,0x07,0x94,0x01,0x91,0x45,
0x63,0xe7,0xe7,0x00,0x81,0x8f,0x9d,0x17,0xf1,0x9b,0x93,0x85,0x47,0x00,0xae,0x96,
0x90,0xc2,0x19,0xc2,0x1b,0x0a,0x2b,0x00,0x7d,0x3a,0x23,0xaa,0x49,0x01,0x56,0x85,
0xa2,0x85,0xef,0xf0,0x3f,0xa9,0xa6,0x60,0x06,0x64,0xe2,0x74,0x42,0x79,0x02,0x7a,
0xe2,0x6a,0x42,0x6b,0xa2,0x6b,0x4e,0x85,0xa2,0x79,0x61,0x61,0x82,0x80,0x01,0x00,
0x23,0x2e,0x07,0xfe,0x85,0x27,0xb5,0xb7,0x10,0x43,0x11,0x07,0x91,0x06,0x23,0xae,
0xc6,0xfe,0xe3,0x6b,0xf7,0xfe,0xc9,0xb7,0xd8,0x49,0xaa,0x87,0x48,0x49,0x19,0x9d,
0x05,0xe5,0x0a,0x07,0xe1,0x07,0xe1,0x05,0xb3,0x86,0xe7,0x00,0xba,0x95,0xf1,0x16,
0xf1,0x15,0x90,0x42,0x98,0x41,0x63,0x07,0xe6,0x00,0x7d,0x55,0x63,0x66,0xe6,0x00,
0x05,0x45,0x82,0x80,0xe3,0xe5,0xd7,0xfe,0x82,0x80,0x79,0x71,0x22,0xf0,0x2e,0x84,
0x4a,0xe8,0xb2,0x85,0x2a,0x89,0x22,0x85,0x26,0xec,0x06,0xf4,0x4e,0xe4,0xb2,0x84,
0xef,0xf0,0x9f,0xfb,0x15,0xed,0x81,0x45,0x4a,0x85,0xef,0xf0,0x9f,0x95,0x11,0xed,
0x97,0x36,0x00,0x00,0x93,0x86,0x06,0xef,0x01,0x46,0x93,0x05,0x20,0x23,0x17,0x35,
0x00,0x00,0x13,0x05,0xa5,0xfb,0xef,0x00,0xc0,0x79,0x85,0x47,0x5c,0xc9,0x23,0x2c,
0x05,0x00,0xa2,0x70,0x02,0x74,0xe2,0x64,0x42,0x69,0xa2,0x69,0x45,0x61,0x82,0x80,
0x85,0x49,0x63,0x46,0x05,0x00,0xa6,0x87,0x81,0x49,0xa2,0x84,0x3e,0x84,0x8c,0x44,
0x4a,0x85,0xef,0xf0,0x1f,0x91,0x09,0xe9,0x97,0x36,0x00,0x00,0x93,0x86,0x86,0xea,
0x01,0x46,0x93,0x05,0x00,0x24,0x65,0xbf,0x83,0xa8,0x44,0x01,0x58,0x48,0x13,0x83,
0x84,0x01,0x13,0x98,0x28,0x00,0x93,0x07,0x84,0x01,0x0a,0x07,0xc1,0x6f,0x23,0x28,
0x35,0x01,0x1a,0x98,0xba,0x97,0x13,0x06,0x85,0x01,0x61,0x4e,0x81,0x4e,0xfd,0x1f,
0x33,0x87,0xc4,0x01,0x14,0x43,0x33,0x07,0xc4,0x01,0x83,0x22,0x07,0x00,0xb3,0xf5,
0xf6,0x01,0xbb,0x85,0xd5,0x01,0x33,0xf7,0xf2,0x01,0x3b,0x8f,0xe5,0x40,0x9b,0xd2,
0x02,0x01,0x1b,0xd7,0x06,0x01,0x9b,0x55,0x0f,0x41,0x3b,0x07,0x57,0x40,0x2d,0x9f,
0x9b,0x5e,0x07,0x41,0xb3,0x76,0xff,0x01,0x1b,0x17,0x07,0x01,0xb3,0x05,0xc5,0x01,
0x55,0x8f,0x11,0x0e,0x98,0xc1,0x33,0x07,0x8e,0x00,0xe3,0x6b,0xf7,0xfa,0x13,0x07,
0x94,0x01,0x91,0x46,0x63,0xe7,0xe7,0x00,0x81,0x8f,0x9d,0x17,0xf1,0x9b,0x93,0x86,
0x47,0x00,0x36,0x93,0x41,0x6f,0xb2,0x96,0xb6,0x8f,0x1a,0x8e,0x7d,0x1f,0x63,0x63,
0x0e,0x03,0x13,0x07,0xd3,0xff,0x81,0x47,0x63,0x66,0xe8,0x00,0x0d,0x08,0xb3,0x07,
0x68,0x40,0xf1,0x9b,0xb6,0x97,0xf1,0x17,0x98,0x43,0x0d,0xcf,0x01,0x00,0x23,0x2a,
0x15,0x01,0x01,0xbf,0x03,0x27,0x0e,0x00,0x91,0x0f,0x11,0x0e,0xb3,0x75,0xe7,0x01,
0x3b,0x86,0xd5,0x01,0x9b,0x55,0x06,0x41,0x1b,0x57,0x07,0x01,0xbb,0x07,0xb7,0x00,
0x9b,0xde,0x07,0x41,0x33,0x76,0xe6,0x01,0x9b,0x97,0x07,0x01,0xd1,0x8f,0x23,0xae,
0xff,0xfe,0x75,0xb7,0xfd,0x38,0xc1,0xb7,0x39,0x71,0x4e,0xec,0xae,0x89,0x85,0x45,
0x22,0xf8,0x4a,0xf0,0x06,0xfc,0x26,0xf4,0x52,0xe8,0x53,0x04,0x05,0xe2,0x32,0x89,
0xef,0xf0,0x2f,0xff,0x11,0xed,0x97,0x36,0x00,0x00,0x93,0x86,0xa6,0xd8,0x01,0x46,
0x93,0x05,0xa0,0x30,0x17,0x35,0x00,0x00,0x13,0x05,0x45,0xe5,0xef,0x00,0x60,0x63,
0x93,0x54,0x04,0x42,0x93,0x97,0xc4,0x02,0x9b,0xd4,0x44,0x01,0x93,0xf4,0xf4,0x7f,
0x2a,0x8a,0xb1,0x93,0xa5,0xe4,0x01,0x00,0x3e,0xc6,0x01,0x24,0x25,0xc8,0x28,0x00,
0x22,0xc4,0xef,0xf0,0xdf,0x9d,0xa2,0x46,0x31,0xcd,0x32,0x47,0x93,0x07,0x00,0x02,
0x89,0x9f,0xbb,0x17,0xf7,0x00,0xd5,0x8f,0x3b,0x57,0xa7,0x00,0x23,0x2c,0xfa,0x00,
0x3a,0xc6,0x32,0x44,0x23,0x2e,0x8a,0x00,0x33,0x34,0x80,0x00,0x05,0x04,0x23,0x2a,
0x8a,0x00,0xb1,0xc8,0x9b,0x84,0xd4,0xbc,0xa9,0x9c,0x93,0x07,0x50,0x03,0x23,0xa0,
0x99,0x00,0x3b,0x85,0xa7,0x40,0x23,0x20,0xa9,0x00,0xe2,0x70,0x42,0x74,0xa2,0x74,
0x02,0x79,0xe2,0x69,0x52,0x85,0x42,0x6a,0x21,0x61,0x82,0x80,0x37,0x07,0x10,0x00,
0xd9,0x8f,0x51,0xbf,0x01,0x00,0x23,0x2c,0xda,0x00,0x65,0xbf,0x68,0x00,0xef,0xf0,
0x1f,0x97,0xb2,0x47,0x1b,0x05,0x05,0x02,0x05,0x44,0x23,0x2c,0xfa,0x00,0x85,0x47,
0x23,0x2a,0xfa,0x00,0x7d,0xb7,0x9b,0x07,0xe5,0xbc,0x23,0xa0,0xf9,0x00,0x93,0x17,
0x24,0x00,0xd2,0x97,0xc8,0x4b,0x1b,0x14,0x54,0x00,0xef,0xf0,0x9f,0x8f,0x09,0x9c,
0x23,0x20,0x89,0x00,0x5d,0xb7,0x32,0x87,0xb3,0xb7,0xe5,0x02,0x01,0x11,0x06,0xec,
0x22,0xe8,0x33,0x86,0xc5,0x02,0x89,0xcb,0xb1,0x47,0x1c,0xc1,0x01,0x44,0xe2,0x60,
0x22,0x85,0x42,0x64,0x05,0x61,0x82,0x80,0xb2,0x85,0x32,0xe4,0xef,0xd0,0xaf,0xd8,
0x2a,0x84,0x75,0xd5,0x22,0x66,0x81,0x45,0xef,0xd0,0xcf,0xbf,0xcd,0xb7,0xcd,0xc5,
0x83,0xb7,0x85,0xff,0x01,0x11,0x22,0xe8,0x06,0xec,0x13,0x84,0x85,0xff,0x63,0xd3,
0x07,0x00,0x3e,0x94,0x01,0x00,0x2a,0xe4,0xef,0xf0,0xaf,0xea,0x13,0x87,0x01,0x8b,
0x1c,0x63,0x22,0x65,0x99,0xeb,0x01,0x00,0x23,0x34,0x04,0x00,0x01,0x00,0x00,0xe3,
0x42,0x64,0xe2,0x60,0x05,0x61,0x6f,0xf0,0x4f,0xe9,0x63,0x7e,0xf4,0x00,0x10,0x60,
0xb3,0x06,0xc4,0x00,0x63,0x96,0xd7,0x00,0x94,0x63,0x9c,0x67,0xb2,0x96,0x14,0xe0,
0x01,0x00,0x1c,0xe4,0xe1,0xbf,0x3e,0x87,0x9c,0x67,0x99,0xc3,0xe3,0x7d,0xf4,0xfe,
0x14,0x63,0x33,0x06,0xd7,0x00,0x63,0x1f,0x86,0x00,0x10,0x60,0xb2,0x96,0x14,0xe3,
0x33,0x06,0xd7,0x00,0xe3,0x9e,0xc7,0xfa,0x90,0x63,0x9c,0x67,0xb2,0x96,0x14,0xe3,
0x1c,0xe7,0x7d,0xb7,0x63,0x75,0xc4,0x00,0xb1,0x47,0x1c,0xc1,0x55,0xb7,0x10,0x60,
0xb3,0x06,0xc4,0x00,0x63,0x96,0xd7,0x00,0x94,0x63,0x9c,0x67,0xb2,0x96,0x14,0xe0,
0x01,0x00,0x1c,0xe4,0x00,0xe7,0x69,0xb7,0x82,0x80,0x5c,0x46,0x1b,0x87,0xf7,0xff,
0x58,0xc6,0x63,0x5a,0x07,0x00,0x1c,0x56,0x63,0x45,0xf7,0x00,0xa9,0x47,0x63,0x94,
0xf5,0x00,0x6f,0xe0,0x6f,0x95,0x1c,0x62,0x2e,0x85,0x13,0x87,0x17,0x00,0x18,0xe2,
0x23,0x80,0xb7,0x00,0x82,0x80,0x79,0x71,0x22,0xf0,0x26,0xec,0x4a,0xe8,0x4e,0xe4,
0x52,0xe0,0x06,0xf4,0x2a,0x89,0xae,0x89,0x32,0x84,0xb3,0x04,0xd6,0x00,0x7d,0x5a,
0x63,0x14,0x94,0x00,0x01,0x45,0x11,0xa8,0x83,0x45,0x04,0x00,0x4e,0x86,0x4a,0x85,
0xef,0xf0,0xbf,0xfa,0x05,0x04,0xe3,0x15,0x45,0xff,0xa2,0x70,0x02,0x74,0xe2,0x64,
0x42,0x69,0xa2,0x69,0x02,0x6a,0x45,0x61,0x82,0x80,0x55,0x71,0xa2,0xe1,0x26,0xfd,
0x4a,0xf9,0x4e,0xf5,0x52,0xf1,0x86,0xe5,0x56,0xed,0x5a,0xe9,0x5e,0xe5,0x62,0xe1,
0xe6,0xfc,0xea,0xf8,0xaa,0x89,0x2e,0x84,0x32,0x89,0xb6,0x84,0x01,0x4a,0x09,0xc5,
0x1c,0x59,0x99,0xe3,0xef,0xf0,0xaf,0xa7,0x97,0x37,0x00,0x00,0x93,0x87,0x87,0xb7,
0x63,0x1e,0xf4,0x04,0x03,0xb4,0x89,0x00,0x83,0x27,0x04,0x0b,0x85,0x8b,0x89,0xeb,
0x83,0x57,0x04,0x01,0x93,0xf7,0x07,0x20,0x81,0xe7,0x48,0x70,0xef,0xf0,0x2f,0xbf,
0x83,0x57,0x04,0x01,0xa1,0x8b,0x99,0xc3,0x1c,0x6c,0xa5,0xe7,0xa2,0x85,0x4e,0x85,
0xef,0xe0,0xef,0x95,0x39,0xcd,0x83,0x27,0x04,0x0b,0x85,0x8b,0xb1,0xc3,0x7d,0x55,
0xae,0x60,0x0e,0x64,0xea,0x74,0x4a,0x79,0xaa,0x79,0x0a,0x7a,0xea,0x6a,0x4a,0x6b,
0xaa,0x6b,0x0a,0x6c,0xe6,0x7c,0x46,0x7d,0x69,0x61,0x82,0x80,0x97,0x37,0x00,0x00,
0x93,0x87,0xc7,0xb4,0x63,0x15,0xf4,0x00,0x03,0xb4,0x09,0x01,0x71,0xbf,0x97,0x37,
0x00,0x00,0x93,0x87,0xa7,0xac,0xe3,0x19,0xf4,0xf8,0x03,0xb4,0x89,0x01,0x69,0xb7,
0x83,0x57,0x04,0x01,0x93,0xf7,0x07,0x20,0xdd,0xfb,0x48,0x70,0xef,0xf0,0x4f,0xb8,
0x7d,0xb7,0x93,0x07,0x00,0x02,0xa3,0x04,0xf1,0x02,0xfd,0x5a,0x93,0x07,0x00,0x03,
0x02,0xd2,0x23,0x05,0xf1,0x02,0x26,0xe4,0x93,0x0b,0x50,0x02,0x13,0x9c,0x0a,0x02,
0x17,0x3b,0x00,0x00,0x13,0x0b,0x8b,0xc9,0x85,0x4c,0xca,0x84,0x83,0xc7,0x04,0x00,
0x99,0xc3,0x63,0x9d,0x77,0x09,0x3b,0x8d,0x24,0x41,0x63,0x0e,0x0d,0x00,0xea,0x86,
0x4a,0x86,0xa2,0x85,0x4e,0x85,0xef,0xf0,0x1f,0xeb,0x63,0x0a,0x55,0x1b,0x92,0x57,
0xbb,0x87,0xa7,0x01,0x3e,0xd2,0x83,0xc7,0x04,0x00,0x63,0x82,0x07,0x1a,0x13,0x89,
0x14,0x00,0x62,0xe8,0x02,0xec,0xa3,0x09,0x01,0x04,0x82,0xd4,0x83,0x45,0x09,0x00,
0x15,0x46,0x5a,0x85,0xef,0xf0,0x4f,0xc5,0x93,0x04,0x19,0x00,0x31,0xe9,0xc2,0x47,
0x13,0xf7,0x07,0x01,0x09,0xc7,0x13,0x07,0x00,0x02,0xa3,0x09,0xe1,0x04,0x13,0xf7,
0x87,0x00,0x09,0xc7,0x13,0x07,0xb0,0x02,0xa3,0x09,0xe1,0x04,0x83,0x46,0x09,0x00,
0x13,0x07,0xa0,0x02,0x63,0x8f,0xe6,0x02,0xf2,0x47,0xca,0x84,0x81,0x46,0x25,0x46,
0x29,0x48,0x03,0xc7,0x04,0x00,0x13,0x85,0x14,0x00,0x9b,0x05,0x07,0xfd,0x2e,0x87,
0x63,0x78,0xb6,0x06,0x85,0xca,0x01,0x00,0x3e,0xce,0x2d,0xa0,0x85,0x04,0xb9,0xbf,
0xc2,0x47,0x33,0x05,0x65,0x41,0x3b,0x95,0xac,0x00,0x5d,0x8d,0x2a,0xc8,0x26,0x89,
0x71,0xb7,0x22,0x67,0x93,0x06,0x87,0x00,0x18,0x43,0x36,0xe4,0x63,0x4b,0x07,0x02,
0x01,0x00,0x3a,0xce,0x03,0xc7,0x04,0x00,0x93,0x07,0xe0,0x02,0x63,0x12,0xf7,0x04,
0x03,0xc7,0x14,0x00,0x93,0x07,0xa0,0x02,0x63,0x15,0xf7,0x0a,0xa2,0x67,0x89,0x04,
0x13,0x87,0x87,0x00,0x9c,0x43,0x3a,0xe4,0x63,0xc2,0x07,0x02,0x01,0x00,0x3e,0xca,
0x05,0xa0,0x3b,0x07,0xe0,0x40,0x93,0xe7,0x27,0x00,0x3a,0xce,0x3e,0xc8,0xd9,0xb7,
0xbb,0x07,0xf8,0x02,0xaa,0x84,0x85,0x46,0xb9,0x9f,0xa5,0xbf,0x01,0x00,0x56,0xca,
0x83,0xc5,0x04,0x00,0x0d,0x46,0x17,0x35,0x00,0x00,0x13,0x05,0xa5,0xb7,0xef,0xf0,
0xaf,0xb7,0x11,0xcd,0x97,0x37,0x00,0x00,0x93,0x87,0xc7,0xb6,0x1d,0x8d,0x93,0x07,
0x00,0x04,0x3b,0x95,0xa7,0x00,0xc2,0x47,0x85,0x04,0x5d,0x8d,0x2a,0xc8,0x83,0xc5,
0x04,0x00,0x19,0x46,0x17,0x35,0x00,0x00,0x13,0x05,0x45,0xb5,0x13,0x89,0x14,0x00,
0x23,0x04,0xb1,0x02,0xef,0xf0,0x4f,0xb4,0x59,0xcd,0x97,0xd7,0xff,0xff,0x93,0x87,
0xc7,0x47,0xa9,0xeb,0x42,0x47,0xa2,0x67,0x13,0x77,0x07,0x10,0x31,0xc3,0xbd,0x07,
0xc1,0x9b,0xc1,0x07,0x01,0x00,0x3e,0xe4,0x92,0x57,0xbb,0x87,0x47,0x01,0x3e,0xd2,
0xad,0xbd,0x85,0x04,0x02,0xca,0x81,0x46,0x81,0x47,0x25,0x46,0x29,0x48,0x03,0xc7,
0x04,0x00,0x13,0x85,0x14,0x00,0x9b,0x05,0x07,0xfd,0x2e,0x87,0x63,0x74,0xb6,0x00,
0xb1,0xf6,0xbd,0xb7,0xbb,0x07,0xf8,0x02,0xaa,0x84,0x85,0x46,0xb9,0x9f,0xc5,0xb7,
0xa1,0x07,0xc9,0xb7,0x38,0x00,0x97,0x06,0x00,0x00,0x93,0x86,0x06,0xd1,0x22,0x86,
0x0c,0x08,0x4e,0x85,0xef,0xd0,0x2f,0xc1,0x2a,0x8a,0xe3,0x17,0x55,0xfb,0x83,0x27,
0x04,0x0b,0x85,0x8b,0x89,0xeb,0x83,0x57,0x04,0x01,0x93,0xf7,0x07,0x20,0x81,0xe7,
0x48,0x70,0xef,0xf0,0xef,0x96,0x83,0x57,0x04,0x01,0x93,0xf7,0x07,0x04,0xe3,0x98,
0x07,0xd8,0x12,0x55,0x71,0xb3,0x38,0x00,0x97,0x06,0x00,0x00,0x93,0x86,0xe6,0xcc,
0x22,0x86,0x0c,0x08,0x4e,0x85,0xef,0xd0,0x9f,0x9b,0x7d,0xbf,0x41,0x11,0x22,0xe0,
0x2e,0x84,0x83,0x95,0x25,0x01,0x06,0xe4,0xef,0x00,0x00,0x22,0x63,0x49,0x05,0x00,
0x5c,0x6c,0xaa,0x97,0x5c,0xec,0xa2,0x60,0x02,0x64,0x41,0x01,0x82,0x80,0x83,0x57,
0x04,0x01,0x7d,0x77,0x7d,0x17,0xf9,0x8f,0x23,0x18,0xf4,0x00,0xed,0xb7,0x83,0xd7,
0x05,0x01,0x79,0x71,0x22,0xf0,0x26,0xec,0x4a,0xe8,0x4e,0xe4,0x06,0xf4,0x93,0xf7,
0x07,0x10,0xaa,0x84,0x2e,0x84,0x32,0x89,0xb6,0x89,0x99,0xc7,0x83,0x95,0x25,0x01,
0x89,0x46,0x01,0x46,0xef,0x00,0x60,0x1a,0x83,0x57,0x04,0x01,0x7d,0x77,0x7d,0x17,
0xf9,0x8f,0x83,0x15,0x24,0x01,0x23,0x18,0xf4,0x00,0x02,0x74,0xa2,0x70,0xce,0x86,
0x4a,0x86,0xa2,0x69,0x42,0x69,0x26,0x85,0xe2,0x64,0x45,0x61,0xa5,0xa0,0x41,0x11,
0x22,0xe0,0x2e,0x84,0x83,0x95,0x25,0x01,0x06,0xe4,0xef,0x00,0x00,0x17,0xfd,0x57,
0x03,0x57,0x04,0x01,0x63,0x1c,0xf5,0x00,0x01,0x00,0xfd,0x77,0xfd,0x17,0xf9,0x8f,
0x23,0x18,0xf4,0x00,0xa2,0x60,0x02,0x64,0x41,0x01,0x82,0x80,0x85,0x67,0xd9,0x8f,
0x23,0x18,0xf4,0x00,0x48,0xec,0xfd,0xb7,0x83,0x95,0x25,0x01,0x51,0xa8,0x1b,0x07,
0x06,0x00,0x99,0xcd,0x93,0x07,0xf0,0x0f,0x63,0xf7,0xe7,0x00,0x93,0x07,0xa0,0x08,
0x1c,0xc1,0x7d,0x55,0x82,0x80,0x01,0x00,0x23,0x80,0xc5,0x00,0x05,0x45,0x82,0x80,
0x01,0x45,0x82,0x80,0x41,0x11,0x22,0xe0,0x2a,0x84,0x2e,0x85,0xb2,0x85,0x36,0x86,
0x23,0xa2,0x01,0x8e,0x06,0xe4,0xef,0xc0,0xcf,0xbe,0xfd,0x57,0x63,0x17,0xf5,0x00,
0x83,0xa7,0x41,0x8e,0x99,0xc3,0x01,0x00,0x1c,0xc0,0xa2,0x60,0x02,0x64,0x41,0x01,
0x82,0x80,0x41,0x11,0x97,0x37,0x00,0x00,0x83,0xb7,0x47,0x16,0x32,0x88,0x06,0xe4,
0xaa,0x88,0x2e,0x87,0x88,0x6f,0x36,0x86,0x97,0x37,0x00,0x00,0x93,0x87,0x87,0x96,
0x63,0x17,0x08,0x00,0x97,0x07,0x00,0x00,0x93,0x87,0xc7,0x79,0x3e,0x88,0xc6,0x86,
0x97,0x35,0x00,0x00,0x93,0x85,0x05,0x96,0xef,0x00,0x20,0x03,0xef,0x00,0xa0,0x10,
0x41,0x11,0x22,0xe0,0x2a,0x84,0x2e,0x85,0x23,0xa2,0x01,0x8e,0x06,0xe4,0xef,0xc0,
0x0f,0xb7,0xfd,0x57,0x63,0x17,0xf5,0x00,0x83,0xa7,0x41,0x8e,0x99,0xc3,0x01,0x00,
0x1c,0xc0,0xa2,0x60,0x02,0x64,0x41,0x01,0x82,0x80,0x5d,0x71,0x32,0xf0,0x36,0xf4,
0x2e,0x86,0x14,0x10,0xaa,0x85,0x17,0x35,0x00,0x00,0x03,0x35,0x25,0x0f,0x06,0xec,
0x3a,0xf8,0x3e,0xfc,0xc2,0xe0,0xc6,0xe4,0x36,0xe4,0xef,0xf0,0x1f,0xb6,0xe2,0x60,
0x61,0x61,0x82,0x80,0x41,0x11,0x22,0xe0,0x2a,0x84,0x2e,0x85,0xb2,0x85,0x23,0xa2,
0x01,0x8e,0x06,0xe4,0xef,0xc0,0x4f,0xb6,0xfd,0x57,0x63,0x17,0xf5,0x00,0x83,0xa7,
0x41,0x8e,0x99,0xc3,0x01,0x00,0x1c,0xc0,0xa2,0x60,0x02,0x64,0x41,0x01,0x82,0x80,
0x41,0x11,0x22,0xe0,0x2a,0x84,0x2e,0x85,0x23,0xa2,0x01,0x8e,0x06,0xe4,0xef,0xc0,
0x6f,0xb3,0xfd,0x57,0x63,0x17,0xf5,0x00,0x83,0xa7,0x41,0x8e,0x99,0xc3,0x01,0x00,
0x1c,0xc0,0xa2,0x60,0x02,0x64,0x41,0x01,0x82,0x80,0x41,0x11,0x22,0xe0,0x2a,0x84,
0x2e,0x85,0xb2,0x85,0x36,0x86,0x23,0xa2,0x01,0x8e,0x06,0xe4,0xef,0xc0,0x4f,0xb0,
0xfd,0x57,0x63,0x17,0xf5,0x00,0x83,0xa7,0x41,0x8e,0x99,0xc3,0x01,0x00,0x1c,0xc0,
0xa2,0x60,0x02,0x64,0x41,0x01,0x82,0x80,0x41,0x11,0x22,0xe0,0x2a,0x84,0x2e,0x85,
0xb2,0x85,0x36,0x86,0x23,0xa2,0x01,0x8e,0x06,0xe4,0xef,0xc0,0x6f,0xb0,0xfd,0x57,
0x63,0x17,0xf5,0x00,0x83,0xa7,0x41,0x8e,0x99,0xc3,0x01,0x00,0x1c,0xc0,0xa2,0x60,
0x02,0x64,0x41,0x01,0x82,0x80,0x41,0x11,0x19,0x45,0x06,0xe4,0xef,0x00,0xe0,0x06,
0x05,0x45,0xef,0xc0,0xcf,0xad,0x01,0x11,0x22,0xe8,0x06,0xec,0xfd,0x47,0x2a,0x84,
0x63,0xf9,0xb7,0x00,0xd9,0x47,0x1c,0xc1,0x7d,0x55,0xe2,0x60,0x42,0x64,0x05,0x61,
0x82,0x80,0x3c,0x7d,0x2e,0x86,0x91,0xc7,0x13,0x97,0x35,0x00,0xba,0x97,0x98,0x63,
0x01,0xef,0x22,0x85,0x32,0xe4,0xef,0x00,0xe0,0x06,0xaa,0x85,0x22,0x85,0x42,0x64,
0x22,0x66,0xe2,0x60,0x05,0x61,0x0d,0xa8,0x85,0x46,0x01,0x45,0xe3,0x07,0xd7,0xfc,
0xfd,0x56,0x63,0x16,0xd7,0x00,0xd9,0x47,0x1c,0xc0,0x05,0x45,0x7d,0xbf,0x2e,0x85,
0x23,0xb0,0x07,0x00,0x02,0x97,0x01,0x45,0x4d,0xbf,0xaa,0x85,0x17,0x35,0x00,0x00,
0x03,0x35,0xc5,0xfa,0x6f,0xf0,0x3f,0xf9,0x41,0x11,0x22,0xe0,0x2a,0x84,0x2e,0x85,
0xb2,0x85,0x23,0xa2,0x01,0x8e,0x06,0xe4,0xef,0xc0,0x4f,0xa1,0xfd,0x57,0x63,0x17,
0xf5,0x00,0x83,0xa7,0x41,0x8e,0x99,0xc3,0x01,0x00,0x1c,0xc0,0xa2,0x60,0x02,0x64,
0x41,0x01,0x82,0x80,0x6f,0xc0,0x4f,0x99,0x73,0x28,0x20,0x00,0x21,0x63,0x13,0xd7,
0x05,0x03,0x13,0x0e,0xf3,0xff,0x33,0x76,0xc7,0x01,0x93,0xd6,0xf5,0x03,0x93,0x07,
0x16,0x00,0xc2,0x05,0x79,0x13,0xb5,0x81,0x13,0x57,0xd5,0x03,0x33,0xf3,0x67,0x00,
0x01,0x28,0x4d,0x8f,0x93,0x1e,0x35,0x00,0x63,0x00,0x03,0x18,0x01,0x00,0xf1,0x77,
0x93,0x87,0x07,0x40,0x3e,0x96,0x93,0x07,0xe0,0x7f,0x63,0xde,0xc7,0x08,0x63,0x03,
0x08,0x04,0x8d,0x47,0x63,0x1c,0xf8,0x02,0x95,0xce,0xfd,0x57,0x13,0x06,0xe0,0x7f,
0x01,0x47,0x95,0x48,0x89,0x45,0x93,0xe8,0x18,0x00,0x63,0x01,0xb8,0x1a,0x8d,0x45,
0x63,0x0a,0xb8,0x18,0x63,0x18,0x08,0x00,0x93,0xf5,0xf7,0x00,0x11,0x45,0x63,0x83,
0xa5,0x00,0x91,0x07,0x01,0xcf,0x93,0xe8,0x28,0x00,0x09,0xa8,0x89,0x47,0xe3,0x16,
0xf8,0xfc,0xe1,0xd6,0x81,0x47,0x13,0x06,0xf0,0x7f,0x95,0x48,0x13,0xd7,0x77,0x03,
0x05,0x8b,0x11,0xcb,0x05,0x06,0x13,0x07,0xf0,0x7f,0x63,0x04,0xe6,0x16,0xfd,0x55,
0xde,0x15,0xfd,0x15,0xed,0x8f,0x13,0x07,0xf0,0x7f,0x8d,0x83,0x63,0x16,0xe6,0x00,
0x81,0xc7,0x85,0x47,0xce,0x17,0x81,0x46,0x13,0x77,0xf6,0x7f,0xb2,0x07,0x52,0x17,
0xb1,0x83,0xd9,0x8f,0xfe,0x16,0xd5,0x8f,0x63,0x84,0x08,0x00,0x73,0xa0,0x18,0x00,
0x53,0x85,0x07,0xf2,0x82,0x80,0x63,0x45,0xc0,0x0a,0x93,0x07,0xc0,0xfc,0x63,0x40,
0xf6,0x10,0x85,0x47,0xce,0x17,0x13,0x0e,0xd0,0x03,0x5d,0x8f,0x33,0x0e,0xce,0x40,
0x93,0x07,0xf0,0x03,0x9b,0x08,0x06,0x00,0x63,0xcf,0xc7,0x05,0x9b,0x85,0x38,0x00,
0x13,0x06,0xd0,0x03,0x3b,0x06,0x16,0x41,0xb3,0x97,0xbe,0x00,0x33,0xd6,0xce,0x00,
0xb3,0x37,0xf0,0x00,0xd1,0x8f,0x33,0x17,0xb7,0x00,0xd9,0x8f,0x01,0x46,0xc9,0xcb,
0x13,0x97,0x17,0x00,0x13,0x76,0x77,0x00,0x81,0x48,0x05,0xc2,0x09,0x46,0x63,0x0d,
0xc8,0x0a,0x0d,0x46,0x85,0x48,0x63,0x06,0xc8,0x0a,0x63,0x18,0x08,0x00,0x13,0x76,
0xf7,0x00,0x91,0x45,0x63,0x03,0xb6,0x00,0x11,0x07,0x61,0x93,0x13,0x47,0x17,0x00,
0x05,0x8b,0x01,0x46,0x89,0xa0,0x75,0x53,0x3b,0x03,0x13,0x41,0x93,0x07,0x00,0x04,
0x33,0x53,0x67,0x00,0x81,0x45,0x63,0x06,0xfe,0x00,0x1b,0x86,0x38,0x04,0xb3,0x15,
0xc7,0x00,0xb3,0xe5,0xd5,0x01,0xb3,0x35,0xb0,0x00,0xb3,0x67,0xb3,0x00,0x79,0xbf,
0x93,0x17,0x75,0x00,0xb3,0x37,0xf0,0x00,0x93,0xd5,0xce,0x03,0x12,0x07,0xcd,0x8f,
0xd9,0x8f,0x81,0x48,0x01,0x47,0x93,0xf5,0x77,0x00,0xe3,0x9d,0x05,0xea,0xe3,0x07,
0x07,0xee,0x13,0xf7,0x18,0x00,0xf9,0xb5,0xb3,0x67,0xd7,0x01,0x01,0xe6,0x85,0xeb,
0x81,0x48,0xe9,0xbd,0x8d,0xcf,0x81,0x48,0x63,0x17,0xc6,0x01,0x93,0x58,0x27,0x03,
0x93,0xb8,0x18,0x00,0x92,0x08,0x93,0xd7,0xce,0x03,0x12,0x07,0x5d,0x8f,0x85,0x47,
0x61,0x9b,0xda,0x17,0xd9,0x8f,0x13,0x06,0xf0,0x7f,0x01,0x47,0x6d,0xbf,0x85,0x47,
0x81,0xb7,0xa5,0xf6,0x21,0x07,0x95,0xb7,0x85,0x48,0xa5,0xd2,0xe5,0xbf,0x13,0x06,
0xf0,0x7f,0x7d,0xbf,0xe3,0x90,0x06,0xe8,0xa1,0x07,0xad,0xbd,0xe3,0x8c,0x06,0xe6,
0xe5,0xbf,0x81,0x47,0x63,0x0e,0x08,0x00,0x0d,0x47,0x63,0x17,0xe8,0x00,0x89,0xca,
0xfd,0x57,0x13,0x06,0xe0,0x7f,0x29,0xa0,0x09,0x47,0xe3,0x1b,0xe8,0xfe,0xed,0xda,
0x93,0xe8,0x58,0x00,0x49,0xb5,0x00,0x00,0x76,0x65,0x72,0x69,0x66,0x79,0x20,0x25,
0x78,0x20,0x20,0x62,0x6c,0x6f,0x63,0x6b,0x20,0x73,0x74,0x61,0x72,0x74,0x20,0x25,
0x78,0x0d,0x0a,0x00,0x00,0x00,0x00,0x00,0x63,0x72,0x63,0x20,0x25,0x78,0x0d,0x0a,
0x00,0x00,0x00,0x00,0x00,0x00,0x00,0x00,0x5b,0x30,0x78,0x25,0x30,0x31,0x36,0x6c,
0x78,0x20,0x2d,0x20,0x30,0x78,0x25,0x30,0x31,0x36,0x6c,0x78,0x5d,0x20,0x20,0x70,
0x63,0x20,0x30,0x78,0x25,0x30,0x31,0x36,0x6c,0x78,0x0d,0x0a,0x00,0x00,0x00,0x00,
0x43,0x61,0x6c,0x6c,0x20,0x46,0x72,0x61,0x6d,0x65,0x3a,0x0d,0x00,0x00,0x00,0x00,
0x4d,0x43,0x41,0x55,0x53,0x45,0x20,0x3a,0x20,0x30,0x78,0x25,0x6c,0x78,0x0d,0x0a,
0x00,0x00,0x00,0x00,0x00,0x00,0x00,0x00,0x4d,0x44,0x43,0x41,0x55,0x53,0x45,0x3a,
0x20,0x30,0x78,0x25,0x6c,0x78,0x0d,0x0a,0x00,0x00,0x00,0x00,0x00,0x00,0x00,0x00,
0x4d,0x45,0x50,0x43,0x20,0x20,0x20,0x3a,0x20,0x30,0x78,0x25,0x6c,0x78,0x0d,0x0a,
0x00,0x00,0x00,0x00,0x00,0x00,0x00,0x00,0x4d,0x54,0x56,0x41,0x4c,0x20,0x20,0x3a,
0x20,0x30,0x78,0x25,0x6c,0x78,0x0d,0x0a,0x00,0x00,0x00,0x00,0x00,0x00,0x00,0x00,
0x72,0x61,0x3a,0x20,0x30,0x78,0x25,0x6c,0x78,0x2c,0x20,0x74,0x70,0x3a,0x20,0x30,
0x78,0x25,0x6c,0x78,0x2c,0x20,0x74,0x30,0x3a,0x20,0x30,0x78,0x25,0x6c,0x78,0x2c,
0x20,0x74,0x31,0x3a,0x20,0x30,0x78,0x25,0x6c,0x78,0x2c,0x20,0x74,0x32,0x3a,0x20,
0x30,0x78,0x25,0x6c,0x78,0x2c,0x20,0x74,0x33,0x3a,0x20,0x30,0x78,0x25,0x6c,0x78,
0x2c,0x20,0x74,0x34,0x3a,0x20,0x30,0x78,0x25,0x6c,0x78,0x2c,0x20,0x74,0x35,0x3a,
0x20,0x30,0x78,0x25,0x6c,0x78,0x2c,0x20,0x74,0x36,0x3a,0x20,0x30,0x78,0x25,0x6c,
0x78,0x0d,0x0a,0x00,0x00,0x00,0x00,0x00,0x61,0x30,0x3a,0x20,0x30,0x78,0x25,0x6c,
0x78,0x2c,0x20,0x61,0x31,0x3a,0x20,0x30,0x78,0x25,0x6c,0x78,0x2c,0x20,0x61,0x32,
0x3a,0x20,0x30,0x78,0x25,0x6c,0x78,0x2c,0x20,0x61,0x33,0x3a,0x20,0x30,0x78,0x25,
0x6c,0x78,0x2c,0x20,0x61,0x34,0x3a,0x20,0x30,0x78,0x25,0x6c,0x78,0x2c,0x20,0x61,
0x35,0x3a,0x20,0x30,0x78,0x25,0x6c,0x78,0x2c,0x20,0x61,0x36,0x3a,0x20,0x30,0x78,
0x25,0x6c,0x78,0x2c,0x20,0x61,0x37,0x3a,0x20,0x30,0x78,0x25,0x6c,0x78,0x0d,0x0a,
0x00,0x00,0x00,0x00,0x00,0x00,0x00,0x00,0x43,0x3a,0x2f,0x55,0x73,0x65,0x72,0x73,
0x2f,0x41,0x64,0x6d,0x69,0x6e,0x69,0x73,0x74,0x72,0x61,0x74,0x6f,0x72,0x2f,0x46,
0x44,0x57,0x6f,0x72,0x6b,0x2f,0x72,0x70,0x75,0x5f,0x70,0x6c,0x61,0x74,0x2f,0x64,
0x72,0x31,0x76,0x39,0x30,0x5f,0x66,0x70,0x73,0x6f,0x63,0x5f,0x63,0x70,0x75,0x30,
0x2f,0x61,0x72,0x63,0x68,0x2f,0x72,0x69,0x73,0x63,0x76,0x2f,0x65,0x78,0x74,0x2d,
0x6e,0x75,0x63,0x6c,0x65,0x69,0x2f,0x73,0x72,0x63,0x2f,0x6e,0x75,0x63,0x6c,0x65,
0x69,0x5f,0x65,0x63,0x6c,0x69,0x63,0x2e,0x63,0x00,0x00,0x00,0x00,0x00,0x00,0x00,
0x42,0x55,0x47,0x3a,0x20,0x66,0x61,0x69,0x6c,0x75,0x72,0x65,0x20,0x61,0x74,0x20,
0x25,0x73,0x3a,0x25,0x64,0x3a,0x25,0x73,0x28,0x29,0x21,0x0a,0x0d,0x0a,0x00,0x00,
0x00,0x00,0x00,0x00,0x00,0x00,0x00,0x00,0x01,0x00,0x00,0x00,0x03,0x00,0x00,0x00,
0x41,0x6c,0x49,0x6e,0x74,0x72,0x5f,0x52,0x65,0x67,0x48,0x61,0x6e,0x64,0x6c,0x65,
0x72,0x00,0x00,0x00,0x00,0x00,0x00,0x00,0x6e,0x6f,0x6e,0x63,0x61,0x63,0x68,0x65,
0x20,0x61,0x64,0x64,0x72,0x2f,0x73,0x69,0x7a,0x65,0x20,0x73,0x68,0x6f,0x75,0x6c,
0x64,0x20,0x62,0x65,0x20,0x61,0x6c,0x69,0x67,0x6e,0x65,0x64,0x20,0x74,0x6f,0x20,
0x25,0x6c,0x78,0x0a,0x0d,0x0a,0x00,0x00,0x41,0x6c,0x43,0x61,0x63,0x68,0x65,0x5f,
0x53,0x65,0x74,0x4d,0x65,0x6d,0x6f,0x72,0x79,0x41,0x74,0x74,0x72,0x20,0x66,0x61,
0x69,0x6c,0x65,0x64,0x20,0x72,0x65,0x74,0x20,0x3d,0x20,0x30,0x78,0x25,0x78,0x0d,
0x0a,0x0d,0x0a,0x00,0x00,0x00,0x00,0x00,0x41,0x6c,0x47,0x62,0x65,0x5f,0x44,0x65,
0x76,0x5f,0x52,0x65,0x61,0x64,0x50,0x68,0x79,0x52,0x65,0x67,0x69,0x73,0x74,0x65,
0x72,0x20,0x65,0x72,0x72,0x6f,0x72,0x3a,0x25,0x78,0x0d,0x0a,0x0d,0x0a,0x00,0x00,
0x41,0x6c,0x47,0x62,0x65,0x5f,0x44,0x65,0x76,0x5f,0x57,0x72,0x69,0x74,0x65,0x50,
0x68,0x79,0x52,0x65,0x67,0x69,0x73,0x74,0x65,0x72,0x20,0x65,0x72,0x72,0x6f,0x72,
0x3a,0x25,0x78,0x0d,0x0a,0x0d,0x0a,0x00,0x50,0x68,0x79,0x20,0x41,0x75,0x74,0x6f,
0x20,0x6e,0x65,0x67,0x6f,0x74,0x69,0x61,0x74,0x69,0x6f,0x6e,0x20,0x66,0x61,0x69,
0x6c,0x65,0x64,0x0d,0x0a,0x0d,0x0a,0x00,0x50,0x68,0x79,0x20,0x41,0x75,0x74,0x6f,
0x20,0x6e,0x65,0x67,0x6f,0x74,0x69,0x61,0x74,0x69,0x6f,0x6e,0x20,0x63,0x6f,0x6d,
0x70,0x6c,0x65,0x74,0x65,0x0d,0x0a,0x0d,0x0a,0x00,0x00,0x00,0x00,0x00,0x00,0x00,
0x52,0x54,0x4c,0x38,0x32,0x31,0x31,0x46,0x00,0x00,0x00,0x00,0x00,0x00,0x00,0x00,
0x59,0x54,0x38,0x35,0x33,0x31,0x53,0x48,0x00,0x00,0x00,0x00,0x00,0x00,0x00,0x00,
0x59,0x54,0x38,0x35,0x33,0x31,0x44,0x48,0x00,0x00,0x00,0x00,0x00,0x00,0x00,0x00,
0x2d,0x2d,0x2d,0x2d,0x2d,0x2d,0x2d,0x2d,0x2d,0x2d,0x48,0x6f,0x73,0x74,0x20,0x43,
0x6f,0x6e,0x74,0x72,0x6f,0x6c,0x6c,0x65,0x72,0x20,0x52,0x65,0x67,0x69,0x73,0x74,
0x65,0x72,0x2d,0x2d,0x2d,0x2d,0x2d,0x2d,0x2d,0x2d,0x2d,0x2d,0x0d,0x0a,0x0d,0x0a,
0x00,0x00,0x00,0x00,0x00,0x00,0x00,0x00,0x7c,0x2d,0x42,0x6c,0x6b,0x43,0x6e,0x74,
0x5f,0x53,0x64,0x6d,0x61,0x53,0x79,0x73,0x41,0x64,0x64,0x72,0x3a,0x20,0x30,0x78,
0x25,0x78,0x0d,0x0a,0x0d,0x0a,0x00,0x00,0x7c,0x2d,0x42,0x6c,0x6b,0x43,0x6e,0x74,
0x5f,0x42,0x6c,0x6b,0x53,0x69,0x7a,0x65,0x3a,0x20,0x30,0x78,0x25,0x78,0x0d,0x0a,
0x0d,0x0a,0x00,0x00,0x00,0x00,0x00,0x00,0x7c,0x2d,0x41,0x72,0x67,0x75,0x6d,0x65,
0x6e,0x74,0x3a,0x20,0x30,0x78,0x25,0x78,0x0d,0x0a,0x0d,0x0a,0x00,0x00,0x00,0x00,
0x7c,0x2d,0x43,0x6d,0x64,0x5f,0x58,0x66,0x65,0x72,0x4d,0x6f,0x64,0x65,0x3a,0x20,
0x30,0x78,0x25,0x78,0x0d,0x0a,0x0d,0x0a,0x00,0x00,0x00,0x00,0x00,0x00,0x00,0x00,
0x7c,0x2d,0x52,0x65,0x61,0x64,0x52,0x65,0x73,0x70,0x30,0x31,0x3a,0x20,0x30,0x78,
0x25,0x78,0x0d,0x0a,0x0d,0x0a,0x00,0x00,0x7c,0x2d,0x52,0x65,0x61,0x64,0x52,0x65,
0x73,0x70,0x32,0x33,0x3a,0x20,0x30,0x78,0x25,0x78,0x0d,0x0a,0x0d,0x0a,0x00,0x00,
0x7c,0x2d,0x52,0x65,0x61,0x64,0x52,0x65,0x73,0x70,0x34,0x35,0x3a,0x20,0x30,0x78,
0x25,0x78,0x0d,0x0a,0x0d,0x0a,0x00,0x00,0x7c,0x2d,0x52,0x65,0x61,0x64,0x52,0x65,
0x73,0x70,0x36,0x37,0x3a,0x20,0x30,0x78,0x25,0x78,0x0d,0x0a,0x0d,0x0a,0x00,0x00,
0x7c,0x2d,0x42,0x75,0x66,0x66,0x65,0x72,0x44,0x61,0x74,0x61,0x3a,0x20,0x30,0x78,
0x25,0x78,0x0d,0x0a,0x0d,0x0a,0x00,0x00,0x7c,0x2d,0x43,0x75,0x72,0x53,0x74,0x61,
0x74,0x65,0x3a,0x20,0x30,0x78,0x25,0x78,0x0d,0x0a,0x0d,0x0a,0x00,0x00,0x00,0x00,
0x7c,0x2d,0x43,0x74,0x72,0x6c,0x5f,0x57,0x75,0x70,0x5f,0x42,0x67,0x61,0x70,0x5f,
0x50,0x77,0x72,0x5f,0x48,0x6f,0x73,0x74,0x31,0x3a,0x20,0x30,0x78,0x25,0x78,0x0d,
0x0a,0x0d,0x0a,0x00,0x00,0x00,0x00,0x00,0x7c,0x2d,0x53,0x77,0x52,0x73,0x74,0x5f,
0x43,0x74,0x72,0x6c,0x5f,0x54,0x6f,0x75,0x74,0x5f,0x43,0x6c,0x6b,0x3a,0x20,0x30,
0x78,0x25,0x78,0x0d,0x0a,0x0d,0x0a,0x00,0x7c,0x2d,0x49,0x6e,0x74,0x72,0x53,0x74,
0x61,0x74,0x3a,0x20,0x30,0x78,0x25,0x78,0x0d,0x0a,0x0d,0x0a,0x00,0x00,0x00,0x00,
0x7c,0x2d,0x49,0x6e,0x74,0x72,0x53,0x74,0x61,0x74,0x45,0x6e,0x3a,0x20,0x30,0x78,
0x25,0x78,0x0d,0x0a,0x0d,0x0a,0x00,0x00,0x7c,0x2d,0x49,0x6e,0x74,0x72,0x53,0x69,
0x67,0x45,0x6e,0x3a,0x20,0x30,0x78,0x25,0x78,0x0d,0x0a,0x0d,0x0a,0x00,0x00,0x00,
0x7c,0x2d,0x41,0x75,0x74,0x6f,0x43,0x6d,0x64,0x53,0x74,0x61,0x74,0x5f,0x43,0x74,
0x72,0x6c,0x48,0x6f,0x73,0x74,0x32,0x3a,0x20,0x30,0x78,0x25,0x78,0x0d,0x0a,0x0d,
0x0a,0x00,0x00,0x00,0x00,0x00,0x00,0x00,0x7c,0x2d,0x41,0x64,0x6d,0x61,0x45,0x72,
0x72,0x53,0x74,0x61,0x74,0x3a,0x20,0x30,0x78,0x25,0x78,0x0d,0x0a,0x0d,0x0a,0x00,
0x7c,0x2d,0x41,0x64,0x6d,0x61,0x53,0x79,0x73,0x41,0x64,0x64,0x72,0x4c,0x6f,0x77,
0x3a,0x20,0x30,0x78,0x25,0x78,0x0d,0x0a,0x0d,0x0a,0x00,0x00,0x00,0x00,0x00,0x00,
0x7c,0x2d,0x43,0x61,0x70,0x61,0x62,0x69,0x6c,0x69,0x74,0x79,0x31,0x3a,0x20,0x30,
0x78,0x25,0x78,0x0d,0x0a,0x0d,0x0a,0x00,0x7c,0x2d,0x43,0x61,0x70,0x61,0x62,0x69,
0x6c,0x69,0x74,0x79,0x32,0x3a,0x20,0x30,0x78,0x25,0x78,0x0d,0x0a,0x0d,0x0a,0x00,
0x2d,0x2d,0x2d,0x2d,0x2d,0x2d,0x2d,0x2d,0x2d,0x2d,0x48,0x6f,0x73,0x74,0x20,0x43,
0x6f,0x6e,0x74,0x72,0x6f,0x6c,0x6c,0x65,0x72,0x20,0x52,0x65,0x67,0x69,0x73,0x74,
0x65,0x72,0x20,0x44,0x6f,0x6e,0x65,0x2d,0x2d,0x2d,0x2d,0x2d,0x2d,0x2d,0x2d,0x2d,
0x2d,0x0d,0x0a,0x0d,0x0a,0x00,0x00,0x00,0x43,0x61,0x72,0x64,0x20,0x76,0x65,0x72,
0x73,0x69,0x6f,0x6e,0x20,0x69,0x73,0x20,0x25,0x64,0x0d,0x0a,0x0d,0x0a,0x00,0x00,
0x4e,0x6f,0x20,0x64,0x6d,0x61,0x20,0x73,0x74,0x61,0x74,0x65,0x20,0x30,0x78,0x25,
0x78,0x0d,0x0a,0x0d,0x0a,0x00,0x00,0x00,0x4e,0x6f,0x20,0x64,0x6d,0x61,0x20,0x62,
0x6c,0x6b,0x20,0x63,0x6e,0x74,0x20,0x25,0x64,0x2c,0x20,0x6d,0x65,0x6d,0x20,0x61,
0x64,0x64,0x72,0x20,0x20,0x25,0x70,0x0d,0x0a,0x0d,0x0a,0x00,0x00,0x00,0x00,0x00,
0x54,0x72,0x61,0x6e,0x73,0x66,0x65,0x72,0x20,0x6e,0x6f,0x20,0x64,0x6d,0x61,0x20,
0x74,0x69,0x6d,0x65,0x6f,0x75,0x74,0x0d,0x0a,0x0d,0x0a,0x00,0x00,0x00,0x00,0x00,
0x54,0x72,0x61,0x6e,0x73,0x66,0x65,0x72,0x20,0x6e,0x6f,0x20,0x64,0x6d,0x61,0x20,
0x65,0x72,0x72,0x6f,0x72,0x0d,0x0a,0x0d,0x0a,0x00,0x00,0x00,0x00,0x00,0x00,0x00,
0x54,0x72,0x61,0x6e,0x73,0x66,0x65,0x72,0x20,0x73,0x74,0x61,0x74,0x65,0x3a,0x20,
0x30,0x78,0x25,0x78,0x0d,0x0a,0x0d,0x0a,0x00,0x00,0x00,0x00,0x00,0x00,0x00,0x00,
0x41,0x64,0x6d,0x61,0x20,0x65,0x72,0x72,0x6f,0x72,0x0d,0x0a,0x0d,0x0a,0x00,0x00,
0x53,0x64,0x6d,0x61,0x20,0x31,0x32,0x38,0x4d,0x42,0x20,0x62,0x6f,0x75,0x6e,0x64,
0x61,0x72,0x79,0x0d,0x0a,0x0d,0x0a,0x00,0x53,0x64,0x6d,0x61,0x20,0x69,0x6e,0x74,
0x72,0x20,0x41,0x64,0x64,0x72,0x3a,0x20,0x30,0x78,0x25,0x78,0x0d,0x0a,0x0d,0x0a,
0x00,0x00,0x00,0x00,0x00,0x00,0x00,0x00,0x43,0x75,0x72,0x20,0x74,0x69,0x6d,0x65,
0x6f,0x75,0x74,0x3a,0x20,0x25,0x64,0x0d,0x0a,0x0d,0x0a,0x00,0x00,0x00,0x00,0x00,
0x54,0x72,0x61,0x6e,0x73,0x66,0x65,0x72,0x20,0x64,0x6f,0x6e,0x65,0x20,0x73,0x74,
0x61,0x74,0x65,0x3a,0x20,0x30,0x78,0x25,0x78,0x0d,0x0a,0x0d,0x0a,0x00,0x00,0x00,
0x43,0x68,0x65,0x63,0x6b,0x20,0x74,0x72,0x61,0x6e,0x73,0x66,0x65,0x72,0x20,0x64,
0x6f,0x6e,0x65,0x20,0x65,0x72,0x72,0x6f,0x72,0x2c,0x20,0x73,0x69,0x7a,0x65,0x3a,
0x20,0x25,0x64,0x0d,0x0a,0x0d,0x0a,0x00,0x2d,0x2d,0x2d,0x2d,0x2d,0x54,0x61,0x62,
0x6c,0x65,0x5b,0x25,0x64,0x5d,0x2d,0x2d,0x2d,0x2d,0x2d,0x0d,0x0a,0x0d,0x0a,0x00,
0x7c,0x2d,0x44,0x65,0x73,0x63,0x5b,0x30,0x5d,0x3a,0x20,0x30,0x78,0x25,0x78,0x0d,
0x0a,0x0d,0x0a,0x00,0x00,0x00,0x00,0x00,0x7c,0x2d,0x44,0x65,0x73,0x63,0x5b,0x31,
0x5d,0x3a,0x20,0x30,0x78,0x25,0x78,0x0d,0x0a,0x0d,0x0a,0x00,0x00,0x00,0x00,0x00,
0x7c,0x2d,0x41,0x64,0x64,0x72,0x3a,0x20,0x30,0x78,0x25,0x78,0x0d,0x0a,0x0d,0x0a,
0x00,0x00,0x00,0x00,0x00,0x00,0x00,0x00,0x7c,0x2d,0x4c,0x6f,0x77,0x65,0x72,0x4c,
0x65,0x6e,0x3a,0x20,0x30,0x78,0x25,0x78,0x0d,0x0a,0x0d,0x0a,0x00,0x00,0x00,0x00,
0x7c,0x2d,0x55,0x70,0x70,0x65,0x72,0x4c,0x65,0x6e,0x3a,0x20,0x30,0x78,0x25,0x78,
0x0d,0x0a,0x0d,0x0a,0x00,0x00,0x00,0x00,0x7c,0x2d,0x41,0x63,0x74,0x3a,0x20,0x30,
0x78,0x25,0x78,0x0d,0x0a,0x0d,0x0a,0x00,0x7c,0x2d,0x49,0x6e,0x74,0x3a,0x20,0x30,
0x78,0x25,0x78,0x0d,0x0a,0x0d,0x0a,0x00,0x7c,0x2d,0x45,0x6e,0x64,0x3a,0x20,0x30,
0x78,0x25,0x78,0x0d,0x0a,0x0d,0x0a,0x00,0x7c,0x2d,0x56,0x61,0x6c,0x69,0x64,0x3a,
0x20,0x30,0x78,0x25,0x78,0x0d,0x0a,0x0d,0x0a,0x00,0x00,0x00,0x00,0x00,0x00,0x00,
0x2d,0x2d,0x2d,0x2d,0x2d,0x54,0x61,0x62,0x6c,0x65,0x5b,0x25,0x64,0x5d,0x20,0x65,
0x6e,0x64,0x2d,0x2d,0x2d,0x2d,0x2d,0x0d,0x0a,0x0d,0x0a,0x00,0x00,0x00,0x00,0x00,
0x43,0x68,0x65,0x63,0x6b,0x20,0x6c,0x69,0x6e,0x65,0x20,0x69,0x6e,0x68,0x69,0x62,
0x69,0x74,0x20,0x65,0x72,0x72,0x6f,0x72,0x2c,0x20,0x73,0x74,0x61,0x74,0x65,0x3a,
0x20,0x30,0x78,0x25,0x78,0x0d,0x0a,0x0d,0x0a,0x00,0x00,0x00,0x00,0x00,0x00,0x00,
0x41,0x43,0x4d,0x44,0x00,0x00,0x00,0x00,0x43,0x4d,0x44,0x00,0x00,0x00,0x00,0x00,
0x2d,0x2d,0x2d,0x5b,0x53,0x65,0x6e,0x64,0x5d,0x3a,0x20,0x25,0x73,0x25,0x64,0x2c,
0x20,0x41,0x72,0x67,0x3a,0x20,0x30,0x78,0x25,0x78,0x2c,0x20,0x42,0x6c,0x6b,0x43,
0x6e,0x74,0x3a,0x20,0x25,0x64,0x0d,0x0a,0x0d,0x0a,0x00,0x00,0x00,0x00,0x00,0x00,
0x49,0x6e,0x76,0x61,0x6c,0x69,0x64,0x20,0x63,0x6d,0x64,0x20,0x69,0x6e,0x64,0x65,
0x78,0x20,0x25,0x64,0x0d,0x0a,0x0d,0x0a,0x00,0x00,0x00,0x00,0x00,0x00,0x00,0x00,
0x52,0x65,0x73,0x70,0x6f,0x6e,0x73,0x65,0x3a,0x20,0x30,0x78,0x25,0x78,0x0d,0x0a,
0x0d,0x0a,0x00,0x00,0x00,0x00,0x00,0x00,0x25,0x73,0x20,0x25,0x64,0x20,0x73,0x65,
0x6e,0x64,0x20,0x65,0x72,0x72,0x2c,0x20,0x63,0x6f,0x64,0x65,0x3a,0x20,0x30,0x78,
0x25,0x78,0x0d,0x0a,0x0d,0x0a,0x00,0x00,0x25,0x73,0x20,0x25,0x64,0x20,0x73,0x65,
0x6e,0x64,0x20,0x74,0x69,0x6d,0x65,0x6f,0x75,0x74,0x0d,0x0a,0x0d,0x0a,0x00,0x00,
0x43,0x6d,0x64,0x20,0x64,0x6f,0x6e,0x65,0x20,0x73,0x74,0x61,0x74,0x65,0x3a,0x20,
0x30,0x78,0x25,0x78,0x0d,0x0a,0x0d,0x0a,0x00,0x00,0x00,0x00,0x00,0x00,0x00,0x00,
0x52,0x65,0x73,0x70,0x5b,0x30,0x31,0x5d,0x3a,0x20,0x30,0x78,0x25,0x78,0x2c,0x20,
0x52,0x65,0x73,0x70,0x5b,0x32,0x33,0x5d,0x3a,0x20,0x30,0x78,0x25,0x78,0x2c,0x20,
0x52,0x65,0x73,0x70,0x5b,0x34,0x35,0x5d,0x3a,0x20,0x30,0x78,0x25,0x78,0x2c,0x20,
0x52,0x65,0x73,0x70,0x5b,0x36,0x37,0x5d,0x3a,0x20,0x30,0x78,0x25,0x78,0x0d,0x0a,
0x0d,0x0a,0x00,0x00,0xb8,0x84,0xff,0xff,0xb0,0x85,0xff,0xff,0xa6,0x85,0xff,0xff,
0x4a,0x86,0xff,0xff,0xb8,0x84,0xff,0xff,0x9c,0x85,0xff,0xff,0x2e,0x86,0xff,0xff,
0xfe,0x85,0xff,0xff,0xe2,0x85,0xff,0xff,0xa6,0x85,0xff,0xff,0xa6,0x85,0xff,0xff,
0x88,0x85,0xff,0xff,0xba,0x85,0xff,0xff,0x88,0x85,0xff,0xff,0x88,0x85,0xff,0xff,
0xb8,0x84,0xff,0xff,0x88,0x85,0xff,0xff,0x92,0x85,0xff,0xff,0x92,0x85,0xff,0xff,
0x92,0x85,0xff,0xff,0x9c,0x85,0xff,0xff,0x92,0x85,0xff,0xff,0xae,0x84,0xff,0xff,
0x88,0x85,0xff,0xff,0x92,0x85,0xff,0xff,0x92,0x85,0xff,0xff,0x88,0x85,0xff,0xff,
0x88,0x85,0xff,0xff,0x9c,0x85,0xff,0xff,0x9c,0x85,0xff,0xff,0x88,0x85,0xff,0xff,
0x88,0x85,0xff,0xff,0x88,0x85,0xff,0xff,0x88,0x85,0xff,0xff,0xae,0x84,0xff,0xff,
0x88,0x85,0xff,0xff,0x88,0x85,0xff,0xff,0xae,0x84,0xff,0xff,0x9c,0x85,0xff,0xff,
0x88,0x85,0xff,0xff,0x88,0x85,0xff,0xff,0xae,0x84,0xff,0xff,0x88,0x85,0xff,0xff,
0xae,0x84,0xff,0xff,0x88,0x85,0xff,0xff,0x88,0x85,0xff,0xff,0x88,0x85,0xff,0xff,
0x88,0x85,0xff,0xff,0x9c,0x85,0xff,0xff,0x88,0x85,0xff,0xff,0xae,0x84,0xff,0xff,
0xae,0x84,0xff,0xff,0xae,0x84,0xff,0xff,0x88,0x85,0xff,0xff,0x88,0x85,0xff,0xff,
0x88,0x85,0xff,0xff,0x88,0x85,0xff,0xff,0xae,0x84,0xff,0xff,0xae,0x84,0xff,0xff,
0xae,0x84,0xff,0xff,0xae,0x84,0xff,0xff,0xae,0x84,0xff,0xff,0xae,0x84,0xff,0xff,
0xae,0x84,0xff,0xff,0xae,0x84,0xff,0xff,0xae,0x84,0xff,0xff,0xae,0x84,0xff,0xff,
0xae,0x84,0xff,0xff,0xae,0x84,0xff,0xff,0xae,0x84,0xff,0xff,0xae,0x84,0xff,0xff,
0xae,0x84,0xff,0xff,0xae,0x84,0xff,0xff,0xae,0x84,0xff,0xff,0xae,0x84,0xff,0xff,
0xae,0x84,0xff,0xff,0xae,0x84,0xff,0xff,0xae,0x84,0xff,0xff,0xae,0x84,0xff,0xff,
0xae,0x84,0xff,0xff,0xae,0x84,0xff,0xff,0xae,0x84,0xff,0xff,0xae,0x84,0xff,0xff,
0xae,0x84,0xff,0xff,0xae,0x84,0xff,0xff,0xae,0x84,0xff,0xff,0xae,0x84,0xff,0xff,
0xae,0x84,0xff,0xff,0xae,0x84,0xff,0xff,0xae,0x84,0xff,0xff,0xae,0x84,0xff,0xff,
0xae,0x84,0xff,0xff,0xae,0x84,0xff,0xff,0xae,0x84,0xff,0xff,0xae,0x84,0xff,0xff,
0xae,0x84,0xff,0xff,0xae,0x84,0xff,0xff,0xae,0x84,0xff,0xff,0xae,0x84,0xff,0xff,
0xae,0x84,0xff,0xff,0xae,0x84,0xff,0xff,0xae,0x84,0xff,0xff,0xae,0x84,0xff,0xff,
0xae,0x84,0xff,0xff,0xae,0x84,0xff,0xff,0xae,0x84,0xff,0xff,0xae,0x84,0xff,0xff,
0xae,0x84,0xff,0xff,0xae,0x84,0xff,0xff,0xae,0x84,0xff,0xff,0xae,0x84,0xff,0xff,
0xae,0x84,0xff,0xff,0xae,0x84,0xff,0xff,0xae,0x84,0xff,0xff,0xae,0x84,0xff,0xff,
0xae,0x84,0xff,0xff,0xae,0x84,0xff,0xff,0xae,0x84,0xff,0xff,0xae,0x84,0xff,0xff,
0xae,0x84,0xff,0xff,0xae,0x84,0xff,0xff,0xae,0x84,0xff,0xff,0xae,0x84,0xff,0xff,
0xae,0x84,0xff,0xff,0xae,0x84,0xff,0xff,0xae,0x84,0xff,0xff,0xae,0x84,0xff,0xff,
0xae,0x84,0xff,0xff,0xae,0x84,0xff,0xff,0xae,0x84,0xff,0xff,0xae,0x84,0xff,0xff,
0xae,0x84,0xff,0xff,0xae,0x84,0xff,0xff,0xae,0x84,0xff,0xff,0xae,0x84,0xff,0xff,
0xae,0x84,0xff,0xff,0xae,0x84,0xff,0xff,0xae,0x84,0xff,0xff,0xae,0x84,0xff,0xff,
0xae,0x84,0xff,0xff,0xae,0x84,0xff,0xff,0xae,0x84,0xff,0xff,0xae,0x84,0xff,0xff,
0xae,0x84,0xff,0xff,0xae,0x84,0xff,0xff,0xae,0x84,0xff,0xff,0xae,0x84,0xff,0xff,
0xae,0x84,0xff,0xff,0xae,0x84,0xff,0xff,0xae,0x84,0xff,0xff,0xae,0x84,0xff,0xff,
0xae,0x84,0xff,0xff,0xae,0x84,0xff,0xff,0xae,0x84,0xff,0xff,0xae,0x84,0xff,0xff,
0xae,0x84,0xff,0xff,0xae,0x84,0xff,0xff,0xae,0x84,0xff,0xff,0xae,0x84,0xff,0xff,
0xae,0x84,0xff,0xff,0xae,0x84,0xff,0xff,0xae,0x84,0xff,0xff,0xae,0x84,0xff,0xff,
0xae,0x84,0xff,0xff,0xae,0x84,0xff,0xff,0xae,0x84,0xff,0xff,0xae,0x84,0xff,0xff,
0xae,0x84,0xff,0xff,0xae,0x84,0xff,0xff,0xae,0x84,0xff,0xff,0xae,0x84,0xff,0xff,
0xae,0x84,0xff,0xff,0xae,0x84,0xff,0xff,0xae,0x84,0xff,0xff,0xae,0x84,0xff,0xff,
0xae,0x84,0xff,0xff,0xae,0x84,0xff,0xff,0xae,0x84,0xff,0xff,0xae,0x84,0xff,0xff,
0xae,0x84,0xff,0xff,0xae,0x84,0xff,0xff,0xae,0x84,0xff,0xff,0xae,0x84,0xff,0xff,
0xae,0x84,0xff,0xff,0xae,0x84,0xff,0xff,0xae,0x84,0xff,0xff,0xae,0x84,0xff,0xff,
0xae,0x84,0xff,0xff,0xae,0x84,0xff,0xff,0xae,0x84,0xff,0xff,0xae,0x84,0xff,0xff,
0xae,0x84,0xff,0xff,0xae,0x84,0xff,0xff,0xae,0x84,0xff,0xff,0xae,0x84,0xff,0xff,
0xae,0x84,0xff,0xff,0xae,0x84,0xff,0xff,0xae,0x84,0xff,0xff,0xae,0x84,0xff,0xff,
0xae,0x84,0xff,0xff,0xae,0x84,0xff,0xff,0xae,0x84,0xff,0xff,0xae,0x84,0xff,0xff,
0xae,0x84,0xff,0xff,0xae,0x84,0xff,0xff,0xae,0x84,0xff,0xff,0xae,0x84,0xff,0xff,
0xae,0x84,0xff,0xff,0xae,0x84,0xff,0xff,0xae,0x84,0xff,0xff,0xae,0x84,0xff,0xff,
0xae,0x84,0xff,0xff,0xae,0x84,0xff,0xff,0xae,0x84,0xff,0xff,0xae,0x84,0xff,0xff,
0xae,0x84,0xff,0xff,0xae,0x84,0xff,0xff,0xae,0x84,0xff,0xff,0xae,0x84,0xff,0xff,
0xae,0x84,0xff,0xff,0xae,0x84,0xff,0xff,0xae,0x84,0xff,0xff,0xae,0x84,0xff,0xff,
0xae,0x84,0xff,0xff,0xae,0x84,0xff,0xff,0xae,0x84,0xff,0xff,0xae,0x84,0xff,0xff,
0xae,0x84,0xff,0xff,0xae,0x84,0xff,0xff,0xae,0x84,0xff,0xff,0xae,0x84,0xff,0xff,
0xae,0x84,0xff,0xff,0xae,0x84,0xff,0xff,0xae,0x84,0xff,0xff,0xae,0x84,0xff,0xff,
0xae,0x84,0xff,0xff,0xae,0x84,0xff,0xff,0xae,0x84,0xff,0xff,0xae,0x84,0xff,0xff,
0xae,0x84,0xff,0xff,0xae,0x84,0xff,0xff,0xae,0x84,0xff,0xff,0xae,0x84,0xff,0xff,
0xae,0x84,0xff,0xff,0xae,0x84,0xff,0xff,0xae,0x84,0xff,0xff,0xae,0x84,0xff,0xff,
0xae,0x84,0xff,0xff,0xae,0x84,0xff,0xff,0xae,0x84,0xff,0xff,0xae,0x84,0xff,0xff,
0xae,0x84,0xff,0xff,0xae,0x84,0xff,0xff,0xae,0x84,0xff,0xff,0xae,0x84,0xff,0xff,
0xae,0x84,0xff,0xff,0xae,0x84,0xff,0xff,0xae,0x84,0xff,0xff,0xae,0x84,0xff,0xff,
0xae,0x84,0xff,0xff,0xae,0x84,0xff,0xff,0xae,0x84,0xff,0xff,0x88,0x85,0xff,0xff,
0xae,0x84,0xff,0xff,0xae,0x84,0xff,0xff,0xae,0x84,0xff,0xff,0xae,0x84,0xff,0xff,
0xae,0x84,0xff,0xff,0xae,0x84,0xff,0xff,0x92,0x85,0xff,0xff,0xae,0x84,0xff,0xff,
0xae,0x84,0xff,0xff,0xae,0x84,0xff,0xff,0xae,0x84,0xff,0xff,0xae,0x84,0xff,0xff,
0xae,0x84,0xff,0xff,0xae,0x84,0xff,0xff,0xae,0x84,0xff,0xff,0x88,0x85,0xff,0xff,
0x92,0x85,0xff,0xff,0xae,0x84,0xff,0xff,0xae,0x84,0xff,0xff,0xae,0x84,0xff,0xff,
0xae,0x84,0xff,0xff,0xae,0x84,0xff,0xff,0xae,0x84,0xff,0xff,0xae,0x84,0xff,0xff,
0xae,0x84,0xff,0xff,0xae,0x84,0xff,0xff,0xae,0x84,0xff,0xff,0xae,0x84,0xff,0xff,
0xae,0x84,0xff,0xff,0xae,0x84,0xff,0xff,0xae,0x84,0xff,0xff,0xae,0x84,0xff,0xff,
0xae,0x84,0xff,0xff,0xae,0x84,0xff,0xff,0xb0,0x85,0xff,0xff,0x88,0x85,0xff,0xff,
0xae,0x84,0xff,0xff,0xae,0x84,0xff,0xff,0xae,0x84,0xff,0xff,0xae,0x84,0xff,0xff,
0xae,0x84,0xff,0xff,0xae,0x84,0xff,0xff,0xae,0x84,0xff,0xff,0xae,0x84,0xff,0xff,
0x92,0x85,0xff,0xff,0x00,0x00,0x00,0x00,0x46,0x6c,0x75,0x73,0x68,0x20,0x73,0x74,
0x61,0x72,0x74,0x3a,0x20,0x30,0x78,0x25,0x6c,0x78,0x2c,0x20,0x65,0x6e,0x64,0x3a,
0x20,0x30,0x78,0x25,0x6c,0x78,0x0d,0x0a,0x0d,0x0a,0x00,0x00,0x00,0x00,0x00,0x00,
0x43,0x53,0x44,0x20,0x5b,0x31,0x33,0x35,0x3a,0x38,0x5d,0x0d,0x0a,0x0d,0x0a,0x00,
0x43,0x53,0x44,0x3a,0x20,0x5b,0x33,0x5d,0x20,0x30,0x58,0x25,0x30,0x38,0x78,0x2c,
0x20,0x5b,0x32,0x5d,0x20,0x30,0x78,0x25,0x30,0x38,0x78,0x2c,0x20,0x5b,0x31,0x5d,
0x20,0x30,0x78,0x25,0x30,0x38,0x78,0x2c,0x20,0x5b,0x30,0x5d,0x20,0x30,0x78,0x25,
0x30,0x38,0x78,0x0d,0x0a,0x0d,0x0a,0x00,0x43,0x53,0x44,0x20,0x5b,0x31,0x32,0x37,
0x3a,0x30,0x5d,0x0d,0x0a,0x0d,0x0a,0x00,0x2d,0x2d,0x2d,0x2d,0x2d,0x43,0x53,0x44,
0x2d,0x2d,0x2d,0x2d,0x2d,0x0d,0x0a,0x0d,0x0a,0x00,0x00,0x00,0x00,0x00,0x00,0x00,
0x7c,0x2d,0x52,0x73,0x76,0x64,0x30,0x3a,0x20,0x25,0x64,0x0d,0x0a,0x0d,0x0a,0x00,
0x7c,0x2d,0x43,0x72,0x63,0x3a,0x20,0x25,0x64,0x0d,0x0a,0x0d,0x0a,0x00,0x00,0x00,
0x7c,0x2d,0x52,0x73,0x76,0x64,0x39,0x5f,0x38,0x3a,0x20,0x25,0x64,0x0d,0x0a,0x0d,
0x0a,0x00,0x00,0x00,0x00,0x00,0x00,0x00,0x7c,0x2d,0x46,0x69,0x6c,0x65,0x46,0x6f,
0x72,0x6d,0x61,0x74,0x3a,0x20,0x25,0x64,0x0d,0x0a,0x0d,0x0a,0x00,0x00,0x00,0x00,
0x7c,0x2d,0x54,0x6d,0x70,0x57,0x72,0x50,0x72,0x6f,0x74,0x3a,0x20,0x25,0x64,0x0d,
0x0a,0x0d,0x0a,0x00,0x00,0x00,0x00,0x00,0x7c,0x2d,0x50,0x65,0x72,0x6d,0x57,0x72,
0x50,0x72,0x6f,0x74,0x3a,0x20,0x25,0x64,0x0d,0x0a,0x0d,0x0a,0x00,0x00,0x00,0x00,
0x7c,0x2d,0x43,0x70,0x79,0x46,0x6c,0x61,0x67,0x3a,0x20,0x25,0x64,0x0d,0x0a,0x0d,
0x0a,0x00,0x00,0x00,0x00,0x00,0x00,0x00,0x7c,0x2d,0x46,0x69,0x6c,0x65,0x46,0x6f,
0x72,0x6d,0x61,0x74,0x47,0x72,0x70,0x3a,0x20,0x25,0x64,0x0d,0x0a,0x0d,0x0a,0x00,
0x7c,0x2d,0x52,0x73,0x76,0x64,0x32,0x30,0x5f,0x31,0x36,0x3a,0x20,0x25,0x64,0x0d,
0x0a,0x0d,0x0a,0x00,0x00,0x00,0x00,0x00,0x7c,0x2d,0x57,0x72,0x42,0x6c,0x6b,0x50,
0x61,0x72,0x74,0x69,0x61,0x6c,0x3a,0x20,0x25,0x64,0x0d,0x0a,0x0d,0x0a,0x00,0x00,
0x7c,0x2d,0x57,0x72,0x42,0x6c,0x6b,0x4c,0x65,0x6e,0x3a,0x20,0x25,0x64,0x0d,0x0a,
0x0d,0x0a,0x00,0x00,0x00,0x00,0x00,0x00,0x7c,0x2d,0x57,0x72,0x53,0x70,0x64,0x46,
0x61,0x63,0x74,0x6f,0x72,0x3a,0x20,0x25,0x64,0x0d,0x0a,0x0d,0x0a,0x00,0x00,0x00,
0x7c,0x2d,0x52,0x73,0x76,0x64,0x33,0x30,0x5f,0x32,0x39,0x3a,0x20,0x25,0x64,0x0d,
0x0a,0x0d,0x0a,0x00,0x00,0x00,0x00,0x00,0x7c,0x2d,0x57,0x72,0x50,0x72,0x6f,0x74,
0x47,0x72,0x70,0x45,0x6e,0x3a,0x20,0x25,0x64,0x0d,0x0a,0x0d,0x0a,0x00,0x00,0x00,
0x7c,0x2d,0x57,0x72,0x50,0x72,0x6f,0x74,0x47,0x72,0x70,0x53,0x69,0x7a,0x65,0x3a,
0x20,0x25,0x64,0x0d,0x0a,0x0d,0x0a,0x00,0x7c,0x2d,0x45,0x72,0x61,0x73,0x65,0x53,
0x65,0x63,0x74,0x6f,0x72,0x53,0x69,0x7a,0x65,0x3a,0x20,0x25,0x64,0x0d,0x0a,0x0d,
0x0a,0x00,0x00,0x00,0x00,0x00,0x00,0x00,0x7c,0x2d,0x45,0x72,0x61,0x73,0x65,0x42,
0x6c,0x6b,0x45,0x6e,0x3a,0x20,0x25,0x64,0x0d,0x0a,0x0d,0x0a,0x00,0x00,0x00,0x00,
0x7c,0x2d,0x44,0x65,0x76,0x53,0x69,0x7a,0x65,0x4d,0x75,0x6c,0x74,0x69,0x3a,0x20,
0x25,0x64,0x0d,0x0a,0x0d,0x0a,0x00,0x00,0x7c,0x2d,0x56,0x64,0x64,0x57,0x72,0x43,
0x75,0x72,0x4d,0x61,0x78,0x3a,0x20,0x25,0x64,0x0d,0x0a,0x0d,0x0a,0x00,0x00,0x00,
0x7c,0x2d,0x56,0x64,0x64,0x57,0x72,0x43,0x75,0x72,0x4d,0x69,0x6e,0x3a,0x20,0x25,
0x64,0x0d,0x0a,0x0d,0x0a,0x00,0x00,0x00,0x7c,0x2d,0x56,0x64,0x64,0x52,0x64,0x43,
0x75,0x72,0x4d,0x61,0x78,0x3a,0x20,0x25,0x64,0x0d,0x0a,0x0d,0x0a,0x00,0x00,0x00,
0x7c,0x2d,0x56,0x64,0x64,0x52,0x64,0x43,0x75,0x72,0x4d,0x69,0x6e,0x3a,0x20,0x25,
0x64,0x0d,0x0a,0x0d,0x0a,0x00,0x00,0x00,0x7c,0x2d,0x44,0x65,0x76,0x53,0x69,0x7a,
0x65,0x36,0x33,0x5f,0x36,0x32,0x3a,0x20,0x25,0x64,0x0d,0x0a,0x0d,0x0a,0x00,0x00,
0x7c,0x2d,0x44,0x65,0x76,0x53,0x69,0x7a,0x65,0x37,0x33,0x5f,0x36,0x34,0x3a,0x20,
0x25,0x64,0x0d,0x0a,0x0d,0x0a,0x00,0x00,0x7c,0x2d,0x52,0x73,0x76,0x64,0x37,0x35,
0x5f,0x37,0x34,0x3a,0x20,0x25,0x64,0x0d,0x0a,0x0d,0x0a,0x00,0x00,0x00,0x00,0x00,
0x7c,0x2d,0x44,0x73,0x72,0x49,0x6d,0x70,0x3a,0x20,0x25,0x64,0x0d,0x0a,0x0d,0x0a,
0x00,0x00,0x00,0x00,0x00,0x00,0x00,0x00,0x7c,0x2d,0x52,0x64,0x42,0x6c,0x6b,0x4d,
0x69,0x73,0x61,0x6c,0x69,0x67,0x6e,0x3a,0x20,0x25,0x64,0x0d,0x0a,0x0d,0x0a,0x00,
0x7c,0x2d,0x57,0x72,0x42,0x6c,0x6b,0x4d,0x69,0x73,0x61,0x6c,0x69,0x67,0x6e,0x3a,
0x20,0x25,0x64,0x0d,0x0a,0x0d,0x0a,0x00,0x7c,0x2d,0x52,0x64,0x42,0x6c,0x6b,0x50,
0x61,0x72,0x74,0x69,0x61,0x6c,0x3a,0x20,0x25,0x64,0x0d,0x0a,0x0d,0x0a,0x00,0x00,
0x7c,0x2d,0x52,0x64,0x42,0x6c,0x6b,0x4c,0x65,0x6e,0x3a,0x20,0x25,0x64,0x0d,0x0a,
0x0d,0x0a,0x00,0x00,0x00,0x00,0x00,0x00,0x7c,0x2d,0x43,0x61,0x72,0x64,0x43,0x6d,
0x64,0x43,0x6c,0x61,0x73,0x73,0x3a,0x20,0x25,0x64,0x0d,0x0a,0x0d,0x0a,0x00,0x00,
0x7c,0x2d,0x54,0x72,0x61,0x6e,0x73,0x53,0x70,0x64,0x3a,0x20,0x25,0x64,0x0d,0x0a,
0x0d,0x0a,0x00,0x00,0x00,0x00,0x00,0x00,0x7c,0x2d,0x4e,0x73,0x61,0x63,0x3a,0x20,
0x25,0x64,0x0d,0x0a,0x0d,0x0a,0x00,0x00,0x7c,0x2d,0x54,0x61,0x61,0x63,0x3a,0x20,
0x25,0x64,0x0d,0x0a,0x0d,0x0a,0x00,0x00,0x7c,0x2d,0x52,0x73,0x76,0x64,0x31,0x32,
0x35,0x5f,0x31,0x32,0x30,0x3a,0x20,0x25,0x64,0x0d,0x0a,0x0d,0x0a,0x00,0x00,0x00,
0x7c,0x2d,0x43,0x73,0x64,0x53,0x74,0x72,0x75,0x63,0x74,0x3a,0x20,0x25,0x64,0x0d,
0x0a,0x0d,0x0a,0x00,0x00,0x00,0x00,0x00,0x53,0x64,0x20,0x43,0x53,0x44,0x20,0x73,
0x74,0x72,0x75,0x63,0x74,0x20,0x69,0x73,0x20,0x76,0x65,0x72,0x20,0x25,0x64,0x20,
0x0d,0x0a,0x0d,0x0a,0x00,0x00,0x00,0x00,0x45,0x6d,0x6d,0x63,0x20,0x63,0x61,0x70,
0x61,0x63,0x69,0x74,0x79,0x20,0x6c,0x61,0x72,0x67,0x65,0x20,0x74,0x68,0x61,0x6e,
0x20,0x32,0x47,0x42,0x0d,0x0a,0x0d,0x0a,0x00,0x00,0x00,0x00,0x00,0x00,0x00,0x00,
0x43,0x61,0x72,0x64,0x20,0x63,0x61,0x70,0x61,0x63,0x69,0x74,0x79,0x20,0x69,0x73,
0x20,0x25,0x64,0x20,0x4b,0x42,0x79,0x74,0x65,0x2c,0x20,0x62,0x6c,0x6b,0x20,0x6c,
0x65,0x6e,0x20,0x69,0x73,0x20,0x25,0x64,0x0d,0x0a,0x0d,0x0a,0x00,0x00,0x00,0x00,
0x53,0x65,0x74,0x20,0x62,0x6c,0x6b,0x20,0x73,0x69,0x7a,0x65,0x20,0x63,0x68,0x65,
0x63,0x6b,0x20,0x6c,0x69,0x6e,0x65,0x20,0x69,0x64,0x6c,0x65,0x20,0x65,0x72,0x72,
0x6f,0x72,0x0d,0x0a,0x0d,0x0a,0x00,0x00,0x53,0x65,0x74,0x20,0x62,0x6c,0x6b,0x20,
0x73,0x69,0x7a,0x65,0x20,0x43,0x4d,0x44,0x20,0x31,0x36,0x20,0x65,0x72,0x72,0x6f,
0x72,0x0d,0x0a,0x0d,0x0a,0x00,0x00,0x00,0x2d,0x2d,0x2d,0x2d,0x2d,0x45,0x58,0x54,
0x20,0x43,0x53,0x44,0x2d,0x2d,0x2d,0x2d,0x2d,0x0d,0x0a,0x0d,0x0a,0x00,0x00,0x00,
0x7c,0x2d,0x48,0x73,0x54,0x69,0x6d,0x69,0x6e,0x67,0x3a,0x20,0x25,0x64,0x0d,0x0a,
0x0d,0x0a,0x00,0x00,0x00,0x00,0x00,0x00,0x7c,0x2d,0x44,0x65,0x76,0x54,0x79,0x70,
0x65,0x3a,0x20,0x30,0x78,0x25,0x78,0x0d,0x0a,0x0d,0x0a,0x00,0x00,0x00,0x00,0x00,
0x7c,0x2d,0x44,0x72,0x69,0x76,0x65,0x72,0x53,0x74,0x72,0x65,0x6e,0x67,0x74,0x68,
0x3a,0x20,0x30,0x78,0x25,0x78,0x0d,0x0a,0x0d,0x0a,0x00,0x00,0x00,0x00,0x00,0x00,
0x53,0x65,0x63,0x43,0x6f,0x75,0x6e,0x74,0x3a,0x20,0x30,0x78,0x25,0x78,0x2c,0x20,
0x53,0x65,0x63,0x5b,0x30,0x5d,0x3a,0x20,0x30,0x78,0x25,0x78,0x2c,0x20,0x53,0x65,
0x63,0x5b,0x31,0x5d,0x3a,0x20,0x30,0x78,0x25,0x78,0x2c,0x20,0x53,0x65,0x63,0x5b,
0x32,0x5d,0x3a,0x20,0x30,0x78,0x25,0x78,0x2c,0x20,0x53,0x65,0x63,0x5b,0x33,0x5d,
0x3a,0x20,0x30,0x78,0x25,0x78,0x0d,0x0a,0x0d,0x0a,0x00,0x00,0x00,0x00,0x00,0x00,
0x43,0x61,0x72,0x64,0x20,0x63,0x61,0x70,0x61,0x63,0x69,0x74,0x79,0x20,0x69,0x73,
0x20,0x25,0x75,0x20,0x4b,0x42,0x79,0x74,0x65,0x2c,0x20,0x62,0x6c,0x6b,0x20,0x6c,
0x65,0x6e,0x20,0x69,0x73,0x20,0x25,0x64,0x0d,0x0a,0x0d,0x0a,0x00,0x00,0x00,0x00,
0x43,0x61,0x72,0x64,0x20,0x72,0x65,0x73,0x65,0x74,0x20,0x65,0x72,0x72,0x6f,0x72,
0x2c,0x20,0x63,0x6f,0x64,0x65,0x20,0x30,0x78,0x25,0x78,0x0d,0x0a,0x0d,0x0a,0x00,
0x48,0x6f,0x73,0x74,0x20,0x72,0x65,0x73,0x65,0x74,0x20,0x65,0x6e,0x75,0x6d,0x20,
0x65,0x72,0x72,0x6f,0x72,0x0d,0x0a,0x0d,0x0a,0x00,0x00,0x00,0x00,0x00,0x00,0x00,
0x43,0x4d,0x44,0x20,0x6c,0x69,0x6e,0x65,0x20,0x72,0x65,0x73,0x65,0x74,0x20,0x65,
0x72,0x72,0x6f,0x72,0x0d,0x0a,0x0d,0x0a,0x00,0x00,0x00,0x00,0x00,0x00,0x00,0x00,
0x5b,0x25,0x64,0x5d,0x3a,0x30,0x78,0x25,0x30,0x32,0x78,0x20,0x0d,0x0a,0x00,0x00,
0x53,0x63,0x72,0x3a,0x20,0x5b,0x30,0x5d,0x20,0x30,0x78,0x25,0x30,0x38,0x78,0x2c,
0x20,0x5b,0x31,0x5d,0x20,0x30,0x78,0x25,0x30,0x38,0x78,0x0d,0x0a,0x0d,0x0a,0x00,
0x2d,0x2d,0x2d,0x2d,0x2d,0x53,0x43,0x52,0x2d,0x2d,0x2d,0x2d,0x2d,0x0d,0x0a,0x0d,
0x0a,0x00,0x00,0x00,0x00,0x00,0x00,0x00,0x7c,0x2d,0x52,0x73,0x76,0x64,0x33,0x31,
0x5f,0x30,0x3a,0x20,0x25,0x64,0x0d,0x0a,0x0d,0x0a,0x00,0x00,0x00,0x00,0x00,0x00,
0x7c,0x2d,0x43,0x6d,0x64,0x53,0x75,0x70,0x70,0x6f,0x72,0x74,0x3a,0x20,0x25,0x64,
0x0d,0x0a,0x0d,0x0a,0x00,0x00,0x00,0x00,0x7c,0x2d,0x52,0x73,0x76,0x64,0x34,0x31,
0x5f,0x33,0x36,0x3a,0x20,0x25,0x64,0x0d,0x0a,0x0d,0x0a,0x00,0x00,0x00,0x00,0x00,
0x7c,0x2d,0x53,0x64,0x53,0x70,0x65,0x63,0x34,0x3a,0x20,0x25,0x64,0x0d,0x0a,0x0d,
0x0a,0x00,0x00,0x00,0x00,0x00,0x00,0x00,0x7c,0x2d,0x45,0x78,0x53,0x65,0x63,0x75,
0x72,0x69,0x74,0x79,0x3a,0x20,0x25,0x64,0x0d,0x0a,0x0d,0x0a,0x00,0x00,0x00,0x00,
0x7c,0x2d,0x53,0x64,0x53,0x70,0x65,0x63,0x33,0x3a,0x20,0x25,0x64,0x0d,0x0a,0x0d,
0x0a,0x00,0x00,0x00,0x00,0x00,0x00,0x00,0x7c,0x2d,0x53,0x64,0x42,0x75,0x73,0x57,
0x69,0x64,0x74,0x68,0x3a,0x20,0x25,0x64,0x0d,0x0a,0x0d,0x0a,0x00,0x00,0x00,0x00,
0x7c,0x2d,0x53,0x64,0x53,0x65,0x63,0x75,0x72,0x69,0x74,0x79,0x3a,0x20,0x25,0x64,
0x0d,0x0a,0x0d,0x0a,0x00,0x00,0x00,0x00,0x7c,0x2d,0x44,0x61,0x74,0x53,0x74,0x61,
0x74,0x41,0x66,0x74,0x65,0x72,0x45,0x72,0x61,0x73,0x65,0x3a,0x20,0x25,0x64,0x0d,
0x0a,0x0d,0x0a,0x00,0x00,0x00,0x00,0x00,0x7c,0x2d,0x53,0x64,0x53,0x70,0x65,0x63,
0x3a,0x20,0x25,0x64,0x0d,0x0a,0x0d,0x0a,0x00,0x00,0x00,0x00,0x00,0x00,0x00,0x00,
0x7c,0x2d,0x53,0x63,0x72,0x53,0x74,0x72,0x75,0x63,0x74,0x75,0x72,0x65,0x3a,0x20,
0x25,0x64,0x0d,0x0a,0x0d,0x0a,0x00,0x00,0x50,0x72,0x6f,0x67,0x72,0x61,0x6d,0x00,
0x44,0x69,0x76,0x65,0x64,0x65,0x64,0x00,0x52,0x65,0x71,0x20,0x66,0x72,0x65,0x71,
0x20,0x25,0x64,0x20,0x4b,0x68,0x7a,0x2c,0x20,0x64,0x69,0x76,0x3a,0x20,0x25,0x64,
0x2c,0x20,0x6d,0x6f,0x64,0x3a,0x20,0x25,0x64,0x0d,0x0a,0x0d,0x0a,0x00,0x00,0x00,
0x43,0x75,0x72,0x20,0x66,0x72,0x65,0x71,0x20,0x69,0x73,0x20,0x64,0x65,0x66,0x61,
0x75,0x6c,0x74,0x20,0x34,0x30,0x30,0x4b,0x68,0x7a,0x0d,0x0a,0x0d,0x0a,0x00,0x00,
0x46,0x72,0x65,0x71,0x20,0x69,0x73,0x20,0x6c,0x61,0x72,0x67,0x65,0x20,0x74,0x68,
0x61,0x6e,0x20,0x69,0x6e,0x70,0x75,0x74,0x20,0x63,0x6c,0x6b,0x2c,0x20,0x73,0x65,
0x74,0x20,0x66,0x72,0x65,0x71,0x20,0x74,0x6f,0x20,0x69,0x6e,0x70,0x75,0x74,0x20,
0x63,0x6c,0x6b,0x20,0x25,0x64,0x20,0x4b,0x68,0x7a,0x0d,0x0a,0x0d,0x0a,0x00,0x00,
0x46,0x72,0x65,0x71,0x28,0x6e,0x6f,0x74,0x20,0x64,0x69,0x76,0x69,0x73,0x69,0x62,
0x6c,0x65,0x20,0x62,0x79,0x20,0x69,0x6e,0x70,0x75,0x74,0x20,0x63,0x6c,0x6b,0x29,
0x20,0x6e,0x65,0x65,0x64,0x20,0x74,0x6f,0x20,0x63,0x6f,0x6e,0x66,0x69,0x67,0x20,
0x25,0x64,0x20,0x4b,0x68,0x7a,0x20,0x65,0x71,0x75,0x65,0x61,0x6c,0x20,0x74,0x6f,
0x20,0x63,0x75,0x72,0x20,0x73,0x65,0x74,0x0d,0x0a,0x0d,0x0a,0x00,0x00,0x00,0x00,
0x46,0x72,0x65,0x71,0x20,0x69,0x73,0x20,0x6e,0x6f,0x74,0x20,0x64,0x69,0x76,0x69,
0x73,0x69,0x62,0x6c,0x65,0x20,0x62,0x79,0x20,0x69,0x6e,0x70,0x75,0x74,0x20,0x63,
0x6c,0x6b,0x2c,0x20,0x66,0x6c,0x6f,0x6f,0x72,0x20,0x74,0x68,0x69,0x73,0x20,0x66,
0x72,0x65,0x71,0x20,0x74,0x6f,0x20,0x25,0x64,0x20,0x4b,0x68,0x7a,0x0d,0x0a,0x0d,
0x0a,0x00,0x00,0x00,0x00,0x00,0x00,0x00,0x53,0x65,0x74,0x20,0x66,0x72,0x65,0x71,
0x20,0x74,0x6f,0x20,0x25,0x64,0x20,0x4b,0x68,0x7a,0x2c,0x20,0x64,0x69,0x76,0x69,
0x64,0x65,0x20,0x69,0x73,0x20,0x25,0x64,0x0d,0x0a,0x0d,0x0a,0x00,0x00,0x00,0x00,
0x52,0x65,0x71,0x75,0x65,0x73,0x74,0x20,0x72,0x65,0x71,0x20,0x25,0x64,0x20,0x4b,
0x68,0x7a,0x20,0x65,0x71,0x75,0x65,0x61,0x6c,0x20,0x74,0x6f,0x20,0x63,0x75,0x72,
0x20,0x73,0x65,0x74,0x0d,0x0a,0x0d,0x0a,0x00,0x00,0x00,0x00,0x00,0x00,0x00,0x00,
0x52,0x65,0x71,0x75,0x65,0x73,0x74,0x3a,0x20,0x25,0x64,0x20,0x4b,0x48,0x7a,0x2c,
0x20,0x53,0x65,0x74,0x3a,0x20,0x25,0x64,0x20,0x4b,0x48,0x7a,0x2c,0x20,0x44,0x69,
0x76,0x69,0x64,0x65,0x3a,0x20,0x25,0x64,0x20,0x0d,0x0a,0x0d,0x0a,0x00,0x00,0x00,
0x20,0x43,0x6c,0x6b,0x20,0x6d,0x6f,0x64,0x65,0x20,0x69,0x73,0x20,0x25,0x73,0x2c,
0x20,0x46,0x72,0x65,0x71,0x20,0x73,0x65,0x6c,0x20,0x69,0x73,0x20,0x25,0x64,0x0d,
0x0a,0x0d,0x0a,0x00,0x00,0x00,0x00,0x00,0x65,0x4d,0x4d,0x43,0x20,0x72,0x65,0x73,
0x65,0x74,0x20,0x63,0x6d,0x64,0x20,0x61,0x6e,0x64,0x20,0x64,0x61,0x74,0x61,0x20,
0x6c,0x69,0x6e,0x65,0x20,0x65,0x72,0x72,0x6f,0x72,0x0d,0x0a,0x0d,0x0a,0x00,0x00,
0x6d,0x6d,0x63,0x3d,0x25,0x70,0x20,0x64,0x75,0x70,0x6c,0x69,0x63,0x61,0x74,0x65,
0x20,0x72,0x65,0x67,0x69,0x73,0x74,0x65,0x72,0x20,0x63,0x61,0x6c,0x6c,0x62,0x61,
0x63,0x6b,0x3a,0x20,0x72,0x65,0x70,0x6c,0x61,0x63,0x65,0x20,0x6f,0x6c,0x64,0x3a,
0x25,0x70,0x20,0x77,0x69,0x74,0x68,0x20,0x4e,0x65,0x77,0x3a,0x20,0x25,0x70,0x0d,
0x0a,0x0d,0x0a,0x00,0x00,0x00,0x00,0x00,0x57,0x41,0x52,0x4e,0x49,0x4e,0x47,0x3a,
0x20,0x57,0x72,0x69,0x74,0x65,0x20,0x61,0x64,0x64,0x72,0x20,0x25,0x70,0x0d,0x0a,
0x0d,0x0a,0x00,0x00,0x00,0x00,0x00,0x00,0x57,0x72,0x69,0x74,0x65,0x20,0x61,0x64,
0x64,0x72,0x3a,0x20,0x25,0x70,0x2c,0x20,0x4f,0x66,0x66,0x73,0x65,0x74,0x3a,0x20,
0x25,0x64,0x2c,0x20,0x42,0x6c,0x6b,0x43,0x6e,0x74,0x20,0x3d,0x20,0x25,0x64,0x0d,
0x0a,0x0d,0x0a,0x00,0x00,0x00,0x00,0x00,0x49,0x6e,0x76,0x61,0x6c,0x69,0x64,0x61,
0x74,0x65,0x20,0x73,0x74,0x61,0x72,0x74,0x3a,0x20,0x30,0x78,0x25,0x6c,0x78,0x2c,
0x20,0x65,0x6e,0x64,0x3a,0x20,0x30,0x78,0x25,0x6c,0x78,0x0d,0x0a,0x0d,0x0a,0x00,
0x57,0x41,0x52,0x4e,0x49,0x4e,0x47,0x3a,0x20,0x52,0x65,0x61,0x64,0x20,0x61,0x64,
0x64,0x72,0x20,0x25,0x70,0x0d,0x0a,0x0d,0x0a,0x00,0x00,0x00,0x00,0x00,0x00,0x00,
0x52,0x65,0x61,0x64,0x20,0x61,0x64,0x64,0x72,0x3a,0x20,0x25,0x70,0x2c,0x20,0x4f,
0x66,0x66,0x73,0x65,0x74,0x3a,0x20,0x30,0x78,0x25,0x78,0x2c,0x20,0x42,0x6c,0x6b,
0x43,0x6e,0x74,0x20,0x3d,0x20,0x25,0x64,0x0d,0x0a,0x0d,0x0a,0x00,0x00,0x00,0x00,
0x43,0x6f,0x6e,0x66,0x69,0x67,0x20,0x62,0x75,0x73,0x20,0x77,0x69,0x64,0x74,0x68,
0x20,0x25,0x64,0x2d,0x62,0x69,0x74,0x20,0x6e,0x6f,0x74,0x20,0x73,0x75,0x70,0x70,
0x6f,0x72,0x74,0x2c,0x20,0x6d,0x6f,0x64,0x69,0x66,0x79,0x20,0x74,0x6f,0x20,0x25,
0x64,0x2d,0x62,0x69,0x74,0x0d,0x0a,0x0d,0x0a,0x00,0x00,0x00,0x00,0x00,0x00,0x00,
0x43,0x61,0x72,0x64,0x20,0x73,0x75,0x70,0x70,0x6f,0x72,0x74,0x20,0x62,0x75,0x73,
0x20,0x77,0x69,0x64,0x74,0x68,0x20,0x34,0x2d,0x62,0x69,0x74,0x0d,0x0a,0x0d,0x0a,
0x00,0x00,0x00,0x00,0x00,0x00,0x00,0x00,0x43,0x61,0x72,0x64,0x20,0x6f,0x6e,0x6c,
0x79,0x20,0x73,0x75,0x70,0x70,0x6f,0x72,0x74,0x20,0x62,0x75,0x73,0x20,0x77,0x69,
0x64,0x74,0x68,0x20,0x25,0x64,0x2d,0x62,0x69,0x74,0x2c,0x20,0x62,0x75,0x73,0x20,
0x77,0x69,0x64,0x74,0x68,0x3a,0x30,0x78,0x25,0x78,0x0d,0x0a,0x0d,0x0a,0x00,0x00,
0x48,0x6f,0x73,0x74,0x20,0x6e,0x6f,0x74,0x20,0x73,0x75,0x70,0x70,0x6f,0x72,0x74,
0x20,0x38,0x2d,0x62,0x69,0x74,0x2c,0x20,0x73,0x65,0x74,0x20,0x74,0x6f,0x20,0x34,
0x2d,0x62,0x69,0x74,0x0d,0x0a,0x0d,0x0a,0x00,0x00,0x00,0x00,0x00,0x00,0x00,0x00,
0x55,0x6e,0x73,0x75,0x70,0x70,0x6f,0x72,0x74,0x20,0x53,0x44,0x20,0x43,0x6d,0x64,
0x36,0x20,0x66,0x75,0x6e,0x63,0x0d,0x0a,0x0d,0x0a,0x00,0x00,0x00,0x00,0x00,0x00,
0x53,0x77,0x69,0x74,0x63,0x68,0x20,0x25,0x64,0x2d,0x62,0x69,0x74,0x20,0x65,0x72,
0x72,0x6f,0x72,0x0d,0x0a,0x0d,0x0a,0x00,0x4c,0x6f,0x77,0x20,0x76,0x65,0x72,0x20,
0x53,0x44,0x20,0x63,0x61,0x72,0x64,0x2c,0x20,0x73,0x65,0x74,0x20,0x74,0x6f,0x20,
0x64,0x65,0x66,0x61,0x75,0x6c,0x74,0x20,0x73,0x70,0x65,0x65,0x64,0x0d,0x0a,0x0d,
0x0a,0x00,0x00,0x00,0x00,0x00,0x00,0x00,0x55,0x6e,0x73,0x75,0x70,0x70,0x6f,0x72,
0x74,0x20,0x65,0x4d,0x4d,0x43,0x20,0x43,0x6d,0x64,0x36,0x20,0x66,0x75,0x6e,0x63,
0x0d,0x0a,0x0d,0x0a,0x00,0x00,0x00,0x00,0x65,0x4d,0x4d,0x43,0x20,0x73,0x65,0x74,
0x20,0x62,0x75,0x73,0x20,0x73,0x70,0x65,0x65,0x64,0x20,0x65,0x72,0x72,0x2c,0x20,
0x73,0x70,0x64,0x20,0x6d,0x6f,0x64,0x65,0x3a,0x20,0x25,0x64,0x20,0x68,0x73,0x20,
0x74,0x69,0x6d,0x69,0x6e,0x67,0x3a,0x20,0x25,0x64,0x0d,0x0a,0x0d,0x0a,0x00,0x00,
0x65,0x4d,0x4d,0x43,0x20,0x74,0x75,0x6e,0x69,0x6e,0x67,0x20,0x64,0x61,0x74,0x61,
0x20,0x77,0x72,0x69,0x74,0x65,0x20,0x1b,0x5b,0x33,0x31,0x6d,0x66,0x61,0x69,0x6c,
0x1b,0x5b,0x30,0x6d,0x3a,0x20,0x30,0x78,0x25,0x78,0x0d,0x0a,0x0d,0x0a,0x00,0x00,
0x65,0x4d,0x4d,0x43,0x20,0x74,0x75,0x6e,0x69,0x6e,0x67,0x20,0x64,0x61,0x74,0x61,
0x20,0x72,0x65,0x61,0x64,0x20,0x1b,0x5b,0x33,0x31,0x6d,0x66,0x61,0x69,0x6c,0x1b,
0x5b,0x30,0x6d,0x3a,0x20,0x30,0x78,0x25,0x78,0x0d,0x0a,0x0d,0x0a,0x00,0x00,0x00,
0x65,0x4d,0x4d,0x43,0x20,0x74,0x75,0x6e,0x69,0x6e,0x67,0x20,0x64,0x61,0x74,0x61,
0x20,0x63,0x68,0x65,0x63,0x6b,0x20,0x1b,0x5b,0x33,0x31,0x6d,0x66,0x61,0x69,0x6c,
0x1b,0x5b,0x30,0x6d,0x3a,0x20,0x30,0x78,0x25,0x78,0x0d,0x0a,0x0d,0x0a,0x00,0x00,
0x4d,0x4d,0x43,0x20,0x63,0x68,0x65,0x63,0x6b,0x20,0x72,0x78,0x20,0x63,0x6c,0x6b,
0x20,0x70,0x68,0x61,0x73,0x65,0x20,0x25,0x64,0x3a,0x20,0x1b,0x5b,0x33,0x31,0x6d,
0x66,0x61,0x69,0x6c,0x1b,0x5b,0x30,0x6d,0x0d,0x0a,0x0d,0x0a,0x00,0x00,0x00,0x00,
0x4d,0x4d,0x43,0x20,0x63,0x68,0x65,0x63,0x6b,0x20,0x72,0x78,0x20,0x63,0x6c,0x6b,
0x20,0x70,0x68,0x61,0x73,0x65,0x20,0x25,0x64,0x3a,0x20,0x1b,0x5b,0x33,0x32,0x6d,
0x73,0x75,0x63,0x63,0x65,0x73,0x73,0x1b,0x5b,0x30,0x6d,0x0d,0x0a,0x0d,0x0a,0x00,
0x77,0x69,0x6e,0x64,0x6f,0x77,0x3a,0x20,0x73,0x74,0x61,0x72,0x74,0x20,0x2d,0x20,
0x25,0x64,0x2c,0x20,0x4d,0x69,0x64,0x64,0x6c,0x65,0x20,0x2d,0x20,0x25,0x64,0x2c,
0x20,0x65,0x6e,0x64,0x20,0x2d,0x20,0x25,0x64,0x0d,0x0a,0x0d,0x0a,0x00,0x00,0x00,
0x41,0x6c,0x6c,0x20,0x70,0x68,0x61,0x73,0x65,0x20,0x61,0x76,0x61,0x69,0x6c,0x61,
0x62,0x6c,0x65,0x2c,0x20,0x73,0x65,0x6c,0x65,0x63,0x74,0x20,0x64,0x65,0x66,0x61,
0x75,0x6c,0x74,0x20,0x70,0x68,0x61,0x73,0x65,0x20,0x30,0x0d,0x0a,0x0d,0x0a,0x00,
0x77,0x69,0x6e,0x64,0x6f,0x77,0x3a,0x20,0x73,0x74,0x61,0x72,0x74,0x20,0x2d,0x20,
0x25,0x64,0x2c,0x20,0x6d,0x69,0x64,0x64,0x6c,0x65,0x20,0x2d,0x20,0x25,0x64,0x2c,
0x20,0x65,0x6e,0x64,0x20,0x2d,0x20,0x25,0x64,0x0d,0x0a,0x0d,0x0a,0x00,0x00,0x00,
0x53,0x65,0x6c,0x65,0x63,0x74,0x20,0x62,0x65,0x73,0x74,0x20,0x72,0x78,0x20,0x63,
0x6c,0x6b,0x20,0x70,0x68,0x61,0x73,0x65,0x20,0x1b,0x5b,0x33,0x32,0x6d,0x25,0x64,
0x1b,0x5b,0x30,0x6d,0x0d,0x0a,0x0d,0x0a,0x00,0x00,0x00,0x00,0x00,0x00,0x00,0x00,
0x65,0x4d,0x4d,0x43,0x00,0x00,0x00,0x00,0x53,0x44,0x00,0x00,0x00,0x00,0x00,0x00,
0x59,0x45,0x53,0x00,0x00,0x00,0x00,0x00,0x4e,0x4f,0x00,0x00,0x00,0x00,0x00,0x00,
0x52,0x65,0x71,0x75,0x65,0x73,0x74,0x20,0x69,0x6e,0x70,0x75,0x74,0x20,0x63,0x6c,
0x6b,0x20,0x25,0x64,0x20,0x48,0x7a,0x2c,0x20,0x49,0x4f,0x20,0x63,0x6c,0x6b,0x20,
0x25,0x64,0x20,0x48,0x7a,0x0d,0x0a,0x0d,0x0a,0x00,0x00,0x00,0x00,0x00,0x00,0x00,
0x49,0x6e,0x76,0x61,0x6c,0x69,0x64,0x20,0x63,0x61,0x72,0x64,0x20,0x74,0x79,0x70,
0x65,0x20,0x63,0x6f,0x6e,0x66,0x69,0x67,0x0d,0x0a,0x0d,0x0a,0x00,0x00,0x00,0x00,
0x49,0x64,0x65,0x6e,0x74,0x69,0x66,0x79,0x20,0x43,0x61,0x72,0x64,0x20,0x66,0x61,
0x69,0x6c,0x65,0x64,0x2c,0x20,0x65,0x72,0x72,0x20,0x63,0x6f,0x64,0x65,0x20,0x30,
0x78,0x25,0x78,0x0d,0x0a,0x0d,0x0a,0x00,0x49,0x64,0x65,0x6e,0x74,0x69,0x66,0x79,
0x20,0x43,0x61,0x72,0x64,0x20,0x69,0x73,0x20,0x25,0x73,0x0d,0x0a,0x0d,0x0a,0x00,
0x49,0x6e,0x76,0x61,0x6c,0x69,0x64,0x20,0x6f,0x72,0x20,0x6e,0x6f,0x74,0x20,0x73,
0x75,0x70,0x70,0x6f,0x72,0x74,0x20,0x63,0x61,0x72,0x64,0x0d,0x0a,0x0d,0x0a,0x00,
0x43,0x61,0x72,0x64,0x20,0x25,0x73,0x20,0x49,0x6e,0x69,0x74,0x20,0x65,0x72,0x72,
0x6f,0x72,0x2c,0x20,0x65,0x72,0x72,0x20,0x63,0x6f,0x64,0x65,0x20,0x30,0x78,0x25,
0x78,0x0d,0x0a,0x0d,0x0a,0x00,0x00,0x00,0x2d,0x2d,0x2d,0x2d,0x2d,0x2d,0x2d,0x2d,
0x2d,0x2d,0x43,0x61,0x72,0x64,0x20,0x49,0x6e,0x66,0x6f,0x2d,0x2d,0x2d,0x2d,0x2d,
0x2d,0x2d,0x2d,0x2d,0x2d,0x0d,0x0a,0x0d,0x0a,0x00,0x00,0x00,0x00,0x00,0x00,0x00,
0x7c,0x2d,0x44,0x65,0x76,0x69,0x63,0x65,0x3a,0x20,0x6d,0x6d,0x63,0x40,0x30,0x78,
0x25,0x78,0x0d,0x0a,0x0d,0x0a,0x00,0x00,0x7c,0x2d,0x4d,0x61,0x6e,0x75,0x66,0x61,
0x63,0x74,0x75,0x72,0x65,0x72,0x20,0x49,0x44,0x3a,0x20,0x30,0x78,0x25,0x78,0x0d,
0x0a,0x0d,0x0a,0x00,0x00,0x00,0x00,0x00,0x7c,0x2d,0x4f,0x45,0x4d,0x3a,0x20,0x30,
0x78,0x25,0x78,0x0d,0x0a,0x0d,0x0a,0x00,0x7c,0x2d,0x4e,0x61,0x6d,0x65,0x3a,0x20,
0x25,0x63,0x25,0x63,0x25,0x63,0x25,0x63,0x25,0x63,0x0d,0x0a,0x0d,0x0a,0x00,0x00,
0x7c,0x2d,0x4e,0x61,0x6d,0x65,0x3a,0x20,0x25,0x63,0x25,0x63,0x25,0x63,0x25,0x63,
0x25,0x63,0x25,0x63,0x0d,0x0a,0x0d,0x0a,0x00,0x00,0x00,0x00,0x00,0x00,0x00,0x00,
0x7c,0x2d,0x42,0x75,0x73,0x20,0x53,0x70,0x65,0x65,0x64,0x3a,0x20,0x25,0x64,0x20,
0x4b,0x48,0x7a,0x0d,0x0a,0x0d,0x0a,0x00,0x7c,0x2d,0x42,0x75,0x73,0x20,0x57,0x69,
0x64,0x74,0x68,0x3a,0x20,0x25,0x64,0x2d,0x62,0x69,0x74,0x0d,0x0a,0x0d,0x0a,0x00,
0x7c,0x2d,0x54,0x75,0x6e,0x69,0x6e,0x67,0x20,0x4f,0x66,0x66,0x73,0x65,0x74,0x3a,
0x20,0x25,0x64,0x0d,0x0a,0x0d,0x0a,0x00,0x7c,0x2d,0x44,0x4d,0x41,0x20,0x4d,0x6f,
0x64,0x65,0x3a,0x20,0x25,0x73,0x0d,0x0a,0x0d,0x0a,0x00,0x00,0x00,0x00,0x00,0x00,
0x7c,0x2d,0x4d,0x6f,0x64,0x65,0x3a,0x20,0x25,0x73,0x0d,0x0a,0x0d,0x0a,0x00,0x00,
0x7c,0x2d,0x52,0x64,0x20,0x42,0x6c,0x6f,0x63,0x6b,0x20,0x4c,0x65,0x6e,0x3a,0x20,
0x25,0x64,0x0d,0x0a,0x0d,0x0a,0x00,0x00,0x7c,0x2d,0x56,0x65,0x72,0x73,0x69,0x6f,
0x6e,0x3a,0x20,0x25,0x64,0x0d,0x0a,0x0d,0x0a,0x00,0x00,0x00,0x00,0x00,0x00,0x00,
0x7c,0x2d,0x48,0x69,0x67,0x68,0x20,0x43,0x61,0x70,0x61,0x63,0x69,0x74,0x79,0x3a,
0x20,0x25,0x73,0x0d,0x0a,0x0d,0x0a,0x00,0x7c,0x2d,0x43,0x61,0x70,0x61,0x63,0x69,
0x74,0x79,0x3a,0x20,0x25,0x64,0x2e,0x25,0x64,0x47,0x42,0x0d,0x0a,0x0d,0x0a,0x00,
0x2d,0x2d,0x2d,0x2d,0x2d,0x2d,0x2d,0x2d,0x2d,0x2d,0x2d,0x2d,0x2d,0x2d,0x2d,0x2d,
0x2d,0x2d,0x2d,0x2d,0x2d,0x2d,0x2d,0x2d,0x2d,0x2d,0x2d,0x2d,0x2d,0x0d,0x0a,0x0d,
0x0a,0x00,0x00,0x00,0x00,0x00,0x00,0x00,0x53,0x44,0x4d,0x41,0x00,0x00,0x00,0x00,
0x4e,0x4f,0x4e,0x45,0x00,0x00,0x00,0x00,0x41,0x44,0x4d,0x41,0x32,0x00,0x00,0x00,
0x41,0x44,0x4d,0x41,0x33,0x00,0x00,0x00,0x64,0x65,0x66,0x61,0x75,0x6c,0x74,0x20,
0x73,0x70,0x65,0x65,0x64,0x20,0x6f,0x72,0x20,0x73,0x64,0x72,0x31,0x32,0x00,0x00,
0x68,0x69,0x67,0x68,0x20,0x73,0x70,0x65,0x65,0x64,0x20,0x6f,0x72,0x20,0x73,0x64,
0x72,0x32,0x35,0x00,0x00,0x00,0x00,0x00,0x73,0x64,0x72,0x35,0x30,0x00,0x00,0x00,
0x73,0x64,0x72,0x31,0x30,0x34,0x20,0x6f,0x72,0x20,0x68,0x73,0x32,0x30,0x30,0x00,
0x64,0x64,0x72,0x35,0x30,0x00,0x00,0x00,0x75,0x68,0x73,0x69,0x69,0x20,0x6f,0x72,
0x20,0x68,0x73,0x34,0x30,0x30,0x00,0x00,0x00,0x01,0x01,0x02,0x02,0x03,0x04,0x04,
0x05,0x06,0x06,0x07,0x08,0x08,0x09,0x09,0x68,0xb8,0x00,0x61,0x00,0x00,0x00,0x00,
0x70,0xb8,0x00,0x61,0x00,0x00,0x00,0x00,0x78,0xb8,0x00,0x61,0x00,0x00,0x00,0x00,
0x80,0xb8,0x00,0x61,0x00,0x00,0x00,0x00,0x88,0xb8,0x00,0x61,0x00,0x00,0x00,0x00,
0xa0,0xb8,0x00,0x61,0x00,0x00,0x00,0x00,0xb8,0xb8,0x00,0x61,0x00,0x00,0x00,0x00,
0xc0,0xb8,0x00,0x61,0x00,0x00,0x00,0x00,0xd0,0xb8,0x00,0x61,0x00,0x00,0x00,0x00,
0x00,0x00,0x00,0x00,0x00,0x00,0x00,0x00,0x00,0x00,0x00,0x00,0x00,0x00,0x00,0x00,
0xd8,0xb8,0x00,0x61,0x00,0x00,0x00,0x00,0x55,0x61,0x72,0x74,0x20,0x65,0x78,0x70,
0x65,0x72,0x69,0x65,0x6e,0x63,0x65,0x64,0x20,0x61,0x20,0x6d,0x6f,0x64,0x65,0x6d,
0x20,0x73,0x74,0x61,0x74,0x75,0x73,0x20,0x69,0x6e,0x74,0x65,0x72,0x72,0x75,0x70,
0x74,0x2e,0x20,0x0d,0x0a,0x0d,0x0a,0x00,0x55,0x61,0x72,0x74,0x20,0x72,0x65,0x63,
0x65,0x69,0x76,0x65,0x20,0x65,0x72,0x72,0x6f,0x72,0x20,0x30,0x78,0x25,0x78,0x20,
0x2e,0x0d,0x0a,0x0d,0x0a,0x00,0x00,0x00,0x41,0x6c,0x20,0x75,0x61,0x72,0x74,0x20,
0x63,0x61,0x6e,0x6e,0x6f,0x74,0x20,0x73,0x65,0x74,0x20,0x62,0x61,0x75,0x64,0x72,
0x61,0x74,0x65,0x20,0x77,0x72,0x69,0x74,0x74,0x65,0x6e,0x20,0x77,0x68,0x69,0x6c,
0x65,0x20,0x74,0x68,0x65,0x20,0x55,0x41,0x52,0x54,0x20,0x69,0x73,0x20,0x62,0x75,
0x73,0x79,0x0d,0x0a,0x00,0x00,0x00,0x00,0x41,0x6c,0x20,0x75,0x61,0x72,0x74,0x20,
0x63,0x61,0x6e,0x6e,0x6f,0x74,0x20,0x73,0x65,0x74,0x20,0x6c,0x69,0x6e,0x65,0x20,
0x63,0x6f,0x6e,0x74,0x72,0x6f,0x6c,0x20,0x77,0x72,0x69,0x74,0x74,0x65,0x6e,0x20,
0x77,0x68,0x69,0x6c,0x65,0x20,0x74,0x68,0x65,0x20,0x55,0x41,0x52,0x54,0x20,0x69,
0x73,0x20,0x62,0x75,0x73,0x79,0x0d,0x0a,0x00,0x00,0x00,0x00,0x00,0x00,0x00,0x00,
0x00,0xc2,0x01,0x00,0x03,0x00,0x00,0x00,0x00,0x00,0x00,0x00,0x00,0x00,0x00,0x00,
0x00,0x00,0x00,0x00,0x01,0x00,0x00,0x00,0x30,0x31,0x32,0x33,0x34,0x35,0x36,0x37,
0x38,0x39,0x41,0x42,0x43,0x44,0x45,0x46,0x00,0x00,0x00,0x00,0xb2,0xa3,0xff,0xff,
0x08,0xa3,0xff,0xff,0x08,0xa3,0xff,0xff,0x08,0xa3,0xff,0xff,0x08,0xa3,0xff,0xff,
0x08,0xa3,0xff,0xff,0x08,0xa3,0xff,0xff,0x08,0xa3,0xff,0xff,0x62,0xa3,0xff,0xff,
0x26,0xa4,0xff,0xff,0x08,0xa3,0xff,0xff,0x08,0xa3,0xff,0xff,0x08,0xa3,0xff,0xff,
0x08,0xa3,0xff,0xff,0x08,0xa3,0xff,0xff,0x08,0xa3,0xff,0xff,0x08,0xa3,0xff,0xff,
0x08,0xa3,0xff,0xff,0x08,0xa3,0xff,0xff,0x08,0xa3,0xff,0xff,0x08,0xa3,0xff,0xff,
0x08,0xa3,0xff,0xff,0x08,0xa3,0xff,0xff,0x08,0xa3,0xff,0xff,0x08,0xa3,0xff,0xff,
0x08,0xa3,0xff,0xff,0x08,0xa3,0xff,0xff,0x08,0xa3,0xff,0xff,0x08,0xa3,0xff,0xff,
0x08,0xa3,0xff,0xff,0x08,0xa3,0xff,0xff,0x08,0xa3,0xff,0xff,0x08,0xa3,0xff,0xff,
0x08,0xa3,0xff,0xff,0x08,0xa3,0xff,0xff,0x08,0xa3,0xff,0xff,0x08,0xa3,0xff,0xff,
0x08,0xa3,0xff,0xff,0x08,0xa3,0xff,0xff,0x08,0xa3,0xff,0xff,0x08,0xa3,0xff,0xff,
0x08,0xa3,0xff,0xff,0x08,0xa3,0xff,0xff,0x08,0xa3,0xff,0xff,0x08,0xa3,0xff,0xff,
0x08,0xa3,0xff,0xff,0x08,0xa3,0xff,0xff,0x08,0xa3,0xff,0xff,0x08,0xa3,0xff,0xff,
0x08,0xa3,0xff,0xff,0x08,0xa3,0xff,0xff,0x0c,0xa3,0xff,0xff,0x08,0xa3,0xff,0xff,
0x08,0xa3,0xff,0xff,0x08,0xa3,0xff,0xff,0xbe,0xa3,0xff,0xff,0x08,0xa3,0xff,0xff,
0x08,0xa3,0xff,0xff,0x08,0xa3,0xff,0xff,0x08,0xa3,0xff,0xff,0x08,0xa3,0xff,0xff,
0x08,0xa3,0xff,0xff,0x2c,0xa3,0xff,0xff,0xf2,0xa2,0xff,0xff,0x08,0xa3,0xff,0xff,
0x08,0xa3,0xff,0xff,0x08,0xa3,0xff,0xff,0x08,0xa3,0xff,0xff,0xf2,0xa2,0xff,0xff,
0x08,0xa3,0xff,0xff,0x08,0xa3,0xff,0xff,0x20,0xa4,0xff,0xff,0x08,0xa3,0xff,0xff,
0x08,0xa3,0xff,0xff,0x08,0xa3,0xff,0xff,0x4c,0xa3,0xff,0xff,0x08,0xa3,0xff,0xff,
0x08,0xa3,0xff,0xff,0x3a,0xa3,0xff,0xff,0x08,0xa3,0xff,0xff,0xee,0xa2,0xff,0xff,
0x08,0xa3,0xff,0xff,0x08,0xa3,0xff,0xff,0x0c,0xa3,0xff,0xff,0x00,0x00,0x00,0x00,
0x00,0xc2,0x01,0x00,0x03,0x00,0x00,0x00,0x00,0x00,0x00,0x00,0x00,0x00,0x00,0x00,
0x00,0x00,0x00,0x00,0x01,0x00,0x00,0x00,0x49,0x4e,0x46,0x00,0x00,0x00,0x00,0x00,
0x69,0x6e,0x66,0x00,0x00,0x00,0x00,0x00,0x4e,0x41,0x4e,0x00,0x00,0x00,0x00,0x00,
0x6e,0x61,0x6e,0x00,0x00,0x00,0x00,0x00,0x30,0x00,0x00,0x00,0x00,0x00,0x00,0x00,
0x30,0x31,0x32,0x33,0x34,0x35,0x36,0x37,0x38,0x39,0x61,0x62,0x63,0x64,0x65,0x66,
0x00,0x00,0x00,0x00,0xa2,0xb2,0xff,0xff,0xb8,0xb2,0xff,0xff,0x78,0xb2,0xff,0xff,
0x78,0xb2,0xff,0xff,0x78,0xb2,0xff,0xff,0x78,0xb2,0xff,0xff,0xb8,0xb2,0xff,0xff,
0x78,0xb2,0xff,0xff,0x78,0xb2,0xff,0xff,0x78,0xb2,0xff,0xff,0x78,0xb2,0xff,0xff,
0x26,0xb4,0xff,0xff,0xf8,0xb2,0xff,0xff,0xf0,0xb3,0xff,0xff,0x78,0xb2,0xff,0xff,
0x78,0xb2,0xff,0xff,0x64,0xb4,0xff,0xff,0x78,0xb2,0xff,0xff,0xf8,0xb2,0xff,0xff,
0x78,0xb2,0xff,0xff,0x78,0xb2,0xff,0xff,0xf8,0xb3,0xff,0xff,0x00,0x00,0x00,0x00,
0x49,0x6e,0x66,0x69,0x6e,0x69,0x74,0x79,0x00,0x00,0x00,0x00,0x00,0x00,0x00,0x00,
0x4e,0x61,0x4e,0x00,0x00,0x00,0x00,0x00,0x52,0x45,0x45,0x4e,0x54,0x20,0x6d,0x61,
0x6c,0x6c,0x6f,0x63,0x20,0x73,0x75,0x63,0x63,0x65,0x65,0x64,0x65,0x64,0x00,0x00,
0x2f,0x68,0x6f,0x6d,0x65,0x2f,0x72,0x69,0x73,0x63,0x2f,0x39,0x6b,0x5f,0x74,0x6f,
0x6f,0x6c,0x63,0x68,0x61,0x69,0x6e,0x2f,0x72,0x69,0x73,0x63,0x76,0x2d,0x67,0x6e,
0x75,0x2d,0x74,0x6f,0x6f,0x6c,0x63,0x68,0x61,0x69,0x6e,0x2f,0x6e,0x65,0x77,0x6c,
0x69,0x62,0x2f,0x6e,0x65,0x77,0x6c,0x69,0x62,0x2f,0x6c,0x69,0x62,0x63,0x2f,0x73,
0x74,0x64,0x6c,0x69,0x62,0x2f,0x64,0x74,0x6f,0x61,0x2e,0x63,0x00,0x00,0x00,0x00,
0x42,0x61,0x6c,0x6c,0x6f,0x63,0x20,0x73,0x75,0x63,0x63,0x65,0x65,0x64,0x65,0x64,
0x00,0x00,0x00,0x00,0x00,0x00,0x00,0x00,0x00,0x00,0x00,0x00,0x00,0x00,0x00,0x00,
0x00,0x00,0x00,0x00,0x00,0x00,0x00,0x00,0x00,0x00,0x00,0x00,0x00,0x00,0x00,0x00,
0x00,0x00,0x00,0x00,0x00,0x00,0x00,0x00,0x00,0x00,0x00,0x00,0x00,0x00,0x00,0x00,
0x00,0x00,0x00,0x00,0x00,0x00,0x00,0x00,0x00,0x00,0x00,0x00,0x00,0x00,0x00,0x00,
0x00,0x00,0x00,0x00,0x00,0x00,0x00,0x00,0x00,0x00,0x00,0x00,0x00,0x00,0x00,0x00,
0x00,0x00,0x00,0x00,0x00,0x00,0x00,0x00,0x00,0x00,0x00,0x00,0x00,0x00,0x00,0x00,
0x00,0x00,0x00,0x00,0x00,0x00,0x00,0x00,0x00,0x00,0x00,0x00,0x00,0x00,0x00,0x00,
0x00,0x00,0x00,0x00,0x00,0x00,0x00,0x00,0x00,0x00,0x00,0x00,0x00,0x00,0x00,0x00,
0x00,0x00,0x00,0x00,0x00,0x00,0x00,0x00,0x00,0x00,0x00,0x00,0x00,0x00,0x00,0x00,
0x00,0x00,0x00,0x00,0x00,0x00,0x00,0x00,0x00,0x00,0x00,0x00,0x00,0x00,0x00,0x00,
0x00,0x00,0x00,0x00,0x00,0x00,0x00,0x00,0x00,0x00,0x00,0x00,0x00,0x00,0x00,0x00,
0x43,0x00,0x00,0x00,0x00,0x00,0x00,0x00,0x50,0x4f,0x53,0x49,0x58,0x00,0x00,0x00,
0x2e,0x00,0x00,0x00,0x00,0x00,0x00,0x00,0x2f,0x68,0x6f,0x6d,0x65,0x2f,0x72,0x69,
0x73,0x63,0x2f,0x39,0x6b,0x5f,0x74,0x6f,0x6f,0x6c,0x63,0x68,0x61,0x69,0x6e,0x2f,
0x72,0x69,0x73,0x63,0x76,0x2d,0x67,0x6e,0x75,0x2d,0x74,0x6f,0x6f,0x6c,0x63,0x68,
0x61,0x69,0x6e,0x2f,0x6e,0x65,0x77,0x6c,0x69,0x62,0x2f,0x6e,0x65,0x77,0x6c,0x69,
0x62,0x2f,0x6c,0x69,0x62,0x63,0x2f,0x73,0x74,0x64,0x6c,0x69,0x62,0x2f,0x6d,0x70,
0x72,0x65,0x63,0x2e,0x63,0x00,0x00,0x00,0x00,0x80,0xe0,0x37,0x79,0xc3,0x41,0x43,
0x17,0x6e,0x05,0xb5,0xb5,0xb8,0x93,0x46,0xf5,0xf9,0x3f,0xe9,0x03,0x4f,0x38,0x4d,
0x32,0x1d,0x30,0xf9,0x48,0x77,0x82,0x5a,0x3c,0xbf,0x73,0x7f,0xdd,0x4f,0x15,0x75,
0x00,0x00,0x00,0x00,0x00,0x00,0xf0,0x3f,0x00,0x00,0x00,0x00,0x00,0x00,0x24,0x40,
0x00,0x00,0x00,0x00,0x00,0x00,0x59,0x40,0x00,0x00,0x00,0x00,0x00,0x40,0x8f,0x40,
0x00,0x00,0x00,0x00,0x00,0x88,0xc3,0x40,0x00,0x00,0x00,0x00,0x00,0x6a,0xf8,0x40,
0x00,0x00,0x00,0x00,0x80,0x84,0x2e,0x41,0x00,0x00,0x00,0x00,0xd0,0x12,0x63,0x41,
0x00,0x00,0x00,0x00,0x84,0xd7,0x97,0x41,0x00,0x00,0x00,0x00,0x65,0xcd,0xcd,0x41,
0x00,0x00,0x00,0x20,0x5f,0xa0,0x02,0x42,0x00,0x00,0x00,0xe8,0x76,0x48,0x37,0x42,
0x00,0x00,0x00,0xa2,0x94,0x1a,0x6d,0x42,0x00,0x00,0x40,0xe5,0x9c,0x30,0xa2,0x42,
0x00,0x00,0x90,0x1e,0xc4,0xbc,0xd6,0x42,0x00,0x00,0x34,0x26,0xf5,0x6b,0x0c,0x43,
0x00,0x80,0xe0,0x37,0x79,0xc3,0x41,0x43,0x00,0xa0,0xd8,0x85,0x57,0x34,0x76,0x43,
0x00,0xc8,0x4e,0x67,0x6d,0xc1,0xab,0x43,0x00,0x3d,0x91,0x60,0xe4,0x58,0xe1,0x43,
0x40,0x8c,0xb5,0x78,0x1d,0xaf,0x15,0x44,0x50,0xef,0xe2,0xd6,0xe4,0x1a,0x4b,0x44,
0x92,0xd5,0x4d,0x06,0xcf,0xf0,0x80,0x44,0xf6,0x4a,0xe1,0xc7,0x02,0x2d,0xb5,0x44,
0xb4,0x9d,0xd9,0x79,0x43,0x78,0xea,0x44,0x05,0x00,0x00,0x00,0x19,0x00,0x00,0x00,
0x7d,0x00,0x00,0x00,0x00,0x00,0x00,0x00,0x23,0x2d,0x30,0x2b,0x20,0x00,0x00,0x00,
0x68,0x6c,0x4c,0x00,0x00,0x00,0x00,0x00,0x65,0x66,0x67,0x45,0x46,0x47,0x00,0x00,
0x2c,0x20,0x66,0x75,0x6e,0x63,0x74,0x69,0x6f,0x6e,0x3a,0x20,0x00,0x00,0x00,0x00,
0x61,0x73,0x73,0x65,0x72,0x74,0x69,0x6f,0x6e,0x20,0x22,0x25,0x73,0x22,0x20,0x66,
0x61,0x69,0x6c,0x65,0x64,0x3a,0x20,0x66,0x69,0x6c,0x65,0x20,0x22,0x25,0x73,0x22,
0x2c,0x20,0x6c,0x69,0x6e,0x65,0x20,0x25,0x64,0x25,0x73,0x25,0x73,0x0a,0x00,0x00,
0x00,0x20,0x20,0x20,0x20,0x20,0x20,0x20,0x20,0x20,0x28,0x28,0x28,0x28,0x28,0x20,
0x20,0x20,0x20,0x20,0x20,0x20,0x20,0x20,0x20,0x20,0x20,0x20,0x20,0x20,0x20,0x20,
0x20,0x88,0x10,0x10,0x10,0x10,0x10,0x10,0x10,0x10,0x10,0x10,0x10,0x10,0x10,0x10,
0x10,0x04,0x04,0x04,0x04,0x04,0x04,0x04,0x04,0x04,0x04,0x10,0x10,0x10,0x10,0x10,
0x10,0x10,0x41,0x41,0x41,0x41,0x41,0x41,0x01,0x01,0x01,0x01,0x01,0x01,0x01,0x01,
0x01,0x01,0x01,0x01,0x01,0x01,0x01,0x01,0x01,0x01,0x01,0x01,0x10,0x10,0x10,0x10,
0x10,0x10,0x42,0x42,0x42,0x42,0x42,0x42,0x02,0x02,0x02,0x02,0x02,0x02,0x02,0x02,
0x02,0x02,0x02,0x02,0x02,0x02,0x02,0x02,0x02,0x02,0x02,0x02,0x10,0x10,0x10,0x10,
0x20,0x00,0x00,0x00,0x00,0x00,0x00,0x00,0x00,0x00,0x00,0x00,0x00,0x00,0x00,0x00,
0x00,0x00,0x00,0x00,0x00,0x00,0x00,0x00,0x00,0x00,0x00,0x00,0x00,0x00,0x00,0x00,
0x00,0x00,0x00,0x00,0x00,0x00,0x00,0x00,0x00,0x00,0x00,0x00,0x00,0x00,0x00,0x00,
0x00,0x00,0x00,0x00,0x00,0x00,0x00,0x00,0x00,0x00,0x00,0x00,0x00,0x00,0x00,0x00,
0x00,0x00,0x00,0x00,0x00,0x00,0x00,0x00,0x00,0x00,0x00,0x00,0x00,0x00,0x00,0x00,
0x00,0x00,0x00,0x00,0x00,0x00,0x00,0x00,0x00,0x00,0x00,0x00,0x00,0x00,0x00,0x00,
0x00,0x00,0x00,0x00,0x00,0x00,0x00,0x00,0x00,0x00,0x00,0x00,0x00,0x00,0x00,0x00,
0x00,0x00,0x00,0x00,0x00,0x00,0x00,0x00,0x00,0x00,0x00,0x00,0x00,0x00,0x00,0x00,
0x00,0x00,0x00,0x00,0x00,0x00,0x00,0x00,0x00,0x00,0x00,0x00,0x00,0x00,0x00,0x00,
0x00,0x9d,0x00,0x61,0x00,0x00,0x00,0x00,0x16,0xc9,0x1c,0x00,0xa1,0x14,0x00,0x00,
0x61,0x14,0x00,0x00,0x00,0x00,0x00,0x00,0xf4,0x10,0x00,0x61,0x00,0x00,0x00,0x00,
0x70,0x10,0x00,0x61,0x00,0x00,0x00,0x00,0xce,0x0f,0x00,0x61,0x00,0x00,0x00,0x00,
0x00,0x00,0x00,0x00,0x00,0x00,0x00,0x00,0x00,0x00,0x00,0x00,0x00,0x00,0x00,0x00,
0x10,0x9d,0x00,0x61,0x00,0x00,0x00,0x00,0x1a,0xe9,0x51,0x4f,0x61,0x03,0x00,0x00,
0x61,0x06,0x00,0x00,0x00,0x00,0x00,0x00,0x00,0x14,0x00,0x61,0x00,0x00,0x00,0x00,
0xd0,0x13,0x00,0x61,0x00,0x00,0x00,0x00,0x76,0x13,0x00,0x61,0x00,0x00,0x00,0x00,
0x00,0x00,0x00,0x00,0x00,0x00,0x00,0x00,0x00,0x00,0x00,0x00,0x00,0x00,0x00,0x00,
0x20,0x9d,0x00,0x61,0x00,0x00,0x00,0x00,0x1b,0xe9,0x51,0x4f,0x61,0x03,0x00,0x00,
0x21,0x06,0x00,0x00,0x00,0x00,0x00,0x00,0x9a,0x17,0x00,0x61,0x00,0x00,0x00,0x00,
0x6a,0x17,0x00,0x61,0x00,0x00,0x00,0x00,0x10,0x17,0x00,0x61,0x00,0x00,0x00,0x00,
0x00,0x00,0x00,0x00,0x00,0x00,0x00,0x00,0x00,0x00,0x00,0x00,0x00,0x00,0x00,0x00,
0x00,0x00,0x00,0x00,0x00,0x00,0x00,0x00,0x00,0x00,0x00,0x00,0x00,0x00,0x00,0x00,
0x02,0x00,0x00,0x00,0x00,0x00,0x00,0x00,0x01,0x00,0x00,0x00,0x00,0x00,0x00,0x00,
0x04,0x00,0x00,0x00,0x00,0x00,0x00,0x00,0x00,0x00,0x00,0x00,0x03,0x00,0x00,0x00,
0x00,0x00,0x00,0x00,0x00,0x00,0x00,0x00,0x00,0x00,0x00,0x00,0x00,0x00,0x00,0x00,
0x00,0x00,0x00,0x00,0x00,0x00,0x00,0x00,0x00,0x00,0x00,0x00,0x00,0x00,0x00,0x00,
0xff,0xff,0x00,0xff,0xff,0xff,0x00,0x00,0xff,0xff,0xcc,0xcc,0xcc,0x33,0xcc,0xcc,
0xcc,0x33,0x33,0xcc,0xcc,0xcc,0xff,0xff,0xff,0xee,0xff,0xff,0xff,0xee,0xee,0xff,
0xff,0xff,0xdd,0xff,0xff,0xff,0xdd,0xdd,0xff,0xff,0xff,0xbb,0xff,0xff,0xff,0xbb,
0xbb,0xff,0xff,0xff,0x77,0xff,0xff,0xff,0x77,0x77,0xff,0x77,0xbb,0xdd,0xee,0xff,
0xff,0xff,0xff,0x00,0xff,0xff,0xff,0x00,0x00,0xff,0xff,0xcc,0xcc,0xcc,0x33,0xcc,
0xcc,0xcc,0x33,0x33,0xcc,0xcc,0xcc,0xff,0xff,0xff,0xee,0xff,0xff,0xff,0xee,0xee,
0xff,0xff,0xff,0xdd,0xff,0xff,0xff,0xdd,0xdd,0xff,0xff,0xff,0xbb,0xff,0xff,0xff,
0xbb,0xbb,0xff,0xff,0xff,0x77,0xff,0xff,0xff,0x77,0x77,0xff,0x77,0xbb,0xdd,0xee,
0xff,0xff,0x00,0xff,0xff,0xff,0x00,0x00,0xff,0xff,0xcc,0xcc,0xcc,0x33,0xcc,0xcc,
0xcc,0x33,0x33,0xcc,0xcc,0xcc,0xff,0xff,0xff,0xee,0xff,0xff,0xff,0xee,0xee,0xff,
0xff,0xff,0xdd,0xff,0xff,0xff,0xdd,0xdd,0xff,0xff,0xff,0xbb,0xff,0xff,0xff,0xbb,
0xbb,0xff,0xff,0xff,0x77,0xff,0xff,0xff,0x77,0x77,0xff,0x77,0xbb,0xdd,0xee,0xff,
0xff,0xff,0xff,0x00,0xff,0xff,0xff,0x00,0x00,0xff,0xff,0xcc,0xcc,0xcc,0x33,0xcc,
0xcc,0xcc,0x33,0x33,0xcc,0xcc,0xcc,0xff,0xff,0xff,0xee,0xff,0xff,0xff,0xee,0xee,
0xff,0xff,0xff,0xdd,0xff,0xff,0xff,0xdd,0xdd,0xff,0xff,0xff,0xbb,0xff,0xff,0xff,
0xbb,0xbb,0xff,0xff,0xff,0x77,0xff,0xff,0xff,0x77,0x77,0xff,0x77,0xbb,0xdd,0xee,
0xff,0xff,0x00,0xff,0xff,0xff,0x00,0x00,0xff,0xff,0xcc,0xcc,0xcc,0x33,0xcc,0xcc,
0xcc,0x33,0x33,0xcc,0xcc,0xcc,0xff,0xff,0xff,0xee,0xff,0xff,0xff,0xee,0xee,0xff,
0xff,0xff,0xdd,0xff,0xff,0xff,0xdd,0xdd,0xff,0xff,0xff,0xbb,0xff,0xff,0xff,0xbb,
0xbb,0xff,0xff,0xff,0x77,0xff,0xff,0xff,0x77,0x77,0xff,0x77,0xbb,0xdd,0xee,0xff,
0xff,0xff,0xff,0x00,0xff,0xff,0xff,0x00,0x00,0xff,0xff,0xcc,0xcc,0xcc,0x33,0xcc,
0xcc,0xcc,0x33,0x33,0xcc,0xcc,0xcc,0xff,0xff,0xff,0xee,0xff,0xff,0xff,0xee,0xee,
0xff,0xff,0xff,0xdd,0xff,0xff,0xff,0xdd,0xdd,0xff,0xff,0xff,0xbb,0xff,0xff,0xff,
0xbb,0xbb,0xff,0xff,0xff,0x77,0xff,0xff,0xff,0x77,0x77,0xff,0x77,0xbb,0xdd,0xee,
0xff,0xff,0x00,0xff,0xff,0xff,0x00,0x00,0xff,0xff,0xcc,0xcc,0xcc,0x33,0xcc,0xcc,
0xcc,0x33,0x33,0xcc,0xcc,0xcc,0xff,0xff,0xff,0xee,0xff,0xff,0xff,0xee,0xee,0xff,
0xff,0xff,0xdd,0xff,0xff,0xff,0xdd,0xdd,0xff,0xff,0xff,0xbb,0xff,0xff,0xff,0xbb,
0xbb,0xff,0xff,0xff,0x77,0xff,0xff,0xff,0x77,0x77,0xff,0x77,0xbb,0xdd,0xee,0xff,
0xff,0xff,0xff,0x00,0xff,0xff,0xff,0x00,0x00,0xff,0xff,0xcc,0xcc,0xcc,0x33,0xcc,
0xcc,0xcc,0x33,0x33,0xcc,0xcc,0xcc,0xff,0xff,0xff,0xee,0xff,0xff,0xff,0xee,0xee,
0xff,0xff,0xff,0xdd,0xff,0xff,0xff,0xdd,0xdd,0xff,0xff,0xff,0xbb,0xff,0xff,0xff,
0xbb,0xbb,0xff,0xff,0xff,0x77,0xff,0xff,0xff,0x77,0x77,0xff,0x77,0xbb,0xdd,0xee,
0x00,0x00,0x00,0x00,0x00,0x90,0x04,0xf8,0x51,0x00,0x00,0x00,0x04,0x00,0x00,0x00,
0xc0,0xe7,0xd6,0x17,0xf8,0xdc,0xfa,0x02,0x01,0x00,0x00,0x00,0x01,0x00,0x00,0x00,
0x00,0x00,0x00,0x00,0x00,0x00,0x00,0x00,0x00,0x00,0x00,0x00,0x00,0x00,0x00,0x00,
0x00,0x00,0x00,0x00,0x00,0x00,0x00,0x00,0x00,0x00,0x00,0x00,0x00,0x00,0x00,0x00,
0x00,0x00,0x00,0x00,0x00,0x00,0x00,0x00,0x00,0x00,0x00,0x00,0x00,0x00,0x00,0x00,
0x01,0x00,0x00,0x00,0x00,0xa0,0x04,0xf8,0x52,0x00,0x00,0x00,0x04,0x00,0x00,0x00,
0xc0,0xe7,0xd6,0x17,0xf8,0xdc,0xfa,0x02,0x01,0x00,0x00,0x00,0x01,0x00,0x00,0x00,
0x00,0x00,0x00,0x00,0x00,0x00,0x00,0x00,0x00,0x00,0x00,0x00,0x00,0x00,0x00,0x00,
0x00,0x00,0x00,0x00,0x00,0x00,0x00,0x00,0x00,0x00,0x00,0x00,0x00,0x00,0x00,0x00,
0x00,0x00,0x00,0x00,0x00,0x00,0x00,0x00,0x00,0x00,0x00,0x00,0x00,0x00,0x00,0x00,
0x00,0x00,0x00,0x00,0x00,0x00,0x40,0xf8,0xf8,0xdc,0xfa,0x02,0x01,0x00,0x00,0x00,
0x59,0x00,0x00,0x00,0x01,0x00,0x00,0x00,0x00,0x10,0x40,0xf8,0xf8,0xdc,0xfa,0x02,
0x01,0x00,0x00,0x00,0x5a,0x00,0x00,0x00,0x00,0x00,0x00,0x00,0x00,0x00,0x00,0x00,
0x00,0x00,0x00,0x00,0x00,0x00,0x00,0x00,0x00,0x00,0x00,0x00,0x00,0x00,0x00,0x00,
0x00,0x00,0x00,0x00,0x00,0x00,0x00,0x00,0x00,0x00,0x00,0x00,0x00,0x00,0x00,0x00,
0x00,0x00,0x00,0x00,0x00,0x00,0x00,0x00,0x00,0x00,0x00,0x00,0x00,0x00,0x00,0x00,
0x00,0x00,0x00,0x00,0x00,0x00,0x00,0x00,0x00,0x00,0x00,0x00,0x00,0x00,0x00,0x00,
0x30,0xbd,0x00,0x61,0x00,0x00,0x00,0x00,0x68,0xbd,0x00,0x61,0x00,0x00,0x00,0x00,
0xf8,0xbc,0x00,0x61,0x00,0x00,0x00,0x00,0x00,0x00,0x00,0x00,0x00,0x00,0x00,0x00,
0x00,0x00,0x00,0x00,0x00,0x00,0x00,0x00,0x00,0x00,0x00,0x00,0x00,0x00,0x00,0x00,
0x00,0x00,0x00,0x00,0x00,0x00,0x00,0x00,0x00,0x00,0x00,0x00,0x00,0x00,0x00,0x00,
0x00,0x00,0x00,0x00,0x00,0x00,0x00,0x00,0x00,0x00,0x00,0x00,0x00,0x00,0x00,0x00,
0x00,0x00,0x00,0x00,0x00,0x00,0x00,0x00,0x00,0x00,0x00,0x00,0x00,0x00,0x00,0x00,
0x00,0x00,0x00,0x00,0x00,0x00,0x00,0x00,0x00,0x00,0x00,0x00,0x00,0x00,0x00,0x00,
0x00,0x00,0x00,0x00,0x00,0x00,0x00,0x00,0x00,0x00,0x00,0x00,0x00,0x00,0x00,0x00,
0x00,0x00,0x00,0x00,0x00,0x00,0x00,0x00,0x00,0x00,0x00,0x00,0x00,0x00,0x00,0x00,
0x00,0x00,0x00,0x00,0x00,0x00,0x00,0x00,0x00,0x00,0x00,0x00,0x00,0x00,0x00,0x00,
0x00,0x00,0x00,0x00,0x00,0x00,0x00,0x00,0x43,0x00,0x00,0x00,0x00,0x00,0x00,0x00,
0x00,0x00,0x00,0x00,0x00,0x00,0x00,0x00,0x00,0x00,0x00,0x00,0x00,0x00,0x00,0x00,
0x00,0x00,0x00,0x00,0x00,0x00,0x00,0x00,0x43,0x00,0x00,0x00,0x00,0x00,0x00,0x00,
0x00,0x00,0x00,0x00,0x00,0x00,0x00,0x00,0x00,0x00,0x00,0x00,0x00,0x00,0x00,0x00,
0x00,0x00,0x00,0x00,0x00,0x00,0x00,0x00,0x43,0x00,0x00,0x00,0x00,0x00,0x00,0x00,
0x00,0x00,0x00,0x00,0x00,0x00,0x00,0x00,0x00,0x00,0x00,0x00,0x00,0x00,0x00,0x00,
0x00,0x00,0x00,0x00,0x00,0x00,0x00,0x00,0x43,0x00,0x00,0x00,0x00,0x00,0x00,0x00,
0x00,0x00,0x00,0x00,0x00,0x00,0x00,0x00,0x00,0x00,0x00,0x00,0x00,0x00,0x00,0x00,
0x00,0x00,0x00,0x00,0x00,0x00,0x00,0x00,0x43,0x00,0x00,0x00,0x00,0x00,0x00,0x00,
0x00,0x00,0x00,0x00,0x00,0x00,0x00,0x00,0x00,0x00,0x00,0x00,0x00,0x00,0x00,0x00,
0x00,0x00,0x00,0x00,0x00,0x00,0x00,0x00,0x43,0x00,0x00,0x00,0x00,0x00,0x00,0x00,
0x00,0x00,0x00,0x00,0x00,0x00,0x00,0x00,0x00,0x00,0x00,0x00,0x00,0x00,0x00,0x00,
0x00,0x00,0x00,0x00,0x00,0x00,0x00,0x00,0x43,0x00,0x00,0x00,0x00,0x00,0x00,0x00,
0x00,0x00,0x00,0x00,0x00,0x00,0x00,0x00,0x00,0x00,0x00,0x00,0x00,0x00,0x00,0x00,
0x00,0x00,0x00,0x00,0x00,0x00,0x00,0x00,0x4e,0x95,0x00,0x61,0x00,0x00,0x00,0x00,
0xde,0x86,0x00,0x61,0x00,0x00,0x00,0x00,0x00,0x00,0x00,0x00,0x00,0x00,0x00,0x00,
0x60,0xbf,0x00,0x61,0x00,0x00,0x00,0x00,0xb0,0xbd,0x00,0x61,0x00,0x00,0x00,0x00,
0x60,0x9d,0x00,0x61,0x00,0x00,0x00,0x00,0x60,0x9d,0x00,0x61,0x00,0x00,0x00,0x00,
0x60,0x9d,0x00,0x61,0x00,0x00,0x00,0x00,0x60,0x9d,0x00,0x61,0x00,0x00,0x00,0x00,
0x60,0x9d,0x00,0x61,0x00,0x00,0x00,0x00,0x60,0x9d,0x00,0x61,0x00,0x00,0x00,0x00,
0x60,0x9d,0x00,0x61,0x00,0x00,0x00,0x00,0x60,0x9d,0x00,0x61,0x00,0x00,0x00,0x00,
0x60,0x9d,0x00,0x61,0x00,0x00,0x00,0x00,0xff,0xff,0xff,0xff,0xff,0xff,0xff,0xff,
0xff,0xff,0xff,0xff,0xff,0xff,0x00,0x00,0x01,0x00,0x41,0x53,0x43,0x49,0x49,0x00,
0x00,0x00,0x00,0x00,0x00,0x00,0x00,0x00,0x00,0x00,0x00,0x00,0x00,0x00,0x00,0x00,
0x00,0x00,0x00,0x00,0x00,0x00,0x00,0x00,0x00,0x00,0x41,0x53,0x43,0x49,0x49,0x00,
0x00,0x00,0x00,0x00,0x00,0x00,0x00,0x00,0x00,0x00,0x00,0x00,0x00,0x00,0x00,0x00,
0x00,0x00,0x00,0x00,0x00,0x00,0x00,0x00,0x00,0x00,0x00,0x00,0x00,0x00,0x00,0x00,
0x55,0xa0,0xfc,0x01,0x00,0x00,0x00,0x00,0x00,0xe1,0x00,0x61,0x00,0x00,0x00,0x00,
0x00,0xe8,0x03,0x61,0x00,0x00,0x00,0x00,0x00,0xe1,0x00,0x61,0x00,0x00,0x00,0x00,
0x01,0x00,0x00,0x00,0x00,0x00,0x00,0x00,0x88,0xc4,0x00,0x61,0x00,0x00,0x00,0x00,
0xa8,0xc7,0x00,0x61,0x00,0x00,0x00,0x00,0xff,0x7f,0x00,0x00,0x20,0x00,0x00,0x00,
0xff,0xff,0xff,0xff,0xff,0xff,0xef,0x7f,0x00,0x00,0x00,0x00,0x00,0x00,0xf8,0x3f,
0x61,0x43,0x6f,0x63,0xa7,0x87,0xd2,0x3f,0xb3,0xc8,0x60,0x8b,0x28,0x8a,0xc6,0x3f,
0xfb,0x79,0x9f,0x50,0x13,0x44,0xd3,0x3f,0x00,0x00,0x00,0x00,0x00,0x00,0xf0,0x3f,
0x00,0x00,0x00,0x00,0x00,0x00,0x24,0x40,0x00,0x00,0x00,0x00,0x00,0x00,0x1c,0x40,
0x00,0x00,0x00,0x00,0x00,0x00,0x14,0x40,0x00,0x00,0x00,0x00,0x00,0x00,0xe0,0x3f,
0x00,0x00,0x80,0x41,0x00,0x00,0x00,0x3f,0x88,0xc4,0x00,0x61,0x00,0x00,0x00,0x00,
